enrollee_id,target
16548,0.9346317372275857
12036,0.4459100665416975
11061,0.6756492997762741
5032,0.37528116867377387
17599,0.17785595530803203
19314,0.4108150664530038
12365,0.6629686809633722
22696,0.4456333446002394
16083,0.29701865552594325
33240,0.4392000130318417
813,0.32784806797102095
1362,0.3440500332312951
3821,0.46004779454366207
26316,0.6274867883238342
29269,0.4234050242394261
22524,0.4051448467183646
30407,0.42648168768597444
863,0.3208290007216642
27743,0.41514893774172473
29303,0.3947910277822199
1019,0.4440646767614325
8819,0.4119368834191839
5397,0.4857307658616744
14697,0.2611305665283097
10407,0.49427780404024235
19224,0.4226417472294538
735,0.3471496507718187
14106,0.7446654594153777
858,0.4239056128472391
9061,0.41243787680659655
12775,0.3290996962145275
7964,0.41647061023540083
30781,0.32492698621997596
29346,0.544568921392203
17991,0.4741234094180924
15768,0.4598474804895083
15378,0.3865658555550942
27248,0.27001767100917956
5931,0.30533935419364483
11897,0.3234239550149273
10606,0.2986159253174509
28368,0.4664451667734929
11081,0.2425663480776974
19611,0.4029366508721183
1283,0.5043110775213776
18590,0.28400143538510747
2076,0.2941365066023215
19130,0.3460101130241072
29874,0.3824702850253572
16387,0.258730155279583
22536,0.35439948957413525
30268,0.6024039240105907
23258,0.4273419114371696
14201,0.544564462294135
10551,0.4153532187375608
28787,0.3879269190554493
23340,0.7174154441784955
26020,0.3866732665444966
22989,0.33009209825682234
14594,0.35157679563702776
10127,0.5180010785822362
18684,0.4021187608612571
20163,0.343171684855053
997,0.4724715031395663
32505,0.7289084206941829
28948,0.37081948798028846
19793,0.48401261232493614
22487,0.5601621293638984
28765,0.3615841691353747
28078,0.511237153559627
3780,0.36914702444296826
15396,0.5333559217698849
31167,0.42108299762651114
8834,0.542627565148888
12051,0.2613878188702444
29453,0.7319308925692843
4305,0.3666123019155196
28298,0.5505933242500816
33189,0.46137184232191114
6611,0.21804481853135557
4763,0.5593759447204475
11459,0.4083660191945026
4870,0.34632908861997347
12630,0.4982210186959997
29618,0.2430648329433674
30033,0.4228034737254548
25404,0.4362464895086203
5522,0.5028869709089039
13026,0.5174312690676879
14788,0.4694711549716255
8450,0.5768584934329013
15425,0.33501301681460555
17221,0.7807161351625675
32535,0.5880308125807343
3356,0.38391696894369604
6938,0.433223256692791
25715,0.40746729361354034
25064,0.2618885976833241
29805,0.36145270092765
20608,0.6833134775357149
32283,0.3971775024051564
17793,0.5071802655334767
1525,0.5136250054753251
3579,0.6295616872405214
1704,0.2946933999504688
16657,0.6208229919528944
21066,0.5320713691551271
32817,0.3338715164577271
24938,0.48187423796221157
2837,0.7023016125225628
1157,0.2662012280247475
33154,0.6979809101029992
27434,0.4945008384544435
15056,0.38477675079818824
2555,0.4552429450034754
19701,0.23989582698934064
25529,0.31736256698473486
17070,0.5265858843302618
26053,0.31793803857284664
30684,0.2804530046246666
2815,0.5056095094136502
31291,0.20893840975004788
26903,0.49087837158137987
32889,0.5628415474390659
20873,0.3531364242790124
27921,0.4997370270302607
16150,0.34253307897478846
31345,0.4026292495118994
13375,0.35242761056877553
12369,0.6186144527710594
30180,0.3750842887264666
33355,0.29039760474359905
2417,0.3652204794006142
30481,0.4517001094929324
5540,0.4917386664717123
32713,0.3095323978357865
263,0.8597922767706879
20373,0.6229323388912837
4991,0.5134989920178092
24045,0.5417615576688044
17697,0.46341033762253037
30866,0.421545791568363
12996,0.5061253588591706
25973,0.1051429445018695
18035,0.6707156994830158
8980,0.4111220530842949
6515,0.7291409413295784
24754,0.4047245994920775
3901,0.4088939157738784
8499,0.6302154209811358
6139,0.2872493281140447
31696,0.34223788480749057
24611,0.37017722154481375
18882,0.32580859225896186
11713,0.7562818399293055
7027,0.541911345425505
23513,0.40140869528153217
3013,0.46469000812448263
11584,0.5886728049753758
24451,0.5400523121880627
17738,0.671940025073401
30028,0.6493194848667005
9366,0.6475775931512988
25896,0.43467653066111844
29281,0.5492132004268793
31222,0.4596223774257949
11790,0.49680523477096805
15533,0.6731033456287444
10055,0.6003016327191897
32053,0.6391502981431143
9977,0.5320414890450202
30111,0.499216791133325
20140,0.5317318186898905
24780,0.42848946507340324
33097,0.3907528004302411
1312,0.4159119234739234
8694,0.17602818908360288
14127,0.43251253950840773
29904,0.5004049417040788
29099,0.3036731035465801
18616,0.2668915330357036
31040,0.8085279784993408
28643,0.48923940559716295
7132,0.5357705894386037
30579,0.29193274300429245
19419,0.45234534248487174
7835,0.2458013750834147
11957,0.5274350263361676
20303,0.4223617548933571
20120,0.37323555514764106
24434,0.5038519818199914
25972,0.26224756693284423
10442,0.48693239981836606
24285,0.7202251410040948
8925,0.5509289394306934
26227,0.5049362443985443
15960,0.36116007967950503
28482,0.5861546860522097
23555,0.3962899089350453
10319,0.4538462835822376
9717,0.5253694155809121
24606,0.7878918505637836
4545,0.4978126068850445
30371,0.563947020186556
10309,0.40918001272571763
11076,0.2623155744031625
14411,0.8412003579829281
18403,0.3232588141047585
30763,0.6521944772893967
10772,0.3139335981702899
10597,0.2731828485832723
6940,0.3991305763460139
14149,0.783294179264582
30682,0.4225254424649425
33089,0.3858914885804039
28300,0.5047058256804993
28024,0.3812943962870493
15923,0.4940906125252665
23021,0.1131561795169723
9271,0.5969218099996135
24649,0.506981566389643
25717,0.5753383264584728
21247,0.48730169436058723
2302,0.1902134293954791
32609,0.45421038206310965
27506,0.4064437809977378
30403,0.6221251803224048
6612,0.4690711352773903
14011,0.48648435935072387
22398,0.3216310626044494
13659,0.45079815664822637
7087,0.3597999076366874
33044,0.41056927449126324
29659,0.5587808192997874
23199,0.42363480295064415
1093,0.4306728240657002
12165,0.36337063851241413
27636,0.22659209162575816
11850,0.7024031348617322
1929,0.3595569042440285
31747,0.7309193059353387
29506,0.48970528056284185
10320,0.3919454887929872
4209,0.3803066755788895
28190,0.3549076224286503
26665,0.6385009121745002
13817,0.5265761689585692
2899,0.8058852436029427
8530,0.5493186043511753
28742,0.4544231431677335
4944,0.5130113545366899
16458,0.8162293289186588
23632,0.6070830183156983
7422,0.6204985562033565
14564,0.3559197913358133
18967,0.4809237188830195
12862,0.5602807678717531
18021,0.49612116608070056
27748,0.48241754604966963
1683,0.45036425061226537
13043,0.5090182617229955
274,0.4096419788372905
30001,0.3223567630883767
19300,0.6895429731498208
25154,0.5732153611582355
1387,0.38226721984404866
6261,0.4400895301637767
22427,0.6070945851294702
1348,0.4218159780831224
23959,0.5092508959081713
24455,0.3866760582660259
6441,0.6766445162393654
13576,0.3906366824190742
21421,0.3910355100603591
18542,0.3821899931149283
2303,0.4354608149699632
4541,0.4465729096568584
22275,0.34819898454036946
14004,0.5747885648850942
2246,0.3267245221996813
23304,0.6526275389979374
28181,0.5276308297695714
28971,0.5554414070388748
10488,0.7066726323248891
23594,0.49798264496951794
25132,0.27185169504648826
11381,0.4916337935557666
8885,0.3742344958063517
23577,0.3013078058957736
26207,0.42403666736801754
11901,0.5253694155809121
27544,0.5241131883184434
30808,0.1952883571760702
4629,0.4627064526824939
8110,0.2695048724427099
28621,0.5601078298738286
30647,0.3564183158197246
8427,0.2792650845296468
14577,0.4987216213693461
28792,0.6814620149714004
17562,0.42547759960866016
22218,0.7239568798932157
4942,0.5950708178744379
29970,0.4151017005644941
5829,0.5718933789707398
4243,0.3100419095451714
7600,0.3146165445954375
16780,0.3088084205871676
4979,0.36779653296720427
4473,0.6407265697711538
13871,0.3838705839524151
5314,0.553949222163074
20327,0.5076919231493022
29210,0.5047685116824099
10237,0.38061969571161985
26825,0.5005223753460508
32970,0.42410355209656336
13250,0.7941704865591148
7381,0.5546894166996691
30473,0.6176545794549614
9636,0.39196780784588764
31683,0.557950386466876
19525,0.754530856781786
31584,0.3946167359110516
18901,0.6034197298718607
340,0.18218677142795245
28881,0.7184006653970005
29003,0.37555856655557285
23445,0.748518380954836
19486,0.5202922457119624
26531,0.6552651776766489
15476,0.474668442472749
8078,0.38823110574472597
9731,0.5666619916631436
5959,0.655110114296554
10208,0.35730035540222727
11322,0.40062109469869406
1118,0.35155431305571055
15482,0.48740378737146367
14191,0.6044197044334727
31824,0.260837010340066
9215,0.8110352142189874
17787,0.33072016677062394
18472,0.6746276832139717
1142,0.20203319110602408
26038,0.4833741948730767
31976,0.43416931554494165
17174,0.27780765669712265
819,0.4922004187432482
3189,0.3067929071246188
4734,0.5276041690850912
20936,0.5409697289653372
10966,0.5944160908610301
21084,0.3978950631054033
3171,0.43326975607830026
2483,0.6176594124163224
14282,0.41052042709556996
5863,0.6251660893995757
32830,0.7204638162559122
3333,0.4114485561787974
16152,0.4592127265017703
9535,0.5385086378004875
20776,0.41548432980745575
33351,0.5056836732701828
19444,0.6839937482793417
15447,0.36766242541853367
17912,0.43647090689875084
11109,0.3863087741190601
21309,0.5836468979857983
29469,0.4737059699535072
3648,0.292167834752912
11115,0.3801636657502768
14807,0.44637515023336816
18390,0.4728287143951129
27682,0.4173614756791308
25516,0.46102521179388817
27042,0.4209278416886457
9707,0.669958963137349
4098,0.524252859532784
16288,0.2929178136795315
29114,0.43372006569891225
920,0.43768937299057586
7015,0.35388793386862916
32618,0.45653977955124925
23029,0.5566005978560087
1273,0.6685290554808538
1154,0.5337773481662903
3382,0.4260097765279807
22533,0.5814739172442186
16613,0.2975307852911305
10591,0.5805203152650473
11702,0.7083878665594348
25036,0.4603178891969889
25908,0.41916552526372886
9328,0.44555399448572736
18570,0.4214727287313292
16377,0.2638080679667289
1918,0.8058820211685159
5016,0.5057062098420485
6799,0.4243592364536235
27432,0.6266843721014449
5084,0.5285088525906723
28274,0.37036501105316333
32752,0.41858648647158314
3515,0.350585757728615
23754,0.7880904550320823
1062,0.43546135223334426
25454,0.2832044304228929
9996,0.3955338291634693
6373,0.31712111253333203
31597,0.4074626956065805
27118,0.39936315535700434
17264,0.2535841627849936
13980,0.670912407625875
10147,0.4858215900594012
25488,0.31702646517643396
32686,0.7101540697072062
1493,0.5028854717490003
1843,0.4196227686252932
13780,0.6356164596280411
31797,0.7220091117630723
18719,0.6338870777977409
22422,0.409256186357895
22859,0.4142989597442662
7547,0.5683392336222047
11759,0.3567483240513545
7582,0.5110012594358806
267,0.5078912805272341
11913,0.4142708641944083
7978,0.6780534543982144
27768,0.3441156379397308
27267,0.354825590829605
11095,0.2738950142640576
8372,0.36977391419515654
5984,0.42326314660767594
30724,0.6209578466640485
12535,0.3385709994831858
7622,0.3034733769431274
26753,0.455689830613006
9790,0.4980155762013062
16515,0.6705694295296363
8569,0.6860797464515596
7400,0.4905018235144537
1245,0.3283828379081086
18336,0.37649211797444915
24528,0.5546787650236339
1382,0.6134179634677829
24352,0.3184962912344052
32543,0.30662737095212966
17036,0.6032226457132285
18120,0.5334660407818343
22560,0.6169347432824948
704,0.22221985815576908
33324,0.7282838270057171
4329,0.548610305514271
21971,0.4538348872936079
8995,0.6375014876085934
23607,0.40047354203193253
32701,0.32220266755929117
6962,0.5226112317496892
8127,0.24729641767160312
22658,0.37295447260733033
18934,0.4338667589838081
29583,0.39551124910993196
4796,0.38019115565048994
6116,0.2577375441785456
24703,0.37804681052385625
23219,0.5042877202612965
22799,0.2568324312932684
33160,0.3102624855148819
18986,0.45683443259266204
21327,0.6983731046391195
13680,0.36632142155663994
21825,0.4608896543399846
2721,0.500478237713198
18425,0.6598847957715399
15408,0.509205189660173
18326,0.8253519297672226
10658,0.7642857861097024
7070,0.20514050516226293
20876,0.5245812091147459
21114,0.6745089208134272
8472,0.42301447501595424
31563,0.5207721850169764
28846,0.3421023022435176
23053,0.3722279891091952
32028,0.5549212697079758
29784,0.6115096468923179
16997,0.40911470266931044
18355,0.7079867625949818
30847,0.3982041850625261
13841,0.4914187739679571
18197,0.35840263582730636
28060,0.3802333989997987
16197,0.5992964306200692
3471,0.3885253540228512
20009,0.3802966111152701
16602,0.36974796939170257
26534,0.46486262355419977
26089,0.32873580636041183
12502,0.3440343606074023
15073,0.6268588736900205
25259,0.5700957995445659
32479,0.5330012321086063
3963,0.40441547463889727
18314,0.488222823150374
3736,0.4356836162212409
23637,0.6394332647141788
32876,0.3874836833623316
25338,0.3690592934449306
26816,0.6644008331010811
10071,0.4439481919402882
14710,0.4627113369556394
15111,0.4219245858457604
6487,0.68097311907479
839,0.6224347922505804
14595,0.7108024340500437
23338,0.5902346419898881
793,0.43383424374186275
7619,0.5814439317081642
5086,0.32000556740506114
26231,0.4017450090520436
15727,0.4277885796835223
30631,0.42353102850931906
28466,0.4078993896219389
14801,0.3953308899036151
10950,0.39249526748030267
22709,0.3807072705138441
22876,0.3699630277496313
2343,0.4523641243868758
24009,0.7448449748509832
33140,0.6186303531541467
29717,0.38292632891841266
27130,0.6401310687758629
23368,0.7822727142717893
12526,0.49901144467039993
25760,0.5137712539323699
206,0.4864965182179436
6237,0.39345817891851625
29192,0.43698313729104127
8922,0.4799995021454303
19322,0.45505558568771304
23059,0.42104865848953854
10925,0.32625083302323526
7902,0.504844270698619
23776,0.3773836736817245
8019,0.2736631020201991
24822,0.3304594862187096
21213,0.31972986436636497
6661,0.45772176039381235
20119,0.6206121729206987
4544,0.32099758378162796
19490,0.6143508190908017
14176,0.602036117055812
18931,0.26764333047249517
22804,0.7253914766624556
14116,0.4655987975277601
260,0.5792412205503276
14057,0.4316792547265843
15512,0.7404985430084141
25751,0.3526513093863309
10837,0.37556294967496706
18591,0.38833722453719427
20682,0.6798400053820578
9041,0.7242191008131718
21208,0.49933497813016003
19564,0.377544934586656
9228,0.4526645301887845
20175,0.5794126267564642
25702,0.5169973456549307
31835,0.7184691435797697
1546,0.4811656585835124
24412,0.4355777774361494
26171,0.29901525605786644
28167,0.25687145175588333
5291,0.3453959836115725
3101,0.40347300222635735
19558,0.3338718301106947
23605,0.45402557766555385
13407,0.2685961031415664
6239,0.2201630051762357
5612,0.40390649807993056
4471,0.4396252386587262
27496,0.28085627815406744
17138,0.5341090724666925
1624,0.3535519793148283
6916,0.38598089980274475
15057,0.269245455080003
10203,0.7328809522502293
2250,0.4553425082015253
20360,0.7517968953155718
11057,0.426962973438435
25313,0.3828372671641888
10932,0.6710114775226688
9493,0.2917677028938164
21771,0.5131985341751844
14028,0.28639606526023553
9204,0.3853740736853583
4185,0.38529760140226
25606,0.40657872200516354
16076,0.5084546512735868
23791,0.6431689778607773
13760,0.6089243108917859
1960,0.6029886660815913
26095,0.37085758607793134
33117,0.28190838759258596
6386,0.6597010508499458
2453,0.582818690343965
24851,0.42604760096334393
12998,0.40223713166830344
30429,0.44064324819020473
807,0.23236873202839922
6743,0.3843380729279966
19514,0.7026336838615396
14829,0.8462383100677701
14480,0.5979283936465605
3943,0.7837470920847284
1983,0.799559040985182
28766,0.305152374944764
6591,0.3630482495116916
15963,0.46039753797243255
19921,0.4357634693317337
3395,0.775560240008331
902,0.29226773136390904
3553,0.3917386873416074
5283,0.4822928867098872
28842,0.5245074929183738
603,0.5088303190786132
4671,0.754705855558962
16661,0.4313711582194275
24803,0.4743807097347654
17449,0.2958465512641996
23709,0.2806174023631256
7123,0.46610644476320484
12569,0.37203673689470484
21568,0.38280740923121853
24889,0.5964902186738816
13958,0.2601544617702213
5663,0.5237643169769222
31319,0.36887293455182457
32844,0.380432566753486
15909,0.5183714162980422
1447,0.43296363865258153
17578,0.6058749399095933
21302,0.6141028707624534
26283,0.4851913423410216
32418,0.4914313603829005
1168,0.500659122946717
15284,0.3704502767114536
19018,0.5044915354095297
32809,0.6751867098826979
17198,0.4614962196813054
13139,0.6200233621757989
6741,0.42873669694997385
21445,0.7242737448596817
16987,0.4217728080974977
28244,0.39948169568850905
42,0.5455003314907083
11860,0.4071228261975485
14782,0.4282412250104356
16619,0.37860093233610187
17597,0.1730534311633415
7459,0.5630311700381321
2765,0.2993282831178202
23977,0.6197304349238061
26743,0.6138901694923501
13704,0.44672303362335675
17856,0.5831202823127183
6767,0.5513085762213616
4551,0.41698727072033154
5578,0.5372970662270052
31405,0.5277249327861093
21113,0.5076561212340021
32067,0.7113985696190243
4253,0.3930807483097966
13087,0.419423596720464
32759,0.5014122369414774
6368,0.4237635020240238
28849,0.3438533178077374
32590,0.7615655786807937
23442,0.520552911274662
10149,0.4852345140897967
11792,0.2726092620640026
10201,0.37299751162366523
31963,0.4929762022639729
10139,0.4860198089461721
19046,0.4783678616103433
22109,0.5702048142238587
3207,0.33818571602516967
19203,0.5786098246367638
14733,0.31048401636372686
2606,0.6893930494126481
24469,0.6036682178509211
22081,0.4909922899050529
32432,0.4493932528905912
5456,0.34794917532746283
27127,0.47880955767206096
16724,0.41714893410737763
3110,0.19330618625216636
19065,0.3451624277226161
21138,0.19329100171617336
10816,0.5646443832709452
7046,0.4107664327405186
7567,0.4261658052444601
12954,0.3427201622736881
14223,0.4026710479922749
10034,0.2940467782956295
28269,0.3675314171821576
32547,0.4799554327305471
18948,0.7364797839208325
28353,0.6517007519737265
17253,0.40744077599471384
7172,0.36097159170237314
23477,0.35880333629034716
30844,0.49484752651484715
20713,0.7735924270575778
2390,0.30913381657581823
22464,0.7668014783090129
18588,0.43715911406997515
2166,0.336892995655507
32474,0.4672970790802382
8923,0.37472276994640863
9252,0.8322416623903821
32016,0.26296854844531864
32744,0.5510311886152743
4756,0.3245876346131745
6383,0.6118037417398959
30426,0.7661426322031187
10086,0.547218087417548
6258,0.42334136334097944
4646,0.70172949112217
11051,0.3903375459325073
1652,0.7957513856842805
20963,0.7002990789394394
12820,0.43388103620830243
8413,0.5205572273469407
23866,0.24990185663407027
9072,0.25158630493297574
8103,0.21580264737825158
16084,0.742808218129711
7592,0.5533132362915673
5563,0.5357388356374596
30820,0.4849588952148491
12723,0.4106046512127329
31820,0.7526192634597195
25244,0.4138470452971794
13148,0.5038236614777033
4845,0.6678764384667999
26409,0.601792000302319
158,0.6153376972651313
32041,0.590928182719082
6600,0.3168143916442464
27930,0.5576771117206876
20867,0.4958772198838565
4429,0.7409676816216085
19340,0.47549963076706936
15522,0.41682705633891337
29954,0.7536840985665282
9377,0.31801556819429716
2812,0.4567539007002164
21714,0.2501164656226678
12010,0.434607774653723
618,0.3995673597379502
18418,0.39434395762609586
20058,0.42916633668459825
9545,0.3322117333220236
17361,0.32316673140953095
33024,0.32253004316182654
31154,0.4515860463608107
26258,0.531504381773589
23460,0.5277667860110608
30985,0.8992844235314802
28872,0.551360947442713
19324,0.3490420689529855
3282,0.34629314575076375
28158,0.5294697647740212
26943,0.3944003252735446
23816,0.43286980947898973
6929,0.5898941970838495
30746,0.7163063257495386
28487,0.6509778370510718
29963,0.5786339794540739
17181,0.508973005662343
1541,0.5019681431910802
7220,0.5422029653582013
27396,0.2192792162681119
26469,0.3832404341153158
14220,0.3238011587182722
6150,0.4964789182933284
4737,0.5321532393048647
13032,0.3440714993324282
10334,0.3964480248093877
17450,0.7517546764774815
26807,0.40485874903773994
24578,0.5876213145766028
29158,0.4408863322328521
12916,0.49107018609703645
18490,0.29221441428480116
12734,0.6492922073303764
21988,0.3939780092941782
20638,0.702193600826979
30320,0.41502165241534644
9617,0.3922244242298265
7171,0.4411947027888718
23542,0.7016434097602171
23588,0.6290758588039621
16785,0.5116966827620045
18534,0.39959048123260177
4407,0.7581151495032081
6375,0.3907282158874316
8740,0.3362502056394294
8444,0.4479195426100546
26369,0.4824554532278985
11358,0.4371049521549702
14671,0.3124885317310757
24082,0.6770165800363015
4850,0.5757520753532152
23986,0.8084031375974723
16237,0.6256925995121209
20355,0.681435493445485
2298,0.33012335062861287
5639,0.25522732049647956
11520,0.3438824385581383
17545,0.34779583598443414
11974,0.677672245846715
31876,0.3243774774604329
1839,0.47490449119122674
2592,0.3707158384807101
20428,0.5566759107963751
32316,0.24553066472350335
1800,0.6554967889781667
23928,0.6387370600098188
1204,0.523180334186754
26470,0.4674674740714223
31895,0.6170894485971251
7444,0.5594667018589566
20545,0.30862532810671606
8289,0.37535900170387093
20851,0.5025810948487013
27338,0.8381042574563353
29539,0.4502271859356411
38,0.4954104926097784
32860,0.2127192885452657
29931,0.4742520325467207
5977,0.5165793445555146
19557,0.6714704439710426
26883,0.29680664083426433
25551,0.25644336562401326
25859,0.5454876299394733
17576,0.4030115245896456
26980,0.38917954972334806
3583,0.381278641403492
25146,0.43723570791865196
5361,0.5895478860020499
1989,0.6249580920206902
7692,0.6915862582400586
19992,0.46831512223966626
18074,0.3955561894241834
4641,0.3593775139676705
10143,0.474425351957122
4208,0.4871391253933501
623,0.4955612031727048
13738,0.43304582990030027
10877,0.3468379674535316
25816,0.6471213964233757
12199,0.3723709140476628
1006,0.803350764492735
30593,0.3381229761928628
1197,0.4579720104601824
15304,0.40537563597009596
5345,0.30029689279951227
9198,0.3377373174161959
22510,0.6540768484173117
24791,0.41944199806945764
32943,0.3574688334769074
27348,0.5222160759465568
7401,0.4731049102151322
18004,0.5253381786830326
26893,0.2746998596797378
20279,0.5785551084026662
18610,0.4044489273015575
27495,0.48513643804103795
27067,0.7821176522431674
12293,0.41004118201237666
20088,0.44415102453148614
22020,0.670898752919682
27634,0.5402392838431738
30565,0.5674266046665268
6805,0.3075739714956336
20722,0.48214123943034326
6041,0.48603352890521584
3270,0.5040361472567183
25703,0.45294229673271513
17603,0.48907378910626287
25390,0.7249567057013008
15397,0.27343936265090435
4561,0.5483361401548441
5177,0.522092436413472
24847,0.671054685476116
1310,0.41590889230973555
28422,0.41323985701829613
10389,0.39534760917698986
27294,0.3588317229517107
33322,0.365230686146071
22179,0.6917565442707587
7947,0.3617915147752369
25122,0.32660744631625593
11767,0.5057381590539987
192,0.4780318329277332
11896,0.5298728396931527
14666,0.8653924082192348
17171,0.2790764898781973
677,0.3928659414843209
3305,0.3000903530950363
13566,0.7718027608367072
17219,0.8771765078381503
26865,0.36550284180494447
14067,0.40205358832494065
2023,0.6555127735653341
14852,0.32774223093381344
11559,0.41597128228461605
17563,0.3340894200718403
13057,0.5091527360121959
7284,0.3490883160139885
14155,0.6071152962488858
8660,0.4161773714075608
29077,0.4008505494472196
18612,0.37602514822168775
22707,0.3383018440553665
5048,0.2874834463243546
18987,0.7941525921763338
4248,0.47279638154600606
30148,0.5228259084382386
5234,0.5466954614221389
14397,0.4885562824357533
27754,0.4558809665298978
24401,0.4137379064222486
30529,0.3254893622086584
18156,0.404707383149431
2657,0.2898742578795408
24550,0.44140147896148074
7223,0.6005017697991638
11451,0.3753322965137749
24287,0.5401158862336989
13578,0.4771764105188573
22628,0.3655812192753917
14362,0.4757731412886089
21901,0.4622405128807036
8823,0.53193242371655
1514,0.5490244429873186
30104,0.3280777709363844
8300,0.35129572856490393
23793,0.3485151770536472
6759,0.23416525634404542
25671,0.3844502504338069
26722,0.770760248276657
28592,0.539341125225457
4861,0.6193079269305688
14280,0.43876843180640657
17551,0.3659243983580333
8459,0.4879663382570728
483,0.3670751923976494
28734,0.34193974570692726
13301,0.19574451690074787
24176,0.2964495847399924
9716,0.6372243240338998
19952,0.3316067275141302
29892,0.49328586337249974
13660,0.37109648989050337
22732,0.39013590349993826
15823,0.6219989851741905
26399,0.759180507324443
7652,0.6251904598182766
15488,0.2697231394791054
22426,0.4140001104047627
5025,0.3171320061630425
18036,0.39330570286500793
10342,0.44624239196488785
19501,0.7386228380836497
29194,0.4269967091794748
26297,0.6317878920538829
18046,0.4197252024666558
17007,0.48981671004069827
10508,0.4056051627241483
2320,0.4613851969827978
32359,0.2522922996416916
5033,0.317218474206414
6077,0.4015908005489849
30067,0.5258060584632346
2898,0.2540491618342172
32772,0.6409289057055778
26956,0.3653800062706116
11735,0.5305524231814406
22228,0.6639382794903339
15907,0.35482645236801386
17019,0.3646014277674511
11136,0.20317475676410338
16605,0.3299198916721182
10802,0.39561415231559444
4521,0.6065881460074651
3254,0.29743349169255945
10573,0.33932222566571113
19133,0.3719803118873934
406,0.47627613566093624
11300,0.36581573494389247
4071,0.5523556160149335
5230,0.3935622050194524
6861,0.4026110835103878
2404,0.657258509377678
22691,0.4254557136992727
19458,0.39173081535157134
24693,0.40122774961927127
27243,0.5502381418743746
32379,0.5726346401916806
29768,0.396378891180843
32456,0.5082811624862625
23046,0.3443754832183035
22031,0.3088636346886
11793,0.7160381876318556
29254,0.35084980249013054
26894,0.29241339847128117
1730,0.7178708875699958
4300,0.5419349114376042
26821,0.6336864499704989
24554,0.35136023328498095
30286,0.42730042119240796
1136,0.32566214688451633
20825,0.4452947223224686
17618,0.45308066853313833
10277,0.4585982926624208
27215,0.5119876517151551
7653,0.35731390371760396
29212,0.4626200403058879
21214,0.5747023946626895
12592,0.3739479791444623
9388,0.2743484491651558
23331,0.6362563876877871
28797,0.4839313501777962
29983,0.44282630960434993
20039,0.4749902218518816
29579,0.43343751598682867
13247,0.805975972228808
24648,0.6457045593750487
21653,0.4464977109246985
15168,0.5344775408598083
4790,0.4368986751360343
965,0.36574500539567345
22792,0.3482607190720209
21658,0.7597965526256396
31419,0.49456021447203335
31476,0.41778495412632494
4026,0.06288537435462621
21859,0.3092440247037059
10612,0.6744172044093281
13171,0.3615192638190871
12298,0.39798347788549027
6710,0.3629900466409643
15876,0.27583140587216187
9639,0.38532628341936515
23957,0.4337372887813965
32083,0.34128808376946773
446,0.6795730230511594
771,0.26448786397821605
7486,0.49323135402267815
7575,0.6140837571730592
11626,0.2188864144526026
32670,0.49802505114978735
26784,0.46942086866079363
20217,0.380364726360988
17154,0.33709878916049746
56,0.4119741796700175
14018,0.7801362592824198
25326,0.5300138235642335
31418,0.31066369216131373
16205,0.48233867915846185
5625,0.4406390851592698
20783,0.4200737212147544
19610,0.4174198405025682
18703,0.37096910142264333
1003,0.19488648497869815
31455,0.556428140068081
7820,0.2920410332674652
8598,0.7250744918911868
1377,0.45992785597407015
13475,0.4612084478359386
19093,0.22034051571382188
1256,0.34830918272984185
19271,0.5052748757772505
9799,0.4819027464406262
22679,0.32996295747756793
26828,0.45735386631557384
30479,0.31923845784912397
5235,0.545226813984855
7114,0.5684957765876941
20418,0.6481679447498242
21618,0.193090531578723
9908,0.4666931445074905
1823,0.6806912762092099
30842,0.42697835153647257
12728,0.3623248291308479
1821,0.2638790685004787
15155,0.29934402975971564
18812,0.7307962182371449
22380,0.43655916602249817
8686,0.5002471968057629
24043,0.6467731356523374
19944,0.2061653424281454
26763,0.5418696565323138
30167,0.5807198930140055
3844,0.6043488777273912
33255,0.5398563922550375
14184,0.3781676132678504
18414,0.49178914750737857
3603,0.5844354549444406
26599,0.34518164345634583
23387,0.5867400313525721
11064,0.5863569157083327
17356,0.1819703790287066
377,0.4212621455745998
504,0.5780167166437976
13895,0.4512618629461513
16266,0.6449494663423122
10557,0.6381386168598686
27746,0.4559289077910538
21322,0.6733968668094704
26971,0.46072707971682675
4064,0.3143953927014838
15725,0.30800802778491376
32381,0.4289728730768057
23781,0.188559713201462
31840,0.5263210906672497
17313,0.7991865453834213
26000,0.402358521474428
16393,0.18238364086453684
32194,0.6202819241111938
13565,0.708080884323107
4807,0.6183897052549321
14222,0.2500354514598101
11476,0.4832101199744942
9787,0.4421590259738452
14378,0.7689932487850224
2635,0.28470067458039966
28905,0.30459627517663673
22834,0.5429518783368237
13202,0.45449088082849964
3085,0.4565290040599269
11359,0.5560073061833763
31153,0.556354712672413
12175,0.6541904783553647
14000,0.2553694744126107
29558,0.6058718777133931
984,0.3781731481090387
29474,0.3196258914542501
17933,0.43342254512980244
21779,0.5187108760995776
23196,0.5411261013364378
22678,0.4322443325769525
9178,0.31248401970610323
25331,0.4912187145977569
25013,0.3432231435817286
30555,0.5463699924951836
19505,0.38789373279330336
31772,0.3012800888320548
23619,0.6534744436578093
6086,0.7164402036032534
23321,0.7504110221040728
29831,0.42315744316596066
29452,0.7209237235760042
2673,0.34302245135470927
3730,0.4130408502822138
13280,0.5502116387029435
23413,0.8181345955950157
1736,0.5458655314573463
23060,0.5055995631141517
12209,0.46864987314028034
9076,0.5157106244146744
9966,0.4578689460278179
14181,0.4080824642132563
1548,0.38221617881837616
9095,0.5172163041911207
23105,0.345861944905057
27072,0.5004127332035169
32951,0.7107007018788977
960,0.22752125825579209
30468,0.4607610601502523
22795,0.2857782666985323
6562,0.5632770532859795
30246,0.7230955501367138
5344,0.3051132850141107
17006,0.5941545562284125
823,0.5141421449478468
23162,0.4153659856598569
8494,0.4420335122617994
26512,0.702874792402843
22479,0.5059479920153005
2472,0.2942266092475879
29408,0.3973183202511918
27410,0.424230717659945
28961,0.46476622254153094
28086,0.6710098670344717
23389,0.46990700254172096
13151,0.6494518383194468
13108,0.45299828634684486
17106,0.5175555208346861
1554,0.39208635090075783
30672,0.3644813917403131
29595,0.4969707569903496
8600,0.3121265160625808
23820,0.45636907492543277
1314,0.600594298441061
23999,0.5195562949154652
3875,0.42666462341129685
32733,0.7654143554475811
1560,0.570166407411412
17978,0.2307844616215336
14354,0.44818674468688774
1737,0.3610550650066612
28581,0.3548692645665161
29564,0.670598373506371
20585,0.2073917652640291
24830,0.5209124911300271
24005,0.7136805593416932
32125,0.33330112709238685
11630,0.39858147806865546
33074,0.39587280958432025
788,0.33800508369747934
20561,0.45564910849867435
15640,0.7287470473145753
32318,0.3082391982861495
123,0.41472276772998196
11741,0.2786494520469939
7142,0.31996565738974614
16560,0.6570136853598212
29358,0.4760241495939991
19820,0.38185013154015424
27444,0.4528351499619093
27106,0.5950680272232631
8779,0.40199183661877574
18633,0.37816283088618363
25037,0.4852824046748781
5188,0.37907562344208484
1869,0.5927990076666112
21069,0.5571043365277913
4782,0.3190910113752636
3311,0.35308483740979874
8707,0.3553483600591397
1111,0.6135787207286472
967,0.3917425765616815
32394,0.2273470978263358
21806,0.4559615652009229
13622,0.3289865101583154
31656,0.17601145577798666
28036,0.39275127034025836
15478,0.37595878460555654
4078,0.36516264555373246
13341,0.5586310569748975
23846,0.5100558504874505
13957,0.680045293267378
8522,0.48617820240177434
25970,0.366786222182923
9756,0.25310192037881896
28001,0.45627637837692653
18246,0.5338800213457852
30865,0.6084735794559252
6876,0.364788531454804
13706,0.3080593997367398
7630,0.5085852154169949
26848,0.3207137385192141
1397,0.3437860909285653
14301,0.32610679138205834
12633,0.46640353086853986
29897,0.3151680272585534
5704,0.7260979748796789
5874,0.41248029824758675
29277,0.5116647924278059
8469,0.6957836766270717
10340,0.378388646380626
32322,0.5515637121402746
21219,0.4338777353118777
7906,0.4654102813627351
15240,0.5212697549085694
2360,0.5498940349600671
15455,0.547027698173822
25964,0.3938445166489098
14452,0.3984557731865508
5527,0.6375323081888002
7730,0.3940456185524413
32172,0.6221368118973999
11705,0.517079974479216
12896,0.33340092022388934
24116,0.3911266429745947
12316,0.4133071863014287
23446,0.43196274509463073
13859,0.43076287478456704
7908,0.3157539507969616
22779,0.3653810784209695
11024,0.698663320095419
10424,0.474754280522349
15177,0.5635220988255594
5163,0.48914583716104765
385,0.4888909671704954
24316,0.3697475860117464
19947,0.27406057014464535
7129,0.5144036108539563
23933,0.4073323017399118
13239,0.2977347888125494
9368,0.41212040533370026
29248,0.5709269034266348
21558,0.33443932446486896
8466,0.3212800844831662
5282,0.5879554224027106
28721,0.3720557151585174
17546,0.6363363551978932
5167,0.8102216573776758
19755,0.4318975373672716
18313,0.7227161539327103
16357,0.4219994287046032
8843,0.3177152944634734
4486,0.6974470811314475
21712,0.3058686411683267
31128,0.4553331241122324
9429,0.587164911929465
16153,0.5747549541354671
11106,0.40077339908201143
937,0.4135564721587828
8943,0.7230698581235191
32421,0.43170991386635765
24471,0.41895473719914533
15497,0.40595355838947644
27561,0.4456806756876399
32628,0.538173446182826
24259,0.7545791084086569
25039,0.7355157370018017
2503,0.42624055927866716
31570,0.24174819010159096
28996,0.2828458855637319
23878,0.4568586432318097
5182,0.6657399918845465
24391,0.36975772044081584
13522,0.7056601975261143
31534,0.37102864887107156
33157,0.744679989574574
30611,0.4346611502676013
11388,0.581119631622973
18888,0.39140435982461075
19081,0.41367140839068656
18330,0.6094379710019641
10755,0.4854890724373599
32034,0.30391753900887986
13822,0.292191526717658
3240,0.46648409570396226
16921,0.5014454663195883
14424,0.5565056337430702
18175,0.1715607313116966
11135,0.6028280610887732
13887,0.5162942288117427
9955,0.5045214594659639
3434,0.34662966638456894
4882,0.28849030030505163
20451,0.29902790619664943
24853,0.7954379954290326
14443,0.4932047899595804
6067,0.4044664589627217
32160,0.47471707643752786
32938,0.5227215458182896
28238,0.42205295313562374
14921,0.3778208790443017
23423,0.4644104124232829
29552,0.5620793679441338
9791,0.3057524666229571
6227,0.5334321902071145
14316,0.5448183626296911
6328,0.3676243421386876
5402,0.4744706479256938
21082,0.39857354531395617
12221,0.33782516366071774
1185,0.2776930179876965
32389,0.35245410147711465
8298,0.4006906292687584
26046,0.4923065542903207
13813,0.4684558582649512
27639,0.39337205561919786
9251,0.355433624604382
4226,0.4401837356754797
21713,0.4524369500397121
19342,0.4094968013551504
14426,0.6037579435571321
30833,0.7213461102759291
7776,0.2820740656192893
2732,0.6188778530938854
30174,0.44623548592468426
7393,0.4714765497004866
32597,0.5567694955627588
24804,0.5797305101370546
9696,0.5742774502595643
9091,0.5756827326634812
8423,0.3206005370532235
6713,0.3419460290210805
33103,0.46280121967558874
4125,0.4134076991451311
15371,0.48402986879743837
29381,0.5480655701764182
27134,0.7233996396849282
26385,0.40159939142468504
20032,0.4447537321683817
11743,0.5696722264076249
4945,0.23667385194362545
32499,0.47869320000561605
6809,0.4775588489594164
3954,0.35126710506056963
9621,0.4247615909313087
11524,0.43911994199818305
29228,0.6814006576317221
18422,0.5481007064220813
20781,0.35007408220044756
1574,0.3896580420099053
32687,0.784001045360969
12174,0.4572669689297192
11544,0.3584468182003262
14936,0.5218367963882242
3421,0.7647045416798807
3400,0.5038130916594546
4428,0.56492480473399
17207,0.758261928134759
4228,0.32445893679343824
3165,0.2614356388235032
6921,0.4333380203044419
20860,0.23672821352780268
4519,0.4515978400331398
24712,0.4951333201297495
30310,0.2585143252463394
27905,0.42078081517963595
13468,0.23302171976381117
7530,0.558023492416017
12819,0.7014892132571434
30563,0.3793478779223694
14497,0.6556129984553701
10701,0.43581106485717036
16213,0.44481718699360956
15407,0.5458787015532848
6830,0.2500244488618989
23305,0.24877505960736138
6462,0.6668357946547767
21705,0.37253555420617307
15187,0.4640805393922134
27736,0.41166275732888713
12712,0.28631247307135044
20505,0.28421434015530767
12635,0.3881931422518492
26148,0.5897255713280902
12748,0.6311780697164344
4089,0.5074213780127997
8381,0.6765148200577038
33267,0.4527249603676018
29485,0.6898205213164382
24055,0.6703041036512143
23899,0.40617022843575235
13599,0.5625362445048685
30580,0.5523274963552539
1727,0.4090994800495969
23033,0.3168544926851647
32782,0.6245661527568325
32153,0.45819168893078005
19766,0.339863321040316
661,0.30776472834415736
32994,0.3628471708486673
24249,0.17972104193881352
7954,0.31100028010494996
24784,0.4496667058687823
27181,0.44096025432568153
11405,0.43519636394744204
17746,0.46795140252363226
9601,0.5330592757369997
1213,0.577074421607023
3009,0.35626711419113605
24283,0.4153253315574256
24130,0.7241528139261041
2216,0.3009424503787847
4477,0.5222898180990363
3906,0.43750866104696723
5184,0.5398667323805152
8523,0.4317872388151033
8145,0.45679784798751727
24036,0.5640298123975853
2924,0.15318835740777353
16142,0.44668799317834695
415,0.4663739419008858
1454,0.4992292172246529
26492,0.26888767637097993
21457,0.4498714744966391
4732,0.20188608585564702
17140,0.4308827080712626
20107,0.4616867426323634
26049,0.8374307945760108
32955,0.4818044295861643
29203,0.45713618868367
30931,0.747144990480525
2000,0.40743211314933586
26034,0.5843362630552397
26279,0.3636151636755864
1076,0.34216196023594203
19873,0.8113891678357463
24164,0.34092649016120574
2431,0.38684213795445027
16428,0.7719456891893336
5386,0.5412024306938594
32563,0.3990156269934651
19761,0.43898313441508036
6124,0.48867946261582834
10468,0.7211900268931796
3734,0.28475906618425817
10110,0.37087759465459447
10358,0.5173196474580687
5818,0.32538763777147717
4439,0.4326087327504957
10909,0.33824183297093763
28535,0.4619438665985547
16682,0.636946133255459
3186,0.35480845091415486
10412,0.4916510510677908
5970,0.21581417843147496
21362,0.5974019221995368
2618,0.2832433349106875
917,0.4483713088470778
9212,0.6166857971464141
8322,0.3602910651465786
31376,0.3702451938638523
30364,0.8559471180844238
31003,0.3891956776352819
6998,0.16817429464132289
8674,0.42478971698756124
25427,0.3469163235192804
18247,0.44986717314153124
5658,0.4516095527469369
19034,0.33827999407690923
3226,0.35656605537373726
271,0.4229645802550023
27268,0.31322947466921736
6467,0.3609811564206046
12252,0.5683983223556067
10624,0.4121973681041334
13956,0.4203662738156618
31369,0.3610038771355188
1354,0.47985950282219575
32449,0.4940379085650365
11760,0.33207226508119225
19643,0.4810766631278132
29825,0.5839764624908097
17100,0.3728714652073067
22068,0.5815162895649879
4555,0.40229698373025924
32690,0.4080762887197076
8072,0.4160700287974988
8234,0.34475502902562727
14183,0.5888975453032923
2850,0.19099811813068587
20084,0.4499347532524058
24934,0.4904945376471664
28883,0.514546014424688
4371,0.5153145845367219
10199,0.5191694585086343
31343,0.3295193614125694
4918,0.7152220485993505
24341,0.2925432335563869
29643,0.3858906969265596
18381,0.3773632976259139
5974,0.3361894148289287
19633,0.6666899668726868
12825,0.2225440982456603
5836,0.7045995376228148
24966,0.3906712806786603
7279,0.5518917328630889
31328,0.711271405796727
1618,0.5980220875589716
32104,0.5259241159930437
7555,0.5251671868522326
8432,0.2506692830197139
23874,0.20281302872710072
29299,0.3187197369316341
16093,0.25183291226840193
19661,0.1995470066363695
19310,0.5126268758117533
29612,0.7451300087350881
32936,0.40486525132025325
30387,0.42766284284116984
26486,0.326345578879704
10638,0.7379548107026697
7095,0.4598080993406962
33120,0.48032794453610533
17439,0.5446058252189117
17651,0.5787076821490755
28380,0.3732409383549641
31955,0.33489405416752765
6913,0.33082262540920354
29530,0.4238529975591626
17137,0.5316233507530126
4987,0.4502206335308842
533,0.3169007254140965
20934,0.5849681809715238
26638,0.4097608355039501
2198,0.604329707662787
796,0.3982450340864555
27799,0.27975701152568555
11631,0.4102624631654096
447,0.6980723476633233
2060,0.3900944435560085
18956,0.39671859670918674
17495,0.3829079995345202
342,0.5747861655345472
20904,0.3972037203266501
992,0.3053954599776941
12643,0.3189515739029724
17719,0.3759338512070436
34,0.33937066185077985
5566,0.3949890907076478
4616,0.34219470919763645
13569,0.5593175415724603
7568,0.5762567362244163
29996,0.4272238579279836
32056,0.2258525700274537
14135,0.8387400556481017
9533,0.18415692692018767
16641,0.46178987380981373
28571,0.3105029356874456
1423,0.5452293479219326
13414,0.47399771548254416
151,0.7129885262500583
13732,0.4237389983555961
6749,0.40346883779052206
12351,0.7579242431045441
2929,0.6191303345366229
20125,0.4174447043636763
7267,0.22648359209483554
22606,0.300328181154508
32341,0.7660180113071349
20689,0.39163416798109946
24709,0.4141110689633159
9778,0.5396705159777947
23758,0.440539819330064
28171,0.26925189440755987
14962,0.6229809508259196
8407,0.5051996478843916
25479,0.4565021914635134
32282,0.39656485902030264
15085,0.37132057762321413
27538,0.5815228488130552
561,0.3195746507684114
9682,0.4658573983672506
14715,0.44023950898251163
30038,0.2925119727803752
14115,0.5033253071545182
21443,0.6743627462696395
9654,0.4004379147148276
31409,0.43178517937221006
26501,0.4214550722633014
31197,0.35935622656221683
8419,0.32754133182142064
21011,0.3360451177503458
24888,0.5746555320190637
29404,0.2467805645402488
22241,0.592589922916331
22580,0.4733840252250176
29400,0.28030264492305745
25246,0.29288111155684826
17833,0.5261232391289878
29567,0.4927881363592607
10305,0.6661740552770254
16409,0.6211341344156035
31391,0.7516026744016224
10759,0.22518819597940157
14333,0.4790227083286768
20123,0.5179647751859563
6644,0.4153489890932313
23963,0.554710798396531
25098,0.32162517888525155
5641,0.4830579055956364
31546,0.2876282249757181
1166,0.39990993841614453
7939,0.6312645963132224
31518,0.6599157071153877
12908,0.4069672045074891
30464,0.37740514014469084
32786,0.45886078272310327
21683,0.2924661393616173
19462,0.5907885729956986
30168,0.27434943496803466
30035,0.34370041006172736
19850,0.23029426498395003
30981,0.37472637553695404
1467,0.37815236420695747
28440,0.2889422918105439
9104,0.20207905786750108
7674,0.5291284132754721
23620,0.4421055485211042
24003,0.41744857812295355
15130,0.44189138540316336
10709,0.62852826648733
14896,0.5102854916802201
31715,0.5283171802703494
15227,0.5654208456873041
30505,0.5319801104742486
21622,0.6187503781182052
12399,0.348342304548617
14,0.422378092148909
4203,0.39436251543416756
16527,0.6906263550118965
22986,0.3944379358807111
20792,0.3211616066758112
24384,0.4000948947930544
30853,0.5397618208392861
27734,0.49573640482160186
8679,0.4323469375429737
8351,0.45187309427497396
31853,0.4275019895420632
29446,0.45287454072370315
29162,0.5741641428146086
14410,0.5532766035779012
14120,0.3627075180519267
10041,0.7290263597964389
100,0.439749013284959
6085,0.4705851652474741
4086,0.3581173856051315
32767,0.3983579046845876
1578,0.3982785172938119
27840,0.48882664265360487
25063,0.3703439379618563
17364,0.667409754660531
652,0.5095224478765156
5392,0.2803194532071591
17230,0.39532055161547636
11046,0.5492511841088181
19303,0.41560081689083006
20104,0.5452143493535042
18701,0.39580860188519235
22885,0.42665804905407767
27564,0.4693127487402855
4240,0.38673441050088886
31298,0.3250673552140564
29182,0.4810624251872301
19518,0.436209422434197
14703,0.667444830031283
11567,0.594339075105
20760,0.4077537286017003
29757,0.29310317149904985
12649,0.4071069141341293
30864,0.3522841455154497
14224,0.5548156071848988
13939,0.36415974492629966
30824,0.4435491099313698
2231,0.40435038876936197
7938,0.765572304196084
2925,0.48995468505828055
23493,0.5092741343621473
18767,0.3247384215326332
23530,0.743780492087073
18856,0.19260935543525565
18114,0.31401158251351524
6490,0.7830042713767832
29873,0.6425409821182175
7501,0.5482992420365932
27974,0.4698705036309263
12056,0.22325849191412717
15633,0.20237201880948935
27430,0.27891303357931796
10255,0.4716996483342632
14003,0.5642420118019569
19166,0.43597777055931475
18165,0.4010920770360891
25254,0.7838030135841163
22817,0.3521715236194474
12251,0.4805629624289006
28820,0.6227674261709497
29527,0.5633405216358377
2496,0.5954392356162563
632,0.2742639847082952
32478,0.46264553058325786
27405,0.35416243769607886
31122,0.508714529721567
10360,0.5487580074213098
8212,0.6935481134855808
11013,0.45352912695612996
28088,0.24445621212771207
23762,0.6137137426077982
14038,0.5741587869183796
7438,0.35732942569004483
19955,0.3051571234338078
14427,0.6515422055809106
7230,0.4976049070977496
12445,0.5390143743351745
19524,0.6961649789415618
3973,0.4848167498902201
19585,0.4675224866070774
26340,0.49107745801975694
5849,0.5255356608358444
15677,0.3335801406300044
24579,0.4635305565105417
19876,0.42390267341544713
6794,0.38908449202253464
13358,0.43696368314091155
27305,0.44534996556448997
28192,0.33643917135033896
29977,0.7616229219593108
21531,0.7945543963412415
14064,0.3137773077518626
14403,0.4694354575204901
20199,0.10946751351452512
12553,0.5191741801030388
32819,0.7559509148680555
1848,0.7296049603729562
4160,0.49381198723669867
31514,0.39678312026424273
25650,0.4795250688116096
3392,0.27212452965020695
20944,0.5859682982084251
17335,0.240220728760171
28450,0.46889487901739013
22297,0.29681461107423557
10667,0.35170970192617407
12359,0.3851491918710317
30009,0.45237106448950476
13224,0.4598572627930423
932,0.3692946696418247
20852,0.3270381491410613
15981,0.4882415033992953
18854,0.4899171226188816
18846,0.3633515805364138
8586,0.3794041806900164
862,0.6519229970525511
28773,0.36956099001288234
27076,0.4325484037502881
15877,0.5386543516530535
11869,0.5439585165551637
28366,0.4582293123493512
17111,0.48001104672886225
2782,0.3511603383529519
19746,0.3741183100716969
66,0.566369278955738
33029,0.2300603643467277
27951,0.4407733862759722
30863,0.7061587330275687
27598,0.2879642924260342
33284,0.7912960109140309
24505,0.3333716520199626
6545,0.699690056896249
30966,0.25291815691981073
29511,0.5194883725929124
10155,0.361550436558768
26249,0.523843932424456
29690,0.4199474657339087
1651,0.3596240385684851
27145,0.545696143824988
6271,0.4050490285916858
12570,0.6974504415458652
10185,0.46968657597159086
1130,0.3145239105030634
24757,0.44295790480514496
12632,0.29154369961592075
20362,0.39368932973977583
8061,0.2750672119752053
19723,0.4968521576774877
16725,0.5784184590443414
16071,0.704515901386762
4075,0.7721710995420741
26823,0.5463805506104175
28271,0.454180866109404
30805,0.7180149273424492
194,0.40618469894562265
1876,0.3957495437097593
12891,0.34509204155732515
24044,0.6371766625277411
23148,0.589537223732443
1785,0.7119460932099749
10889,0.35676765209353
29584,0.4930019963046247
7359,0.5395395508678127
30977,0.4663010898569437
8742,0.410042407240178
15293,0.6917347735838695
28551,0.4951426704418395
30458,0.6861853760312556
29513,0.3879631660817625
32270,0.40965076825835073
21951,0.5670453941823786
7620,0.605922860074733
30577,0.5084197714083034
30344,0.47936579511320315
7607,0.5346039943594121
32551,0.49528956555010784
26661,0.4732400628510715
26181,0.44042978099452473
30633,0.4498528825449412
10410,0.5671238539181506
18945,0.45891271234076697
27413,0.42683088615206577
5428,0.35963113815598635
8879,0.42038292584171677
24230,0.651880353471412
13300,0.5406552417433753
2946,0.8371714485804099
26157,0.43738374642490974
16771,0.5794515392293388
15671,0.7233955541355912
32679,0.5877440972788536
20184,0.40686748871728795
3059,0.3265662273650086
21978,0.4164316817585951
3866,0.39772399298361505
19152,0.44239439099731687
6985,0.5301350228084462
30571,0.2811370598430139
23168,0.6123552000671518
23292,0.4443925930934236
25168,0.3856819787443119
338,0.5094575273551093
11307,0.40468724020234154
187,0.6738481038963073
2233,0.7611192524761259
10576,0.5591942780847489
30929,0.7082948132781679
21698,0.44290097918651156
3897,0.5530139013334002
11311,0.49292058571632835
32017,0.36882832150590295
13644,0.4929517751856124
16875,0.4314546727385174
23962,0.40760491352418216
5132,0.6723581299446142
12552,0.48387762155814323
31940,0.39561862073523163
254,0.56095668180615
7426,0.41527850216487006
1040,0.5517705451510287
5994,0.41902057388951863
5715,0.4902396515292333
31254,0.27673444427907345
2995,0.43253724682891875
21844,0.3350744545141489
25609,0.20105946530014854
20245,0.5594858901511425
16864,0.6688870678056132
22731,0.3218934297786141
16299,0.4538080022485395
3677,0.42994871152425945
3001,0.46354014266281807
9006,0.5180637423430366
29092,0.24055578377364015
10680,0.4573763772004804
17075,0.5169897949622573
7411,0.4395954647846008
27864,0.3835609689813185
23614,0.5262285364472521
19614,0.6329482497708079
21745,0.6668291772409269
15525,0.4552665385285577
7644,0.4389575302997122
30629,0.48432966455636595
24093,0.36021713826498303
28323,0.6778783111798224
15685,0.45763359478601245
20893,0.5704831965288946
28529,0.5231398194272444
31892,0.4488548185438249
23870,0.7558116689097265
22780,0.29067084016544725
10830,0.4632893607668095
16541,0.7589838836426791
31025,0.5422912361135602
5739,0.3880972216594222
25258,0.2974726078290217
31961,0.43977923774700367
11616,0.7261289258114891
16714,0.42906864923861915
13789,0.35425161326943555
4573,0.4479126357451588
9688,0.33034729241588145
28862,0.6517198321734877
31746,0.7550939425711274
26759,0.7139366517481391
28094,0.44622715662287477
27158,0.415268506664544
27685,0.40662356424200097
19573,0.6157128361369949
10750,0.4538462835822376
12883,0.5611071895434894
20200,0.4606490185323009
9590,0.46816831775019796
24171,0.6052838556940185
6442,0.38128599149279746
25881,0.7043913312627177
32642,0.18160214547363537
2556,0.4126616646501554
11232,0.425032921189647
17688,0.44303827739464297
19230,0.4926724560831974
9321,0.42236588405545217
9116,0.3911348483697873
32640,0.7747056312142976
16927,0.3510216721377471
4250,0.5054206645597089
24098,0.6715691299221178
14783,0.33917164484328244
3372,0.4020244630739304
20053,0.4622497766280723
10518,0.6302272976600705
28122,0.666586143719391
23438,0.3462835760271201
3427,0.39873596023095303
22157,0.7158491300119043
24080,0.23735940733715247
15859,0.6252891577267099
2062,0.3192305110384022
15330,0.5530250076781933
21565,0.3806687647102453
4774,0.4243900560026183
9492,0.6324201946787699
25278,0.537980916537211
17523,0.3054941255078411
9588,0.5686146626067949
20923,0.37606242056692746
21545,0.7560836129421709
14945,0.5119068020060442
31259,0.5262800621979915
33135,0.3460379121698519
2112,0.5507533073528612
26396,0.6212498345898168
29889,0.5464059042423444
31452,0.6030311922996863
30099,0.41153998478512294
32130,0.3765615761451901
13132,0.5354612688860045
17701,0.4554630849393823
30313,0.5938291915751369
26154,0.5517505831483782
14365,0.7904090522988244
24398,0.4319182543190325
6054,0.44604474306518754
14899,0.4225872535124937
6735,0.2726949327234099
18345,0.6041019249799086
28637,0.5264660907637827
23343,0.8625419242152352
8589,0.23906928158229804
499,0.6225992086979129
5831,0.3762853806852901
4116,0.5067777381479123
969,0.5007911342281166
4249,0.3906914209568948
17397,0.36326468688979785
18717,0.4754638489320754
11629,0.42173396723265677
11093,0.4496267605467497
24014,0.6700788487812958
30040,0.6043871816257906
22213,0.30101746006569513
20821,0.31720023118266866
20812,0.3459182995727782
5069,0.4154917232365769
26937,0.5932770935117864
25555,0.6153100214375737
4230,0.5120532875467735
32019,0.5975232828013629
21949,0.3678847374510936
26511,0.4497859331687335
32052,0.42003719784020677
16075,0.4848734251330971
9701,0.4603161984381287
23506,0.836669775576792
14446,0.5780339174705293
6746,0.5747631675829914
28831,0.4187637144247035
28233,0.3088924598956365
30671,0.22280090512464848
5302,0.6912175784981324
20550,0.41053868807280136
9230,0.5249753859700903
1096,0.6265552280940556
1978,0.6371073204633236
8318,0.6197027206928806
20056,0.5123592541164835
7679,0.7786982156172237
14991,0.5451299688117973
21516,0.42272738313809505
11677,0.35469769490293235
4201,0.5582715705365426
19263,0.5281675226786126
32682,0.5496547678005655
29925,0.5128097194912612
16295,0.49769473551170207
30735,0.5506526209830879
7052,0.3648563032449474
13477,0.576915417996598
33001,0.4290487674753592
3939,0.19814216546033528
12379,0.3912426756091817
21028,0.4958512891526635
7478,0.2479597906608986
19402,0.6855745294350533
25109,0.427363465150764
19278,0.4313948091846288
30317,0.3259133223268688
27536,0.4494481894648162
30389,0.5967879286154241
27045,0.5633819302331666
22819,0.41939226742382124
552,0.4383973471081274
28504,0.34371258122224096
23204,0.3308969362736269
10372,0.4954593776426146
9566,0.4073843131900298
28161,0.601491548361803
15638,0.3852596294134824
18449,0.5099636695634867
30604,0.6085454190954609
25844,0.35552137646959836
131,0.6088002931502613
27686,0.37089228148670855
8178,0.2492693232288505
21402,0.6870819210617722
28179,0.3195486915486802
29944,0.6052931096288078
24016,0.627286208312849
25144,0.3584384517116852
4453,0.27027841684958553
31702,0.3205771481277618
26778,0.7683211725202935
11475,0.6012395102545232
15460,0.2966921502310376
2409,0.2624500517714425
18813,0.5007074060275306
14025,0.33409102879723296
5912,0.6958905473376998
10159,0.5565291439358284
24793,0.5153762307899072
13509,0.3492942855951182
9747,0.44745512519224945
25196,0.43966434484923644
19172,0.4481383792077382
1266,0.4848740993297589
804,0.40121071220093635
32286,0.4144924171399447
11693,0.474047734767582
29008,0.48905783587122026
29098,0.5647249314139394
21532,0.2907967382683461
12285,0.3947511432463944
24565,0.29167407659176975
11511,0.33924749768103174
28337,0.3700807248503964
5144,0.42270918862470164
13736,0.411070208710742
21031,0.6484049188267483
18731,0.47974125513317845
7331,0.666682230174048
26664,0.285496614621909
13771,0.44142504722001474
11691,0.40529076451567775
19167,0.22665577575931553
3642,0.4815727965375139
23752,0.43539844629602603
1146,0.3967393695531308
22181,0.4835634807617489
8949,0.4848167498902201
8046,0.6987832769966165
6597,0.41113982476237715
23589,0.4758281471443149
12375,0.842546436180388
17367,0.587025184136615
12336,0.40117037603345307
1371,0.3171292338928357
2912,0.24688893959584865
13781,0.3411846844790388
15055,0.41701306993876963
20446,0.731473156946471
20885,0.564996760252216
20132,0.2890805040662233
29183,0.40200959971175176
26243,0.20023103000767822
30574,0.35683976826028513
11977,0.25261547284514096
29835,0.7973467840885253
20662,0.19262259322228903
16585,0.2209233442537737
1581,0.6909908599843477
4853,0.8110084154734353
24211,0.3988335180081802
25177,0.38641293884560146
31242,0.7025115840199899
12878,0.3792232105813065
12565,0.47675452840783034
17190,0.6589209838908483
31250,0.4261827303765747
4514,0.5204218425142796
164,0.5172997797702947
16373,0.1628900327130398
33179,0.3326126931766188
20521,0.7069678568980625
10762,0.49668445202443967
18227,0.6855585045309422
7500,0.4675591412832572
2025,0.7410039368257317
23170,0.5748586359245226
13542,0.5043698585278071
8833,0.6407372515502545
7091,0.4137193369980435
32162,0.4845050169428675
11639,0.3315480073834556
3032,0.4668702807792146
15317,0.37211649576589334
9928,0.4489050800103261
724,0.43671671115612115
23796,0.5729119292216315
5938,0.3719167395585582
5424,0.28733317603495123
32200,0.3015129037002047
18181,0.4079266827057897
13623,0.28965518887218883
26861,0.5520152458586969
4241,0.5346560356085247
29937,0.504421015193704
6698,0.36499211012994015
30521,0.4887607085887138
14568,0.7798732176710464
10993,0.5332746826883535
10625,0.3731545348438971
12060,0.5166885174030624
11225,0.40297235163500517
29573,0.7481791830536815
18296,0.48158772774177955
15096,0.7301248143228284
14274,0.43516677741794474
5534,0.4872343044827778
31611,0.4882840839663729
11640,0.7394238735889795
16507,0.3481713242774007
921,0.5386162509023544
31190,0.3411702604587097
29127,0.5252446554059529
22504,0.459806885441579
2964,0.35941862894157134
23494,0.2905555405061969
1052,0.6172815172031879
8643,0.3408420950447715
9121,0.2806637505781944
7888,0.6223244828347823
6878,0.23638219643550126
20275,0.42168593265292564
31318,0.5961001686905003
6673,0.5000494325052093
14170,0.46256394637223147
1203,0.4103549832336496
6674,0.3836432437516833
25318,0.49917103627748804
22039,0.46071492367517414
6224,0.4169581433543504
24180,0.4224376307265133
21518,0.3190263186618539
6720,0.7582968409767592
9608,0.3313363909715444
7317,0.6911114823540291
18697,0.5101041414619423
25203,0.5430667797444656
18868,0.3288835912149068
3964,0.40981719649872167
7654,0.37909097188569413
812,0.6399049036890845
12016,0.5721356466060377
20527,0.4506515844285023
19587,0.760173061759993
14527,0.7249925684805267
7020,0.4159143506761645
16415,0.3487602263212724
14555,0.4487979650696469
5867,0.5204916745186516
31807,0.38450540330299976
9358,0.507750978730551
4676,0.4795872301741191
17483,0.5666249700629977
10584,0.6712710984465469
9702,0.31878393871982674
14941,0.7128627764654614
6585,0.5215382318238385
31622,0.5550019838000254
29902,0.3835210654920062
17592,0.4409481433154103
4350,0.39666538144844393
29147,0.49324725455091556
18415,0.484676957232681
21619,0.23729795803019554
13328,0.6444683671858823
3070,0.49457482586512985
3091,0.5010953069645688
21447,0.8133899398921589
10301,0.2767249947610857
21482,0.7156516965676232
11583,0.38051108049523646
11263,0.47882187007703525
5342,0.3745783188307115
17115,0.5041317377293144
26984,0.4880988650163214
8058,0.3917812447603868
2695,0.2358055075571577
30169,0.4542958215305652
16718,0.39092199741294537
17285,0.324754391784568
15631,0.4033401318493217
12087,0.450830809456327
28509,0.6519946462058529
21735,0.3307859478658036
9792,0.4417796558467053
1984,0.6335597656931029
8921,0.6422143947291625
9551,0.45746579414145955
18748,0.5641774474379123
21530,0.44585695174293566
479,0.434651766780234
5738,0.249583798704713
28927,0.23854100122647934
5093,0.5705495078016587
27581,0.40037253994146954
23740,0.3384806151289057
27976,0.3589283903706415
28316,0.18913189262777455
15427,0.2989336981787642
28794,0.37287589169630153
11981,0.46328609008669297
19909,0.4628500014972257
30698,0.8391213312262452
31962,0.5197071099092092
24094,0.44920356539558504
2393,0.38399044141282024
14751,0.44521930294860873
4818,0.34460089447239367
8325,0.5451810588408711
9495,0.40788502944024807
24523,0.6657510176304665
29906,0.5151674733081637
3018,0.5093528588757031
18379,0.47097946681173875
28534,0.2722575353459526
11503,0.3345971453447726
22776,0.4056855385722089
16472,0.3093682024138849
2124,0.44935696467911135
21703,0.12334182295883928
5295,0.3947512681820437
24221,0.7864675088504616
21772,0.4729658102007398
26450,0.35702382369899693
13917,0.3117647589162306
21700,0.5250802799572147
803,0.5271393458044656
9866,0.24458598770749715
14880,0.4387023446519603
27525,0.4883200534004721
10814,0.5744887663046266
30801,0.4606834932887833
3349,0.455893698830096
14467,0.7679099036900251
22983,0.3878950690409281
23826,0.48955752439772615
8020,0.2919987599683107
20746,0.3602086044738328
32451,0.3608497694192028
7624,0.5768422531602565
15532,0.42451963469625587
3419,0.5899640026235371
32441,0.5107039952942828
14373,0.41940792182602715
27308,0.4990093808569837
16017,0.6063186199324768
30224,0.7610816111709123
24933,0.7879669881827751
9383,0.6659699337716285
20118,0.5876910809976957
28848,0.2722361873449534
12568,0.43225671985525965
2082,0.5395221241028747
18730,0.49122484286739115
32267,0.5760008456952832
12214,0.4929073339698878
15230,0.41981799287181015
19346,0.5973982991405504
32558,0.539207830624733
4187,0.44931330069721387
6811,0.6181029342759168
24939,0.7907914052066133
24261,0.6609712066406269
20863,0.4402002189068891
21946,0.5171816091217016
29193,0.41077720616997726
26997,0.4037482502797931
2897,0.39961694646454965
12834,0.42859439584470566
1439,0.4212188667687753
24866,0.7802663248274189
29049,0.5256904927676969
2258,0.3299243295480769
12886,0.4810468662690595
26897,0.5260944127298727
11942,0.3776266799216324
25231,0.37828695212425834
33011,0.5162378281688582
22624,0.5438715658809999
6815,0.7002388295656671
2160,0.560335899766957
3039,0.385723541473294
5309,0.5308685551629079
5089,0.2511069016394943
22341,0.49958490126512045
8622,0.24921496447633706
12999,0.41542971050741456
21091,0.398762981557335
15083,0.4732679146457248
842,0.8347280947437439
17293,0.4447537321683817
22428,0.457579297451183
26458,0.3937933542652213
29491,0.3822882444191718
16181,0.42286137954585784
20073,0.5534689673840218
21522,0.3408798406582089
30255,0.33452862086083024
19885,0.3587746375592353
14351,0.48468559770803704
9941,0.42933356917574284
8309,0.44124429463007103
30759,0.401209581360671
16171,0.36917692429644694
23613,0.4463382587330718
3435,0.4824392093689083
7911,0.23767528831771037
18509,0.4782887594229244
4370,0.743321236933933
26294,0.654211845906445
15639,0.3601861344383123
17917,0.5161905865102259
15429,0.6437499965959117
13460,0.6429483125496648
15232,0.25431436525324974
2285,0.6248957902011055
20170,0.4476651645819943
15486,0.5078599841662347
31799,0.41125738897817
1969,0.4167533389488003
4563,0.5753985029800328
13741,0.3661548880836015
17130,0.5981006379690635
1898,0.4619998109740403
27777,0.6693240358726973
8535,0.5137558623796381
18550,0.30416676214888666
8762,0.4836646938987494
31721,0.3071658533315043
19286,0.4999296605662118
19188,0.5232589105964374
32645,0.31805563615394045
9057,0.5615190013531957
15944,0.2743165317601525
14678,0.20235699069028057
28288,0.5113990470516486
27627,0.6295989988340454
27807,0.7092470411786004
11377,0.3855220213761836
4821,0.6290523435888848
14343,0.3639084776483614
26611,0.4802619416231682
3156,0.3294098800100235
18733,0.38290563399756206
10572,0.4866390490428079
15647,0.8334712311325964
26301,0.22536706277308816
15936,0.42306783912342155
2498,0.46319480947560954
27156,0.36082627163694203
32308,0.6256302624979836
167,0.5097285478325717
22135,0.6361943495520977
23566,0.4192092324911279
205,0.4185134246241806
4670,0.4590544892067178
17218,0.3314217309247348
13717,0.319432871807508
29570,0.4761566942861217
15689,0.41316072694534106
24711,0.4219781593138509
5304,0.636669156934719
3030,0.35524554316569246
2709,0.3615210863715985
24453,0.2804311595823034
27569,0.5773822612787244
20436,0.29562017089687403
29807,0.4391456972028854
8132,0.33543421838937204
1798,0.2727235105733188
7779,0.35137052318791884
18481,0.4842851186359365
33195,0.5094064124202586
9958,0.5513473608983546
30197,0.1846160619002105
12737,0.6350130421816786
21710,0.30210015775044546
26612,0.3258094933563854
4091,0.5825725779590711
31677,0.4745374574359287
27120,0.48874334410422904
10905,0.3835848145542376
4177,0.6437304252014929
21747,0.38653508659861185
29520,0.5425392414317952
6197,0.2955069873298362
10483,0.3484006246794285
3302,0.6222263377447628
19272,0.419883784426488
14080,0.352392063801546
18593,0.39054158550365436
20098,0.4056030775695734
19118,0.3496073726235071
11979,0.3933831615598989
8039,0.7489923654576136
30133,0.7719250202949874
17634,0.29892178758115745
19154,0.5490427787706533
9750,0.7801456502680546
8875,0.6440874427220851
32843,0.3155246198374074
1349,0.21986091692306495
20242,0.5714505524115107
3374,0.7009821870443
8455,0.47585725114928024
24145,0.27410150208510436
19344,0.4012319922156883
17796,0.29749543924121963
24594,0.4732636229442032
11936,0.5954135478818947
17043,0.6485872887762065
32258,0.38482336775611764
18515,0.3596149844042766
4265,0.49531980748621873
12610,0.47930341010585065
25345,0.3639496809224715
14350,0.6645763915504118
19753,0.38856663575752287
15123,0.36097404233748687
10259,0.20316925213360412
23641,0.34556217070135414
20266,0.3385817436517447
602,0.33136501174393146
30625,0.5209825884026568
21191,0.47492903834744526
1934,0.7812806699915639
13538,0.3175708812492546
27185,0.5864299796162113
7252,0.48087451550602683
5570,0.5428363207570321
2534,0.46827357207243286
25056,0.5156426693134085
23951,0.4875714010259919
31469,0.30114388787510193
23159,0.6479644346327125
5012,0.6430130685845575
5988,0.363873990253442
20306,0.6204504734776366
29356,0.43583517263212374
23635,0.3420776502458303
32013,0.5546254657801845
13975,0.3979046990803285
13027,0.42033578116778886
30507,0.4883268824898194
32491,0.4315584817958893
4059,0.31338058991398415
8342,0.4337675453245681
28951,0.21278365451571188
7989,0.6596287039091451
18909,0.3895337540197303
30769,0.5244024282852799
19795,0.4428226755454485
27692,0.5036582340394267
25362,0.23569274458970915
21746,0.4863915571230877
5410,0.512502381082309
19072,0.27750114370046
6880,0.1559789399964133
6555,0.4139115655108355
12137,0.43199968663304283
21503,0.33892850511795075
13872,0.5044472462453079
24284,0.8133102239917349
27857,0.6378294862912732
21494,0.32447492121319355
24133,0.30701653539839285
31861,0.49045097919284997
2835,0.1881614728800589
28818,0.6131007331013231
32314,0.3681115401157196
3005,0.5660796000043348
10686,0.39843409612058356
6418,0.4749955490432873
25322,0.5611863047270998
14574,0.7995869778109886
15982,0.56204905705032
11509,0.6937945521496378
7960,0.20500488664067484
23326,0.42651239131212615
15500,0.37832385169156896
9764,0.622546719543688
3265,0.6539913823079218
3564,0.3205029093190261
26936,0.4340916721998026
12914,0.4372897061162757
4386,0.7158750880558045
11955,0.42227497196954733
19149,0.3827266172376368
24769,0.410787685999098
24708,0.662729763395878
5941,0.32338643436931136
27563,0.3838249548001325
30877,0.331695180878295
17757,0.6703414983305566
8536,0.17710801690039468
8889,0.4701516505732634
11346,0.32648546288120583
8332,0.4128844230952608
14874,0.24205255994410255
13279,0.2938545485630923
7605,0.2555972201559168
31669,0.7481831840703604
1081,0.4252627826607629
9500,0.40026245586497283
26073,0.29810204435502735
24163,0.3589910926889833
17275,0.3228781233876788
27967,0.24468952786144244
4005,0.4337891985568854
30609,0.6250496981123456
9838,0.3489309583431447
24026,0.449460157510758
3962,0.40705474291448224
11672,0.6907330379377414
7998,0.3588229623939298
15826,0.3991511158713988
7532,0.4244533776008197
21932,0.2730188722461841
2652,0.34152707575625696
9431,0.4838693336709445
6575,0.3227601632123855
20834,0.406019494914003
5629,0.6190576571372872
10626,0.415842731805213
26393,0.5384538562303194
7109,0.5228810162022122
5556,0.4495975786665971
31604,0.5304606765844421
1211,0.40247025274558323
4058,0.5699489924938507
6369,0.6169385245104595
29030,0.33189193837634084
31493,0.35861960378401864
13818,0.4219596981052873
27523,0.5880550374500744
24400,0.38015808262660516
25351,0.36860141322924067
25317,0.5986043245359024
20546,0.39540373572288107
31556,0.3706994797331196
2242,0.7519319251967518
27805,0.472398483641213
22423,0.652540271266359
31525,0.31609914441856657
1880,0.312984427609271
15324,0.4526112716154019
2262,0.3488743471126182
29071,0.4543166362892095
10276,0.338566490545441
10480,0.810970168711929
14085,0.47085528877429506
24324,0.43107768415817754
27645,0.5012685141610891
15713,0.3672555178348964
26591,0.39346961129860336
15816,0.48074223407343497
30899,0.47589510460923024
24462,0.44470180290328337
22765,0.36213298393749904
6412,0.3473428736045321
14233,0.508881667325346
26197,0.4119672226562743
3679,0.3832727956653102
23225,0.49468066887523765
10128,0.42269392904353315
28493,0.42730883593969704
9181,0.7066408250183837
16281,0.6668052729470485
14169,0.22405401359518
26746,0.4510186705900461
24032,0.6279796366722605
1330,0.46377693781710566
14660,0.47406904581261045
27330,0.6269732958256067
18297,0.7957087190747005
16072,0.3686854182925982
2098,0.3507805744116741
6727,0.4460383418534229
23313,0.4913950877874617
7912,0.41831026993674403
2073,0.4769101334487538
24591,0.5417511844135653
21898,0.4436571777990692
6956,0.4941057794308002
18059,0.3712753161100279
808,0.3720250152410245
22308,0.45157900623684
9575,0.5378319644138139
15190,0.607500341028143
18742,0.7324035362968452
7834,0.379286375565379
21275,0.5350892516183476
22629,0.27582731990533815
29421,0.4070677869199642
13904,0.41072975759210384
695,0.5120762021497296
11787,0.5011387706686999
27327,0.25098460836785796
13716,0.37472309187144986
27789,0.6048472647957203
31609,0.44753260115878485
29324,0.4428738334534516
26158,0.33017173093954
6618,0.7592432082808236
20529,0.507890871188168
2752,0.7201844212901245
24813,0.48008102144089493
28360,0.39840005428841646
23310,0.6054672855677519
20462,0.6790208153165984
5259,0.6839098758241787
10903,0.40503115851765203
33293,0.7655060120741128
15278,0.5676324559635191
22642,0.2732618104211686
16165,0.28893631859254904
4923,0.6417562612326795
19829,0.3688978587283363
19768,0.69996287934757
16759,0.45910481947591053
25325,0.3008527161044865
33235,0.7156508434877686
13901,0.36321209436384133
3493,0.299312893960984
8795,0.4843718957651342
10206,0.39161830584123813
26415,0.6394776060594793
13244,0.5790188130614208
29545,0.5975360451584503
1492,0.4769621336790153
10957,0.8138181533004453
5466,0.4266178482671329
17791,0.777555942009749
19745,0.29815474810887216
6469,0.34234098902622534
22057,0.6171328802294003
6256,0.5483307387049968
11681,0.3942607162164757
28249,0.6113955456366453
26690,0.37136671183249326
18429,0.3712111905054333
20677,0.35344250312566794
93,0.3209988505214935
22555,0.2587503943479542
9915,0.27573855430546296
13213,0.4861118180256361
8750,0.5020420424653471
23927,0.2870493041265138
20391,0.6606090592155461
16589,0.22415036385182074
12218,0.3735480785934903
28825,0.6911441090368361
13959,0.41336342191707875
6574,0.32201628162022544
32245,0.3894590005986466
27300,0.47788796487945306
28541,0.43754600619356915
32941,0.5189567348067805
13235,0.4566991607318091
994,0.2835303779411457
10456,0.274587734601115
8825,0.3893153384573383
31932,0.486354208759188
13320,0.4741944173829987
28393,0.404747423740302
4674,0.5952136618470398
24456,0.707209997294041
19338,0.4795724858873446
14661,0.6802375516980325
26879,0.5044929105165094
11719,0.21348623993245902
2212,0.14069356699964025
3592,0.6626824984613192
6093,0.3351249519575586
16708,0.5127875435102697
30918,0.45684018090394246
11773,0.5726232692038221
21865,0.30087881012836326
28130,0.45482404146808136
29012,0.6477211202765022
26589,0.3158216622376358
21669,0.3151692911649205
30240,0.4070391725832877
16704,0.7114801227775325
24018,0.6742195415663799
31550,0.4354532655002949
13834,0.4526310533264516
21850,0.39242570255568465
4463,0.4598294645837897
22237,0.3509423711087337
18546,0.416817240476776
13155,0.3607653921731747
5463,0.6080820845512082
23333,0.5625926932116213
8563,0.46596612199098875
15569,0.3862352668031966
32944,0.43154922125201906
13062,0.327216553762285
10304,0.5374103204720496
18300,0.20030401900094322
17619,0.3327011945180306
26374,0.5778835402819812
2557,0.3169855535172744
26613,0.5052354281954669
11150,0.5987524244992293
25506,0.4399404490363709
8028,0.28792464239771515
17008,0.2489741868218837
20573,0.34363479030466954
26809,0.47364899512429715
5944,0.30864318364608234
31202,0.400865988757917
14934,0.4222970366952796
18790,0.29546389753263974
28570,0.5552284832381364
7564,0.6281289652636936
31423,0.5401864705081209
318,0.27178190080871595
25747,0.5625930498509489
3341,0.4265417298732064
11658,0.420449845266062
21838,0.6500935979467146
17141,0.7455823811894998
27024,0.6348311100451655
17968,0.558703864395746
9570,0.33946044782235135
12194,0.5673702930058517
31253,0.3691219223984385
19675,0.670225450008114
181,0.6741505482690426
23751,0.7564573306714045
1997,0.6600877095244375
31233,0.3304280736543291
23082,0.718074685623229
32847,0.43442937328311615
6776,0.6374091356045001
23164,0.30651668136496496
6999,0.5429241813623825
8644,0.3407566722871344
25905,0.27807981156682215
6250,0.39716114577350276
26310,0.6029611158977131
11384,0.6342519038449705
13924,0.49945955134413217
31223,0.7729871904393605
27274,0.49357649297647427
32975,0.41788057682620855
13172,0.6075578729833689
26378,0.616530519925704
19649,0.7196904001403269
8164,0.6719815255496718
10896,0.5176002608654665
2921,0.45571445560926666
26804,0.5494157101810455
27233,0.7831206472165355
16132,0.3051906816444784
9494,0.4099642675255909
18959,0.43106037732722113
6691,0.7416781234158384
2401,0.4129474324511851
9711,0.5490162513688948
19652,0.4311530927508739
11254,0.6702735016304611
14232,0.5964038097549773
13880,0.45726708760103973
13996,0.6342742498697302
1702,0.3018129877923909
29378,0.40910515432113415
20628,0.2611451630182187
27868,0.43113363135630706
26376,0.368812019508214
5228,0.504403697323997
10166,0.3241661911764613
10553,0.5264414760904192
25654,0.42486339172312143
27187,0.36035146015010744
17756,0.43887232797705933
14551,0.4035566126952612
15345,0.47744458394236117
21000,0.4322139378100193
12085,0.47393773872013645
17183,0.3506039599492984
3397,0.5956584033483208
21172,0.3965514698831309
3929,0.20374772089993345
28195,0.38748773927980074
23207,0.4322017780975588
12992,0.4517996129318921
6804,0.2963223136530425
23,0.4691273289949751
11043,0.41886891846463653
7140,0.40914984811051
29334,0.33614091314207006
31927,0.7215571564386051
11614,0.3399068966185633
7810,0.6678834177359605
2066,0.28326243607048196
9582,0.3506986149108592
1916,0.39583104679902537
30165,0.4970298311467161
30508,0.7536264144028672
20409,0.5836517406020119
8138,0.18686445016416436
24982,0.44797802090233096
16035,0.5420386654502425
13241,0.5189430362470989
27491,0.5148812839717041
19099,0.43946031678013414
23713,0.2940648086902422
26751,0.33854849962673644
21144,0.3329413327563799
32589,0.523782071131457
15393,0.6766002227383472
3871,0.4182698834942753
4811,0.5473633106297232
20152,0.32830381262243136
6378,0.3838591878705025
31986,0.5431099099329519
18106,0.607536970613557
18064,0.5300863749935233
26676,0.7203617266474166
7316,0.4545668871197118
10253,0.46784755108144904
2164,0.32371662383848965
17274,0.3880715858254374
18519,0.8364093873614511
20450,0.6927885098114805
29858,0.27381339978346303
2737,0.43560828350857006
5018,0.2638099092502173
19540,0.46599392479176277
18220,0.38230958161134204
5300,0.5842249883601615
27622,0.715557760746245
32665,0.7710919290518323
542,0.378825156851662
20295,0.5318185573364705
9714,0.3044228020108573
11617,0.29857856352112194
21797,0.3866184224475113
14042,0.4941949485926192
2091,0.6423054784743106
14636,0.49186485924528234
30124,0.4769740833867525
25027,0.3963886887619253
26513,0.402748934015837
5781,0.3326510037529827
25094,0.7477884600053403
29686,0.5836557928977452
18256,0.29356603283034355
15137,0.4519799691751383
2862,0.35401694061242955
18915,0.5148466061920436
10298,0.4226364778641971
27154,0.5004538359664117
30584,0.38711115302199867
2165,0.3862222093983653
26842,0.4238629561774095
33067,0.2566907578691336
25833,0.7021705292707157
2478,0.6228014821463411
2293,0.7635646950358508
3558,0.4708051846498793
15948,0.642532738055018
25493,0.5900140465518564
705,0.40145044538277735
16865,0.531163527210987
21966,0.565368335069334
9150,0.21712543702887047
29866,0.48572983479670534
17020,0.535805342061364
2003,0.5157946605499429
13518,0.4652969478374217
21352,0.677089123334587
17090,0.5141298637640671
28531,0.7448041981196231
12615,0.5273055539306566
32272,0.316556260690543
1667,0.3971242442825055
4715,0.5405277878391331
8616,0.5157672975155349
27498,0.34169339396330256
15659,0.7938090205900864
8801,0.3898300345263508
21187,0.4912586992297943
18188,0.4060607070350013
2005,0.48903602127629775
256,0.4646548924996211
20244,0.5400004784612477
12282,0.47250084094816386
4534,0.6476564897419123
4105,0.3309842357783699
29978,0.7629447981661293
8209,0.6276924534395663
8292,0.37966183058748026
19435,0.7465727495881727
25081,0.42085597864749313
13606,0.4957811765685436
12333,0.7742689461576504
1692,0.35776227360211516
28759,0.5341813247251272
26327,0.37056584217427063
8155,0.7117687409391381
5622,0.36248763791883837
5631,0.29908566364531547
25082,0.5594081384335806
20945,0.3496546176691285
6666,0.32828722881870415
22189,0.639710179702249
15623,0.22027826595802838
31582,0.6364661106845926
18850,0.21793430101582154
5927,0.4695515368153939
7328,0.5030092447283168
20580,0.34653705361931036
2723,0.3214871503466541
3882,0.35682884811331517
23831,0.6384784592242052
2064,0.3840375781613674
24833,0.43617403709304037
8803,0.3734718490132941
23651,0.3124647986619743
29129,0.3534874534464776
25571,0.31686142397322703
23670,0.6675978948177814
10207,0.40391114311289145
24429,0.20281801971760208
18688,0.7377564995388546
10234,0.4067009949609399
1532,0.4602884405391771
5909,0.3650809535841436
12404,0.2765540877383405
4783,0.41607388042744553
7856,0.4194978697902177
31922,0.5661297624650377
12346,0.5978270235073914
10251,0.4091089688753958
16552,0.7343865484529469
4363,0.3487656270234509
13827,0.2773900799406186
29928,0.2201542313144927
10402,0.660479203438113
27927,0.63353955023882
22806,0.31394909547138816
11143,0.3792070183759549
4597,0.40725747419931513
5008,0.5292851379223753
20754,0.4755414354578431
10707,0.5602363069142602
21809,0.3394478752930039
3012,0.4779348035426729
20160,0.4278534689207859
21407,0.4189694228176816
6586,0.4400049611508571
23213,0.5015845755954016
10226,0.39348733716421275
3046,0.3418039646095327
29430,0.4717718335228094
31159,0.6910126941804504
32189,0.49002560864851397
27878,0.3594982286623915
8268,0.4038826022534793
3707,0.327356278266869
18174,0.44858903335334716
11593,0.41655155345158784
8953,0.5258307591026842
30702,0.5081088619044823
17180,0.3022921261078449
15885,0.37962103690524784
17215,0.5046815114051442
16965,0.3570658416034127
31425,0.3969742950253932
22272,0.5830807652170881
25288,0.7246462439805924
29353,0.3463545990191866
30906,0.3516174038813841
14140,0.5010483983397188
20590,0.7113619992603702
23538,0.43219031524988305
28897,0.40200362906478465
29463,0.26265521344730597
5600,0.818424491991073
17477,0.42630649051154457
20933,0.43593009387299797
23799,0.32486533182371036
26281,0.5958462032706858
26932,0.29612540324496506
2442,0.38793345975291615
1530,0.4928769647143389
18584,0.7047529663883513
25829,0.4863357155826969
19111,0.4142034526208382
30783,0.6389524620422246
1660,0.41151169681816285
28016,0.4372281630087899
18149,0.34633007567002455
30291,0.7889304092047443
16334,0.6041382187435811
20432,0.2994661258163378
3134,0.36084459831448484
3683,0.47003623990616594
2615,0.5937783021979296
33331,0.6640753685425286
31463,0.8485470318196149
15867,0.426167178812641
29647,0.47176239772963424
25865,0.46776881578808577
2760,0.8124380032016212
2481,0.6552559707490933
15022,0.42327564632326836
20988,0.5799649127179195
25205,0.2995842524087778
16285,0.4596445726706539
8728,0.38925748770674634
32304,0.4419360930402238
2605,0.3550786514620998
19866,0.39096022871398306
9607,0.5332527414402606
3281,0.4898969798809106
16107,0.5494231291155514
14606,0.3946147415828424
28019,0.5482786215171733
32167,0.49243382233313804
25965,0.4961548125965933
21756,0.3767628754564389
26942,0.35138267511570276
25102,0.8481416899990456
7464,0.5465909330066154
18388,0.619107692853199
12274,0.6896316464289144
3450,0.26579997828585183
2567,0.37980275164947414
20516,0.18977891175731185
20832,0.5266263864026838
19313,0.4765217245749624
17352,0.33501365855407
33323,0.4525661050798368
10030,0.3230841828841821
2318,0.544590416053891
20906,0.47515322354663564
8858,0.305233437224269
32646,0.6434363523866703
23817,0.46451350750723824
13903,0.4640573460589106
11000,0.2863424634558166
13264,0.6240065457054559
31836,0.6283871388918902
3628,0.421462172057472
7259,0.2261320433858336
26488,0.6532443957093285
9594,0.479310381198806
24812,0.2934556005663925
1879,0.4552244666970225
10107,0.4538076349233699
16529,0.8646735344018593
22680,0.44512641224532823
1589,0.3959908720176677
11415,0.8041846865882716
24494,0.636878278668124
9413,0.2290460915707673
9456,0.6166999837044983
3386,0.3488313064431896
29200,0.24219191445844834
3812,0.34102905054013094
6329,0.43742150011827574
5572,0.37880853185319135
26391,0.3720587505166988
24817,0.3185731629683523
22312,0.30589541224707545
24466,0.3548045628759973
12417,0.3325545953718304
4948,0.37963043968626775
22994,0.5240133088661597
9005,0.6826762852668096
646,0.2608267420016632
13987,0.22765750957398215
28333,0.7198335398557365
21780,0.542924934851814
22388,0.8277311186527331
31578,0.4979424052122844
15618,0.2961599809551781
27688,0.37350990006107687
6012,0.3455694945933554
13626,0.47103036606347315
19114,0.20559319256250908
5544,0.36189823707236457
14923,0.3863501250101518
6268,0.2700946311832017
23215,0.3372071143183725
22199,0.4874876464418159
1408,0.46928248918804716
23768,0.4292312985454229
14247,0.24224614321127025
28945,0.3458336639394268
1416,0.5651564358048602
19843,0.46600198257410946
5262,0.5408419223979927
21004,0.425723520328675
24867,0.818036771219977
8768,0.44594993105478936
13570,0.418946224699246
6312,0.4012894576144355
32096,0.5735045324839717
2093,0.2663726941781592
13714,0.28392536606588864
13256,0.7710039882395133
393,0.449882544159308
27832,0.5255859543642041
28346,0.48254184924152893
20629,0.35474764741167664
22839,0.6072892868013386
8896,0.6820356383368988
12227,0.3967652794315158
26363,0.506650370233097
25508,0.42183815544988085
29392,0.5091361412463958
18301,0.40256569667417685
3389,0.409327802979954
10047,0.3286093708682714
6,0.5391840519065089
9282,0.5778836157458798
25353,0.34305753698216446
8964,0.5953040648213769
18005,0.3810422809406003
10506,0.4877047740421179
9902,0.5988199041139532
1686,0.5987653918026252
8026,0.35231364494458883
19663,0.7519009789364389
8283,0.2371928834086077
15161,0.24493335915605968
9874,0.21259777111171826
6853,0.7936221321890554
13382,0.44953603643063117
29833,0.7217450126115975
28144,0.27301572310815675
30768,0.4033806742937344
23996,0.8423154262621113
1400,0.443889745798
22120,0.4042294179033719
17965,0.6778375522528408
16342,0.762532839716985
21122,0.43070448879774004
684,0.5615963558076605
12372,0.41185680888974663
27193,0.5093552425011719
18841,0.2831223150872061
8010,0.4833567254674279
9381,0.35895438207803765
25628,0.3189408764551758
22518,0.3801604615418622
1456,0.5802166672411684
19140,0.45844899506805264
8573,0.37890653957792975
33102,0.6225453570859822
18935,0.42832872590785814
26812,0.43847051499381534
14997,0.2795484757541658
14630,0.37876483091129104
8211,0.5597864824510271
14650,0.2964774095129647
1591,0.4601161925190174
33245,0.69135784556226
2317,0.3926921682202005
15327,0.35737923400828414
21919,0.3402924732239627
25073,0.36925985453180227
1074,0.3184115804317479
21952,0.48703341629722247
3463,0.3389184986073768
28133,0.49086682917520746
6435,0.4198064795933488
19077,0.5672197155948404
18566,0.15913656244788632
12126,0.2988338361084752
31859,0.49395851206911634
25852,0.4584712350358966
21987,0.23535879259894008
13648,0.39065467401884557
20910,0.6942595777017285
30453,0.3403558983373003
183,0.4310971523737787
1420,0.41656340500845024
8916,0.7337286606453162
24508,0.28392768077422265
11199,0.5939890524871277
944,0.653369406159834
3028,0.2453557381129072
7203,0.44786758514895564
6114,0.23603536734949526
27113,0.7600052744632485
3574,0.28778305812955834
1981,0.3682923916811235
9568,0.3097546739774858
9728,0.638649034370259
24878,0.41624541606214605
8053,0.32385061161642004
25601,0.3549366306358674
19962,0.49878517090027685
10574,0.24917494772465393
24775,0.4878337907672026
5917,0.45246362039634624
33159,0.6304287666041456
23400,0.3989207128027267
30917,0.5644995754438533
25745,0.34229870417453273
19967,0.2935178793554773
16137,0.7229169574247972
8352,0.30601175216470694
729,0.4770440548690747
2923,0.5861300872292533
13278,0.5114081450527921
9638,0.5982754963202273
24761,0.439976442180054
10705,0.30713336550311493
29550,0.4162552546271092
9284,0.6322040198144044
32438,0.27549988130527486
3453,0.2898341124676226
28335,0.5149396142504791
27562,0.4254768169592516
30774,0.48228802694692957
9965,0.4508860876007577
6317,0.4894933526788763
22165,0.5119999321121249
20518,0.7435827559475733
6725,0.7726341066989305
22108,0.6012429059332031
11656,0.7377610217106313
9699,0.3866171336650623
2748,0.5259815815118366
13573,0.419897729025573
1739,0.3613824044000155
12711,0.3596207783837649
13339,0.7468058147478274
25485,0.4003614665751446
23424,0.6086212903257054
6149,0.4519965651081491
29441,0.7595089352386308
2299,0.6430757080821852
31157,0.7481995422566897
26537,0.6496097827187157
12773,0.39414275587946046
2517,0.43234691940703734
8937,0.814994533203933
5736,0.3478319508896027
3505,0.38259407332455164
28070,0.669395613674069
27716,0.40374829116702493
4134,0.19900307943950613
7446,0.584133998264965
23203,0.3517767101222365
30619,0.64465652976364
2683,0.4250584157932054
7176,0.33300244853515953
19405,0.679876820258143
7269,0.4084700544148049
25840,0.34932738167147787
27641,0.3202902341229036
13908,0.47934719717805857
4015,0.2682680886454795
33008,0.42514158844597705
9444,0.4344788209595593
14841,0.5121975517007984
22602,0.5150552654260786
16385,0.37521127712513846
2055,0.574478379567707
24369,0.3407164989757087
19969,0.6480804841557457
4620,0.2589876198498106
7240,0.553818362481304
8645,0.47220359972501347
2380,0.2637870915709454
21510,0.7551984690634941
25176,0.34313524913915816
28309,0.5191656150023863
18700,0.31381997554057633
13852,0.5893502248658496
23354,0.24778419557824474
29314,0.3137745807644713
14781,0.26780423146591015
27455,0.5067141151974883
31624,0.3525293805931017
1391,0.3500470238788991
29395,0.2000801822652954
22066,0.28242138278333145
29766,0.4883552343407772
10689,0.549646505897033
29663,0.41483475414705934
24187,0.4965548397862347
6118,0.3932359268571049
19094,0.4109707384131716
31596,0.7202371411358705
9315,0.6489692017206519
7012,0.801534144367969
32186,0.6126478287076048
20907,0.518331712010693
5672,0.2204387477682214
16871,0.3647208589466746
15323,0.5773691775074244
29645,0.737614724651797
32493,0.6214854748014432
14818,0.8528963319640479
22298,0.45648444806508975
14569,0.814280053636305
22841,0.6652043728266616
11703,0.35236675245318827
22584,0.5707138329176787
4913,0.5716724809187024
1577,0.5739939974910947
23286,0.6231473549616968
22442,0.818721226543797
22393,0.7071420351427874
11471,0.3920662454749174
26443,0.4397657358971131
2613,0.41929182239012547
2716,0.30741532872039284
21134,0.8097349699896843
14596,0.47749131430436914
14152,0.44820240055181154
6609,0.2272203665309922
27625,0.42761500948738623
9674,0.5228970661959663
27590,0.8145822067357685
8004,0.3606025682025704
17301,0.40029894339181826
4630,0.7076028875798864
12203,0.4288246167702043
33088,0.3279236921211983
30894,0.5582248547998624
20791,0.6449261291838285
14870,0.5519989456824255
33329,0.429768801849263
14786,0.2729227168444121
3524,0.4561452624333225
15590,0.5122508896645878
3371,0.44593355199662915
21818,0.45397892081940616
23575,0.480929091599002
7553,0.392638962118416
3743,0.4276859623368109
8189,0.45074638249763815
22183,0.25645450800018155
20071,0.5572174242367964
29189,0.35145038593481065
28736,0.32876587455653655
8337,0.2550570186089519
18183,0.30922388010713264
15298,0.6391631051264047
5539,0.2647155144024604
4231,0.41613936890477
21303,0.5647863105943932
7398,0.604028406733803
2416,0.17469860696169953
9029,0.44289134536504926
14561,0.536070042303146
27065,0.6202143628564573
28280,0.6080441016329468
25698,0.4248990893260193
14210,0.28358614890085426
17001,0.31465926521007964
26771,0.4929061473532998
16620,0.43976893397284184
3526,0.3395739144159214
26756,0.40049872170047063
2335,0.4097673475507137
27445,0.4972966997257152
6494,0.4841610102527569
20711,0.5136775214341951
3192,0.22256067982717473
11721,0.46575896769084013
17423,0.4400756906516094
1952,0.33973770468442693
27861,0.7355786625312225
2122,0.765641339071399
29108,0.5151750851298483
335,0.4756201124985531
25472,0.28743812437313726
25216,0.7256849485567918
18018,0.4896184514324518
16311,0.4516727359333798
21010,0.41645093056761273
30296,0.4306137325782058
13461,0.2310130754165279
9833,0.37588016829857246
21163,0.30859389338642984
333,0.33323763781816307
3697,0.8085308225019773
982,0.5472491443692167
22208,0.30669971990524975
32329,0.7096221101516835
2781,0.31885040367908646
30186,0.7476233034024
10246,0.41153075649193505
31750,0.2500157389009562
4894,0.4538994704347312
25966,0.35844837602012625
30351,0.35517561577566503
2614,0.2674112439476917
2694,0.509644832648271
11129,0.4035952295317494
9690,0.636604398663286
24194,0.29143583463279094
32496,0.8465796252530831
14177,0.27606358750153215
16902,0.3892547210754569
21632,0.11756925665963854
24821,0.6265523551332165
11447,0.6291713798550175
4973,0.4537377736553936
906,0.2546726102789533
31834,0.48421550897158067
21022,0.2841979863866065
12212,0.32020535510324233
16160,0.6243442751589795
7380,0.4499750940906875
1500,0.3931809608156087
11649,0.6530827859203677
6648,0.44645482035093925
30928,0.6251204696463287
22013,0.17922358556104362
19097,0.5288809232678291
27028,0.2852770433639226
16834,0.24456933590564678
9574,0.47196574118792484
2608,0.657800983471131
16553,0.2852209442668378
25007,0.47380185944281167
15541,0.4756941782215427
15103,0.2677231625031304
25543,0.31230890971726727
32337,0.34885493895096814
31676,0.4060281512905627
14161,0.2574260112836208
21984,0.4614837950616912
22676,0.20016423630000152
3578,0.405258627843607
2718,0.5818339515060023
29149,0.40718093880136996
13851,0.33232683565448395
26255,0.3629118883796846
9578,0.5217641606175615
3931,0.3955073166996597
5729,0.33011023845263426
10565,0.4374616218571228
17127,0.48852075552763785
21864,0.18309781947641268
22151,0.2998759024152033
12398,0.4453932028545601
29809,0.3798637248310812
26502,0.7481043487063267
6923,0.39639240503056267
12062,0.5718784952759512
5923,0.3331169879423657
32450,0.545670790423883
31652,0.21924259053116008
28308,0.4992190179320025
13986,0.3167688893620725
4525,0.4836341082403027
7715,0.5630842082632329
27301,0.7340919688130005
1810,0.4561304659168997
32612,0.42835299197706883
32292,0.5621373001465448
6679,0.6395695887077486
29722,0.4778420718726268
32504,0.8517020367236786
8839,0.3209203552460382
32411,0.3691630906386543
27189,0.5892487557728474
11776,0.5003784071212068
13855,0.38644920200976557
4974,0.23716796206851196
8891,0.43135231012642744
23854,0.3612646307253759
7862,0.26771223915389863
12005,0.39694245451594695
3596,0.3833852593138308
108,0.3160779646739679
17433,0.3803492734335987
4108,0.33702937081682766
23186,0.67303201123138
22922,0.5965851121393417
30293,0.4246190088892023
20574,0.55296462754978
15678,0.7375302030379274
2588,0.2838861494213042
10083,0.47630289247833496
6826,0.6943908717183404
4652,0.3198971202504006
16099,0.4743343690031981
2623,0.48790091404155145
9743,0.4515045192831587
27135,0.6458745958237865
33091,0.4472257875489939
11111,0.32698450057689293
21807,0.5351175899001688
25556,0.40217237246332815
16877,0.5039448200362563
27524,0.3429639734217583
15956,0.3940595401790178
32919,0.343033986063475
11608,0.2047439637534315
10290,0.348806718902118
23628,0.5751993105490819
31784,0.7449794389005523
24272,0.5703953005357337
29119,0.48843309464777934
31301,0.5455875131225157
24,0.24558190631012417
27775,0.4267686462336257
16995,0.5187698063514881
5999,0.40365703723352775
21037,0.6055012710443624
18865,0.4088798805055685
1036,0.39852491931862655
1295,0.31114878641754806
9795,0.5203117332756616
32248,0.36539598469231616
29343,0.3740863918413803
26709,0.297069463733025
17763,0.5024580182106958
32586,0.42019375322730496
23906,0.4091711950988605
27379,0.2194569296736773
12521,0.33970143424764876
28572,0.4505905479678301
4214,0.5187152809169507
9312,0.4339968997051233
27206,0.5138425903822802
25569,0.5030494425113609
1690,0.40537227367309087
32537,0.45706340903037057
12812,0.37109338364506916
1202,0.4797506162120609
17938,0.4026402301377541
5226,0.4101006056835786
13594,0.7618872970864872
21868,0.37871179901853447
22278,0.6225656402848103
2149,0.40175279213949083
6415,0.4835335608626171
13790,0.26603824682553534
20365,0.4102689250592487
25069,0.5994975519055583
2448,0.350751074432422
2734,0.5355996331832102
6501,0.3456252516650528
25872,0.47912796853095047
29202,0.40133815629144354
20455,0.7644243840598977
2596,0.31428345708591593
20268,0.33187515217878083
30990,0.6512804945344516
7807,0.25052854996556323
12925,0.7208452470791253
24174,0.5165626133446175
2125,0.4612440634174584
24571,0.41573101983538396
4006,0.5784520953538104
13873,0.7245229048016629
9433,0.39489699151472407
28397,0.24254827930851577
6088,0.3622710352444057
6971,0.39480979462966187
1022,0.3884622863776572
21364,0.6292738943663259
25547,0.2968487839163931
27698,0.3973387745219682
17233,0.3579863279929831
31537,0.2963812458551142
8959,0.5914868405412168
15108,0.25305268868330333
31027,0.6838213890844559
14391,0.6725176748611575
2648,0.5561751266928944
10114,0.3782759737371383
20856,0.3893953953173048
20499,0.44790544519561265
8979,0.5463870768900324
13899,0.4231237871023094
20773,0.35722010246623226
7851,0.32076063661097903
3190,0.44893675621028173
8068,0.3469965057777378
32627,0.4611395422743709
21970,0.27461113266983533
20764,0.4212334419408054
17254,0.5934722308473548
11072,0.4291577650268117
25057,0.2572838815400717
25257,0.6023389373101382
6231,0.4452454670289611
10587,0.5144826294750862
26698,0.6573760927017279
27703,0.42106578023787605
8702,0.5401434585829762
7733,0.7790698036379433
32420,0.4595884822647131
25735,0.48919418280911264
24193,0.36762709021937634
1809,0.6081308129779105
9585,0.43428445182211856
19842,0.25306426584923053
29493,0.41878838353097775
3203,0.30363313857082364
32254,0.6549555594067941
28608,0.5607560959521068
30051,0.5186424670956834
12906,0.4346724486339016
32296,0.34652298052508973
22913,0.6641173657771468
11964,0.6397405196565386
31812,0.6865901679195188
7494,0.2422357301320182
22008,0.3346715743296439
29492,0.5079019809411164
24899,0.5736457368201073
20983,0.34783723588254584
13595,0.3577713491808747
30743,0.5925731879908848
21876,0.3652305512118181
20232,0.605758191530619
20837,0.4227016879225946
2189,0.3204091099889888
24587,0.5194336400843134
9726,0.4815358729510053
19343,0.5361287625203003
18521,0.52658180777543
6206,0.24171373003116908
6739,0.5833524844409126
26482,0.426897811935321
33344,0.5997324270666529
21738,0.5324016503097939
14430,0.5653289605703559
5364,0.38798998160321485
4397,0.6298284796250532
12952,0.2521668318628705
3773,0.7250669190153972
33334,0.39277106203340945
13042,0.44273416140810606
24485,0.3346634185393113
23987,0.7243782800563107
30209,0.2662112827426942
22058,0.5382572958168088
12050,0.24746382094730726
30342,0.45547692897820174
28253,0.3420180698842337
26728,0.48828377140954793
6219,0.4244510576084697
1928,0.7823299659121917
3081,0.3809034236992109
15801,0.628154624860904
25328,0.1735958598225325
5807,0.7314854898356665
9153,0.35031383749886114
30290,0.5726372186501516
14334,0.6239273339670667
3259,0.33851023201398606
2135,0.6344421959476931
28833,0.7819528368927229
11574,0.4571852237851454
4800,0.5344980561632542
10316,0.42160032901968103
1088,0.48481134835654804
19214,0.6123393199193059
4346,0.43447387282417615
2092,0.33706562909322996
13655,0.5564588893250509
28758,0.3639317226380675
10108,0.5343073320731421
12152,0.4131232838357521
1614,0.4598604605989571
5369,0.5572970721595627
20037,0.3127526490193096
17259,0.362788475485383
6316,0.19752240507041421
19537,0.6766413051497139
10742,0.34251917671708054
13811,0.23898474064758687
18652,0.37156797363097865
19276,0.5569225901322792
12431,0.6437753325516512
10439,0.24713961587082434
1803,0.3537889171710013
15358,0.4886672407900503
20742,0.3633870243560315
17204,0.3130893254574637
23381,0.3669228926731994
15294,0.731081718888063
31828,0.29020009289571386
28939,0.3120981522829309
4609,0.40115208734219066
24480,0.2565975173774102
12027,0.5752007584495263
9038,0.37726312605358064
31662,0.5802495866088871
9361,0.41364632263112733
9785,0.46700007290091505
28388,0.5045602885482458
32281,0.4614632475331981
28058,0.7082621404489905
7719,0.5160743058834617
4223,0.2421532851631716
5376,0.6963598298787234
32222,0.42339295401416854
10123,0.3263962292564383
21830,0.4179289171118379
9646,0.48518851080272224
27441,0.27003945969359994
28514,0.3277183291458381
26057,0.3494065799419476
24510,0.5550202056593071
6521,0.6087487644767736
18431,0.5719813856907748
10391,0.4289930169119942
1527,0.422314799437187
26009,0.5305567361082503
25137,0.3221458303072236
3756,0.3610014225292501
16349,0.34943707924458783
29678,0.5248562224248442
4294,0.2521850656863141
32495,0.37461195270302877
7859,0.39390700973664006
9710,0.26934140540394774
9641,0.5531344675482769
1977,0.41993903602895155
6203,0.18125226626246857
12684,0.5866859018792312
7419,0.4829244879417778
4480,0.5538231916073489
5242,0.4270508591062663
31988,0.4696729753789148
3078,0.2824245348652916
31773,0.4083781139937432
32498,0.47567661152938984
27182,0.5156600933086115
478,0.4918240116806704
31640,0.39556692790204745
15697,0.5480327323234818
30201,0.46079735990991233
25509,0.49706922702147815
19381,0.5955946111254061
2329,0.5995562739488667
16683,0.35596484155083036
17836,0.5761269894406771
149,0.4290753796974771
5546,0.5345793440962839
283,0.36789490398556624
22375,0.5399996570427547
22029,0.5609732330808107
11432,0.48115398162213124
5313,0.3434383440435507
9020,0.45146066827094167
29560,0.5317788903174056
25928,0.5037035833539105
8619,0.40060929538416556
32366,0.3514049296180821
16850,0.33013474285379035
20189,0.3937876299794041
7248,0.25649678364596595
25848,0.2572083886393045
26940,0.4369099357180095
908,0.2945518182914594
27884,0.3375105819897467
23098,0.4356599414028896
14409,0.4070279614226
23910,0.36540567387791295
18707,0.29516077919822703
1602,0.6791403398532121
5769,0.32197391257479735
18780,0.46433560404090246
13513,0.36960949126775183
3043,0.2774785070339291
11811,0.41851823588234666
7475,0.3594935539704133
12722,0.21582732267245222
17051,0.4850790605104114
6109,0.33440150338362884
20671,0.46389337909348666
23490,0.4731948756627882
23706,0.6522656743840051
4021,0.5540136287547716
18050,0.42955236840005195
6833,0.26014150595011176
9950,0.3224719348324029
23301,0.38110676709141517
3938,0.4623802637567225
11397,0.4601783700460373
21744,0.30836937336116566
216,0.3947249914421079
1246,0.4192386528829361
1463,0.4134557078238396
28830,0.7691646677980994
63,0.48698067151852037
16591,0.569529707764612
4637,0.2949548643382873
11054,0.4889418796884168
30088,0.3020702405754175
18832,0.386762885148441
18469,0.3817885132929207
17535,0.4391185574479669
31508,0.2826509152503211
18741,0.3831050076246214
33155,0.7570429389534777
9542,0.5030493662276087
3902,0.48682465020007093
8021,0.5291964035352065
27276,0.5493018189909356
25979,0.48133456929856044
3817,0.5429696088944621
3923,0.32182148656162135
24873,0.6364719312472404
28653,0.6939524774194408
14545,0.5424749418859689
17398,0.6011100083189822
486,0.41975410567642174
21406,0.3568334441130504
18488,0.5035244829155363
6695,0.27028564279391953
25934,0.34404413678943147
19352,0.4168043433356177
15118,0.3958726638805973
18238,0.41961817644649624
9672,0.43661290024619437
14437,0.7643880289489773
31627,0.5220937582823838
19288,0.365867781188317
17412,0.28954659249025233
25227,0.2500987682132669
22142,0.7905463709229402
27317,0.7202412339929213
2633,0.44991074376657625
27999,0.46766043972709315
26720,0.4639991258978097
32193,0.40464548373798986
16711,0.6924633044743711
11858,0.3921607326793768
353,0.38813131310056576
2908,0.3169824577554388
9938,0.45105476089396296
10451,0.7066475021687151
16440,0.45881444264432475
14495,0.40954895875950265
14980,0.33185001435588546
7768,0.48657081358902976
22636,0.3334046337541123
33360,0.4790757583478223
31577,0.757837501173094
408,0.4738123276204529
8339,0.3288542571120129
12697,0.19999486631224608
2585,0.42127723693449226
1994,0.6855602782468907
14250,0.44374277592812383
28340,0.5268721109888103
25776,0.3685663438346853
30885,0.34726766640705165
21167,0.558758707052218
18910,0.6119272684376647
17632,0.5387808735421827
9670,0.4333005166770119
16124,0.6598989296248843
26337,0.3531826613976658
26758,0.6525566529157835
27034,0.40377387285942273
10124,0.4879649881612599
21774,0.4408746370594879
6260,0.5239233476713138
24549,0.1856248212384013
10356,0.5372324653795341
24787,0.4869215963303568
3346,0.35258536776413263
32290,0.7026657887650294
13499,0.3057093528382642
5945,0.4246557359646698
13900,0.686100004294754
16061,0.4250326270390989
18491,0.36701381466015703
14644,0.36274320695873885
12343,0.44557083354808535
26714,0.5692965467639876
14029,0.48271857818758296
15355,0.46509870781014195
21927,0.38171834447722564
30962,0.4883038176119641
32620,0.5866900768120206
17472,0.3877824493565257
23037,0.7129558392996801
19764,0.6765864163135497
9679,0.5466408273417418
12414,0.851834633233157
1912,0.7346590328750179
13126,0.38823069975727115
8430,0.29696757658540035
10377,0.5031351530476832
7836,0.645649523172421
31428,0.4548879061869887
15562,0.3888090213700539
32139,0.4606651434508126
21480,0.6976286699808262
24489,0.3279010779062037
18007,0.507169484636785
25135,0.35197978653723244
27150,0.37405378685166063
6471,0.5210034399121222
2630,0.23593584977795728
8710,0.49497605429259617
24392,0.3561692368722597
10242,0.48578271967056913
26120,0.45943264602855344
27350,0.24234432937724765
24216,0.27577143668643944
30276,0.42079161879115046
23521,0.348050881762186
28040,0.6546937116793415
7481,0.29845045722517755
10353,0.5116243018504896
2944,0.45454724847839784
7239,0.48006388190263694
13141,0.4363460209882739
5349,0.7778694508528853
3919,0.5858250156536293
5118,0.671255430361472
16863,0.3367192358704238
27447,0.46612930886476356
11521,0.3488605399647208
13476,0.19931668713493805
26232,0.3896021570903667
4999,0.24745167170246882
7751,0.47090121786612527
17689,0.3803388895230412
27727,0.5148254176439632
28930,0.4826855507983543
6654,0.43704983619910853
12011,0.27965023465343725
20159,0.4374883878692052
24319,0.3416551560480288
17962,0.23004620005071036
255,0.41158695794287525
2291,0.2642769810281396
2799,0.36025324925577984
29213,0.28015779357700255
19817,0.698112653346691
9066,0.4000621569644687
13466,0.3771783555059627
7447,0.3515327806957565
17923,0.3144509042950218
30421,0.6124243503836968
95,0.4047875809845506
10898,0.3832451792884955
24161,0.6198772369690088
31568,0.3565079714180096
2348,0.6640504230636474
20745,0.7252373428803258
6668,0.5976326273079514
18020,0.25177215114376267
1385,0.5383917375775013
3741,0.3049341212104242
2661,0.45160625107130997
134,0.6503048767851455
4281,0.5349550820257729
5203,0.7603417624903983
29968,0.827085175982786
9426,0.5009934594346879
18397,0.5748479764783114
32392,0.48347101693481176
22734,0.4151675603253003
21777,0.3181831440010706
22959,0.7621061449491402
19021,0.29862340748795735
2902,0.4386844171900562
21633,0.38977120399229426
6653,0.3165323014780127
12963,0.40428751487084413
25868,0.7124003109207568
24157,0.5222437329947335
22411,0.7995201647181887
2885,0.42296996234646755
21217,0.49049052073986565
12248,0.3220623726133151
32400,0.7909687079310895
13742,0.171203550899909
21077,0.4822574996067757
33034,0.5151146355866033
15657,0.3605885868946214
25786,0.6408161218232694
15560,0.42959647426026687
32414,0.3772620210002157
8014,0.40663328969303136
9929,0.24309266760033593
17300,0.7196573673292522
10352,0.5374431921442179
8735,0.6401793289699771
27341,0.49556050112935024
8341,0.582520764243338
11682,0.4406423608920801
14293,0.41229926581198656
7013,0.3314604260298987
30089,0.7313847000588356
7023,0.4273835982249985
22216,0.41594132417162427
11814,0.42347069543520127
1921,0.3690829107447965
26465,0.6815172257190625
29790,0.48646465455153753
8758,0.2866450954370551
22412,0.34168310578574307
18217,0.468651133273972
32585,0.17224016830613884
10958,0.3933943160073252
24555,0.49403299145476703
30132,0.5430069680320748
29610,0.8369833623475333
6367,0.3904968618850646
26108,0.40108501470127206
895,0.5237119500840813
21265,0.4235536158190978
21256,0.598008243818969
18142,0.35707089930460223
873,0.4203061829021743
26315,0.27016469998913945
24760,0.39139236250313636
867,0.7106402191280499
16379,0.2987903285930548
11978,0.5236419308720823
31993,0.6046802895662761
6257,0.284020149312064
2286,0.7330949081173216
9644,0.38585751907383964
32735,0.4329451013561922
21641,0.6269609983472915
21601,0.3758019620808
553,0.4882840839663729
10138,0.46618014717849615
16917,0.7068230734093008
21841,0.34138497104839777
17895,0.4513211498204512
29696,0.5302043691568014
9159,0.3050424877551089
28607,0.45338223795848914
6955,0.43815488515097406
1290,0.4404284448005974
13910,0.483438253453097
18528,0.7861942804995301
601,0.4720519481501906
30090,0.4080949304849239
4238,0.6299339917661914
20482,0.39611296198374824
24063,0.4186883119277366
1816,0.46439896639936334
20429,0.5278630347580209
6083,0.571732950706781
16345,0.48183338259801706
23042,0.4814744290137918
7949,0.33809731493768835
19881,0.464146214530087
22634,0.2814962783595724
9896,0.34461578954760475
6245,0.5917705280329469
21540,0.3089693753947337
10711,0.4431391630623611
2051,0.6825145808887695
24008,0.40016416502553864
12228,0.4713223378524583
21156,0.6584867265591525
23043,0.3908781678163818
15049,0.6140836483332329
5501,0.4975614956077361
31634,0.37889364105519246
14853,0.6259640002494904
4799,0.4648172949378492
2607,0.3172685908247581
15195,0.3354268820026183
27166,0.4485031830265612
20034,0.2665333461716236
25116,0.36146528108341225
1504,0.2848525215210879
16659,0.2502669642436515
19865,0.4328309725892402
33217,0.4244213703793889
25592,0.3082558963590243
27772,0.3682141591737998
4681,0.4473991678811904
22812,0.407724993675666
12405,0.22636901896855807
310,0.4210111326064284
21097,0.6118232236839269
28834,0.3239456469880603
11500,0.3186314826787817
24388,0.44999431867754747
17736,0.38096070981586555
2658,0.3354899325026058
2727,0.3817043896684301
22904,0.18092949065619265
12867,0.35126638601938787
4602,0.5024032331979019
31132,0.6099518843326588
26542,0.48445308413839694
3571,0.35707086719770204
19299,0.49916812913759423
22193,0.19154321578572253
14886,0.32512091459381576
10462,0.5581190778741182
2972,0.3140183957577278
21923,0.3332512384158855
15192,0.7768020338291715
28184,0.6321006392374647
32406,0.6807581318297715
5799,0.3700408950526651
28156,0.5636781085763507
30621,0.5565195902824138
16270,0.4176282473954175
12980,0.6225897083513791
2469,0.5117345223420179
9422,0.5077512352638237
3278,0.4003318981089419
18936,0.4420128482659479
9224,0.2549359913544095
11331,0.7160909312314699
19004,0.728738781261117
10232,0.342979675076713
28219,0.5952244099735644
7726,0.6970971205120846
15709,0.22113814954240799
14530,0.6025123219294418
22421,0.4024901833007196
23000,0.5867677676981218
8695,0.6747167954380883
30710,0.6240149190518268
10197,0.1867561135219077
171,0.6598443502667335
14466,0.6802158800922371
31919,0.5237917890321339
28886,0.7730171730610653
3589,0.35494758978654967
22889,0.6089828701270675
6181,0.3615408164290727
9628,0.6286616329507158
5099,0.3815849970382346
26757,0.28753058732974607
15231,0.42408431678590225
12420,0.2902427938908613
16866,0.34962638598478
11694,0.5352272087614354
8595,0.5585146377705198
4153,0.3823147227515203
12826,0.40140869528153217
13222,0.5346358707297405
1853,0.7189120377077228
10665,0.49271770773862766
23280,0.6871864550072337
17752,0.4665404884928016
22260,0.38672358663508666
12586,0.3525379467559804
22148,0.3734381085381725
11874,0.6079409510642906
11872,0.49353408804412946
22677,0.3040214429749136
8133,0.43943002625142696
14639,0.27069954164430904
26604,0.6362742917501479
24244,0.2745925434257706
2684,0.46527349682777697
24716,0.5695651394794388
5590,0.6874183882999613
20472,0.3554840810330514
28916,0.43984421898064124
20824,0.24528263169990946
27603,0.3724450236921866
25617,0.29334517880394817
7119,0.30616627294827903
14774,0.21160777287571786
28355,0.6019104353145242
21093,0.718843522876943
3945,0.48599005935396433
4474,0.338115126247157
22277,0.4342511921639801
12706,0.6276584993318945
6122,0.20786403887997446
4478,0.6614806820375912
17368,0.7604503110640417
14347,0.56988722903638
5598,0.709342583988055
32177,0.4182079761979643
469,0.37847100713735204
10010,0.4343470001778954
564,0.600032514950506
10037,0.6148839333003082
25382,0.5746381864365239
6621,0.45448760288556994
1098,0.2527915084930703
8734,0.5017114950900491
11852,0.5695872546880971
9517,0.48039959300645574
9479,0.41217198014841916
9170,0.3982173888014529
16966,0.4574677087957587
15630,0.49894115647472487
30908,0.4932320660434755
29425,0.43209224105188926
20693,0.41660822233379574
15746,0.671701492687368
1431,0.6442575359914791
9022,0.8104636595129991
5886,0.42963377160792166
13756,0.6901180902426157
27009,0.7711547414328048
18250,0.44399247385226964
29431,0.43930252223429245
11353,0.44330062719577235
17324,0.4408829558129251
17901,0.3584779293368949
12290,0.552299883394153
15894,0.559087913630849
28724,0.501535288276003
26922,0.3756892766498397
29015,0.42404844913652073
27400,0.25929299811990864
22268,0.23503794265210465
11870,0.7187834737718182
27031,0.5398401422105754
21544,0.5260017941295124
1705,0.27853733043912643
20840,0.3177134530773835
19699,0.3359425105446765
21047,0.3493448389648715
27939,0.5172429614099044
14802,0.48518391221097656
23668,0.49051514561340975
9144,0.24867074748168047
5795,0.3240441667375083
21120,0.40309193603383064
33243,0.6054644626834138
18329,0.6342936508189904
4479,0.4716377195141694
29020,0.6260459037637148
12460,0.4781534566051928
15477,0.5176313681394338
26303,0.32130625160508935
27719,0.3725476797783416
13002,0.5251043479882781
17454,0.6564028602494193
26235,0.4541066076527831
1257,0.22842001336573178
30374,0.2173262928248165
9683,0.48553026648547953
8669,0.28533599602057613
7761,0.34577270549869477
30108,0.5131968236985677
27806,0.42090879944144777
1523,0.4234930483965414
5197,0.5695803494981015
24577,0.31343863167096636
19168,0.5655972163762013
31130,0.5824020074085486
2724,0.38053213680846687
28542,0.5840236432937326
9903,0.5644044978207174
27796,0.4247438379628107
23224,0.4211912327503296
16854,0.5203042812664779
9544,0.7111710944063258
23836,0.3880365005165751
1696,0.52058787827649
2346,0.08315904352295939
11491,0.24797750033079266
17896,0.4129317490377419
9097,0.3029459134178826
24025,0.4013376846359698
1293,0.3848876323113652
20991,0.6863767027486138
7064,0.3054641358776694
18511,0.4261905516637375
20356,0.5491277671030903
25160,0.688731925359363
24038,0.6754303397801825
15774,0.7647486477318319
5388,0.5475526063321713
2667,0.33245156253592234
16802,0.5142576891980447
4173,0.4478119007011875
21399,0.5278595423551188
30708,0.34044227138954725
7871,0.36346389349738134
22085,0.6089481959518687
16809,0.5638425668578104
10015,0.44870985324710855
17305,0.30691936190350555
4546,0.40733286139522956
18484,0.225790736235294
8013,0.284411529375777
2159,0.49008509389444505
2433,0.47620924576763607
7913,0.3496214338734057
16626,0.29546439595789126
7466,0.43594252584451815
27337,0.6611070198172697
29460,0.47751010456318516
28028,0.47769172064893917
25108,0.28153135778939603
5786,0.39962391220243726
14445,0.44373323485462185
794,0.30661502998960827
21463,0.5758005404911722
1666,0.4769409327095661
19311,0.252957611106417
21395,0.8497755923538394
26418,0.38946073499542166
12047,0.7500494672919148
14713,0.3303793821031611
18049,0.35349654612187764
33283,0.4361727989288104
2546,0.20042129542875384
24956,0.7293586369581226
25478,0.3214043630304115
1630,0.44145449126316394
17532,0.47504439347659616
9274,0.5404222272197984
22259,0.4539764424719056
21185,0.38931077754926946
13185,0.43590809303770206
21965,0.4404041264444785
32756,0.29522129508193645
27855,0.5354183871447334
32136,0.3673109636238433
26736,0.5631437809638697
159,0.43962364400857784
26522,0.711398325399228
32352,0.17987651691337636
12462,0.7712169731221271
30517,0.5567853031970403
13831,0.3817339925839746
12747,0.5207060824757128
6108,0.43926951111265344
30327,0.4395158893038025
26160,0.6755829239690178
20962,0.7297705551433366
8931,0.38607364684847634
16570,0.37464208797120746
23863,0.33975759570552133
23640,0.2897052956127494
16408,0.40694250926143083
24214,0.4340892238501233
24913,0.7080124606347822
2230,0.41516519959613646
19685,0.46403400796255717
24114,0.3298258184745112
8277,0.20826867586794137
9824,0.5770343365698368
19714,0.4292877366710364
26533,0.32293374397806074
1421,0.3475733269895441
2950,0.49229789017834424
3132,0.37431195488748487
9749,0.4066885077218124
32973,0.37946660139146204
32897,0.5751069108436971
8785,0.5182764126350446
13312,0.3587420225909972
31031,0.38556624067643774
27829,0.31723063952471925
11294,0.6455090622967028
10493,0.6469217808776642
21460,0.290345957870936
31863,0.6415670164513573
849,0.1986176531577051
18350,0.7513688050870815
20940,0.45688251674057745
20724,0.353291493848869
8500,0.30696108992816823
17464,0.3004135036595437
27170,0.7039424422458352
13552,0.33300433570631277
28989,0.3632091922314892
25659,0.5020190891282225
7090,0.3247113918594986
13356,0.524701024349254
22300,0.4146361870037709
12128,0.43233192398368137
14476,0.7626560609105458
14273,0.36152944498265593
11236,0.4187683625516465
2796,0.46390171474363945
30109,0.6860797464515596
28118,0.4327301594556008
17664,0.5090633410245772
30237,0.3669964734667335
32072,0.6391352774200619
5610,0.4679051648651649
14817,0.3006719952281826
16207,0.5528514467175769
18851,0.44365806638515576
1763,0.4560150010406876
3256,0.49684540977430824
19375,0.7719958501289838
9437,0.4150624247100063
9508,0.42310372263246643
20338,0.6944905042214309
16984,0.2224249345667
2973,0.43794919585725206
3342,0.37655088777083373
30280,0.4717148828181695
9531,0.4332265948998803
3239,0.38731510515137774
12640,0.525316174249892
13392,0.3564064527742433
2014,0.7183191343332782
9318,0.6011612349960131
31274,0.4505788832982315
27778,0.4578221961060899
16091,0.3835228632257603
32913,0.5608166054721171
10749,0.7717498562565079
7378,0.48263383096788615
18495,0.5823466277635981
24862,0.40907506600587723
6057,0.4136282421630242
4937,0.5227668016956062
29948,0.47324061052638944
31914,0.8134070367758849
9727,0.5261907062298303
13431,0.7688806025053938
5476,0.45798687579100766
17806,0.7426762226963697
32431,0.642864286510361
17699,0.4414887688854009
9715,0.37632095775843516
25224,0.5327405190957676
4452,0.4426935466539038
11079,0.5194003511295989
2054,0.2232813878688713
24954,0.5019856921058611
27381,0.3782183106046036
23491,0.3984082177796875
9875,0.29650542570421873
1701,0.43207621971196325
25560,0.41421400808496806
16630,0.4947187804945426
28194,0.35697314749595077
30171,0.5250894985541047
10438,0.5647934052588335
14393,0.3823155005265258
24015,0.6460990313749523
14540,0.5547140494644313
5966,0.30696866034122244
20241,0.42554234910439787
991,0.4927497077928311
16860,0.5008447883967277
8048,0.19268475608796895
17086,0.5768800590765979
11210,0.6024137362917694
2537,0.6720247846324595
20085,0.4108375231611907
22890,0.3280515326559018
20659,0.3097823195587371
11813,0.34591068864766616
22855,0.3892299466130033
6134,0.4559326417895606
2439,0.3796223343604891
26615,0.39386105680783806
441,0.6630815417789876
32964,0.48988892828371616
7872,0.32344179022245084
14799,0.443487400610222
29019,0.3119372127276701
3586,0.45205531984367336
2494,0.3754059685140742
11102,0.41436351294299245
26716,0.3764209145814576
28754,0.40049429879582704
17168,0.4771510857644248
5433,0.50848778694514
10569,0.3305495633405952
21999,0.3705277551316094
26347,0.33180622198915805
15255,0.23317840186809463
1643,0.42169785226280976
1268,0.6398308055481998
3051,0.7598113671529017
14797,0.27979750092416944
23741,0.7378678501186822
9247,0.5938404416532326
21270,0.45427048546828847
20337,0.3257184609456036
8651,0.3027992390826656
30401,0.38497692051303634
17234,0.7871106973822274
3363,0.44030082703824763
1324,0.6161344242341558
1673,0.43061399972840314
23761,0.3503023156971592
15808,0.5921732592277056
24092,0.4709605156972974
1632,0.44619559684111626
33058,0.3536096333038327
24257,0.5716515920198297
836,0.48098664955667325
33313,0.2568250984291768
22402,0.3047557426905193
15189,0.5572070349438614
12493,0.36208227364246964
27151,0.49835229143583737
24027,0.5427397068289536
28879,0.533282691179633
27575,0.4369302111043246
24073,0.18287183528866136
5608,0.44161905318077876
13933,0.3801431831626355
15793,0.47613250884122715
21237,0.309112164712226
31187,0.48019113727268986
12752,0.2781343939266855
16786,0.7155101604503361
4258,0.5225484753817086
7202,0.5053721161581238
25303,0.3795843269731415
14180,0.5456459670356477
28814,0.43415605881165353
25075,0.4548672896351101
16143,0.5099313131412996
5263,0.25926087757109556
9292,0.5538922767826779
23904,0.40519421188620414
13236,0.4865953265393539
31020,0.7820315465207384
14808,0.3162774508305303
30113,0.7090753455825695
4972,0.236866041343945
11048,0.3066610026820541
16531,0.36526439188058824
591,0.3390896295609586
14324,0.5684646696802248
30372,0.40548387336366487
31560,0.47230587550571435
14647,0.7277176809954403
22368,0.620542962952928
5712,0.5915012351634278
27291,0.5810479700302891
4524,0.3671120199549488
16810,0.24540105843587387
9557,0.5149320659949964
5448,0.3407082031856937
22418,0.5363099623252611
6536,0.4724917395587313
6138,0.48835859022056943
6438,0.4419009125437437
32488,0.6594789184812566
21767,0.7131680627971856
13525,0.7316490893714064
9552,0.3554640365824714
24389,0.5402989561614988
10419,0.45130529669504976
5809,0.49683673328066813
2993,0.5149173149756904
3276,0.3838637003104723
4897,0.2800876976337889
12328,0.5078516734532299
31208,0.33493532930505
8749,0.44157726216433685
4968,0.32955796410817023
29872,0.4722355816590863
7357,0.5813115844095522
19208,0.7257715658668247
30257,0.5325813110774438
6933,0.23135302667355834
24996,0.23734561988852898
27125,0.2929512882626783
18820,0.3305488262903686
14627,0.38739803267734896
15484,0.36183034608298875
30000,0.4778954322791923
15248,0.7061213852165927
32579,0.2332278121101026
26103,0.3280712629927005
9461,0.38654101758862436
31136,0.6961296943414097
4280,0.3060980717737713
416,0.4863997781837982
3096,0.430700355811493
24979,0.8261051246512294
21848,0.4873045389423161
27898,0.29815221848859697
15947,0.4594142419715991
15580,0.5502853321818957
30348,0.35957000864029065
2375,0.3050720779668446
13323,0.1912964605296228
29649,0.41107646668851433
30994,0.5221979823417076
25753,0.5636256603154122
28561,0.24424936355976612
32855,0.42392263502620864
25750,0.40919597543237735
32785,0.6983876183841023
6587,0.4679512447149379
28898,0.49965385844166466
7102,0.40789478013706226
28446,0.49772680575066053
15239,0.7333411110294412
19177,0.44451173370330105
29785,0.525685127017274
1965,0.710008944645107
27431,0.7612168975766833
25354,0.4172588458127271
24795,0.3154297748798911
23599,0.4306334569038011
26322,0.33995930125277657
25819,0.33218831319103614
24381,0.37809431396655885
17392,0.28293354653246433
8610,0.35112715919495374
2321,0.3616531216947189
16161,0.3421170078716007
20478,0.6719916230340647
2270,0.44658800107125723
23629,0.6122338892162215
22727,0.40393469166489243
32312,0.1925001540950362
28540,0.4115776214996481
21623,0.44422112953653764
27297,0.8473283349250392
737,0.4388338208233306
1757,0.2802830979483106
7233,0.5784046981644838
26246,0.26831691551182146
16157,0.4539877450612072
25926,0.353650744098275
6950,0.4169685186104964
20509,0.5359992370421784
25067,0.5616873782291708
27211,0.6706068873530161
14335,0.8282963793823407
817,0.458576883709359
24719,0.5334311362483458
29838,0.6872728790571603
10173,0.4289130417862741
19977,0.4151710762726732
20215,0.46895554607027984
9619,0.6706984011198317
16670,0.3140666107201509
23356,0.5678802983741092
242,0.2930365289566093
477,0.4356490221259661
32573,0.42031610719315227
7576,0.575770279129385
9090,0.4234233368642892
29338,0.430700118294409
23489,0.3929507230011562
7763,0.7222298979657297
28448,0.5635498212693609
14126,0.2868487628174382
739,0.4891727221762179
5525,0.3002013706529448
15669,0.6163899584460395
10233,0.47205141708241183
11468,0.26704587125266044
850,0.4255963403664378
28835,0.663437833549807
24742,0.40592819650135414
1571,0.2946737504022972
19677,0.44848983577159024
13664,0.4105746373345917
25857,0.3950224798792134
23860,0.4487107497006815
28597,0.3306091829592327
7263,0.3271584880230168
916,0.35933975573489674
31911,0.5182179119932316
31110,0.39865010491979097
6993,0.49385454129775413
15660,0.7263110838302343
31891,0.6072114556945447
2425,0.6389240377368527
5075,0.37810791301182645
29196,0.48022241224141726
4931,0.6125499483484196
27953,0.2777986793132439
9760,0.283584536289458
10397,0.7025277937427573
13505,0.443958061365029
8153,0.6412853127312725
20236,0.4691783596130591
22065,0.19388025632227668
21434,0.29840398390321476
1372,0.469630458690574
6717,0.2541844561883382
17069,0.3020373784760597
6334,0.4774830481006388
3185,0.45210095355416796
20000,0.3981545573574974
16847,0.7244515524550785
28598,0.4707137984737393
8169,0.39992226228262323
13567,0.27325740968149503
21228,0.2914740168028069
4506,0.2974861599040742
19963,0.5909139968372403
28109,0.40213857140580395
18282,0.2949349370655995
25893,0.3565949347381439
13645,0.33825850173145783
18833,0.3631265304376537
27504,0.32607816203995643
22743,0.7723588314439891
12296,0.4285529113133231
5810,0.44282620579249876
31756,0.7758013245639903
17568,0.3137830150635472
9752,0.8135238195689879
26924,0.4212977954748909
18290,0.3455651774833038
18357,0.5869534598262863
11898,0.4281158337369002
20090,0.41251662487083957
13951,0.5323310869332613
26358,0.5488332360432715
33347,0.3256561951703212
4910,0.4362882933087498
30590,0.3937346021862959
13106,0.4800059634179638
25953,0.34548076487502594
7504,0.18841044154194483
4621,0.6355440834938445
20122,0.5036804399302579
3631,0.3229307437947363
27710,0.27534272430443046
6732,0.5957983025283916
24768,0.45426617894408794
913,0.45540794262438494
23187,0.3035002885871986
24540,0.4045572075730379
19694,0.2819019576016868
11470,0.7832924536779046
22587,0.2884339766360376
12309,0.468361516317759
10229,0.2204744379883177
23016,0.4670902038046043
11192,0.6015027773011653
11926,0.4003004627463238
3960,0.5755166425294038
10478,0.7096425516075104
31447,0.5575365845074493
8895,0.3267233962458933
19890,0.5089230669981387
13572,0.3716951619485954
10805,0.3589420619037926
16081,0.5173028626791562
6678,0.6838559269687651
18898,0.31091713633637186
32768,0.6097507345406759
3250,0.3990799727863729
21607,0.6185018309274868
21240,0.41856363247332506
31663,0.35077748585052254
831,0.5485540587053487
26628,0.45795317436816857
13159,0.24466694420915186
27006,0.4203229269285928
18658,0.4968022491973847
23260,0.5903966091260724
23181,0.6937106786752828
26887,0.3625276914592797
4119,0.25425554893136737
2295,0.3980623912559833
18568,0.2760483215367827
28536,0.3779762126774236
16167,0.4805368486859789
15339,0.17051467760008385
4794,0.5293810998425625
6262,0.5574258746142562
5643,0.298216499051725
17949,0.5595917398986442
16116,0.53168485976033
5677,0.6494660862276308
29328,0.32185331526016286
27526,0.4171478287723546
14243,0.28760896345164244
28117,0.44548401519745495
32074,0.5253305302654163
12362,0.7150257745349935
974,0.30084066191596853
14144,0.4172487488613292
28967,0.7778985290743576
12276,0.644636950153486
8214,0.7069191670820192
3896,0.4735262387012025
1292,0.5593227139981999
11193,0.3676887832077261
21802,0.23368484807342893
3345,0.42256551662852293
28151,0.5932320553988423
11565,0.7942931512802566
15585,0.43323341139830557
7845,0.6297119399538388
6098,0.5241978950513966
21301,0.45518522114346444
19818,0.7493319602636516
12501,0.7483311509378242
6353,0.23067384425542994
18226,0.4475511240091654
10471,0.5974545540106514
11537,0.7994682596151774
8451,0.39047306303883456
4967,0.3901630199865864
14651,0.46365455145404333
7717,0.45049429947257397
6704,0.5505365073532892
29038,0.4008815206462214
27319,0.32691557264925253
18451,0.4247103064100697
3712,0.535232500044437
14809,0.5008866076338084
20080,0.4701517348542577
21594,0.48258282192268315
5190,0.42318318381014036
120,0.4439493638920082
31707,0.23952769223531567
22302,0.5361882522905114
19579,0.7678534970386335
32149,0.44869481272994083
630,0.4439680307734888
24884,0.35878763490737353
20938,0.4234549488680957
9267,0.2896004017349688
19421,0.6611673802825231
1858,0.35990766321316947
10564,0.5065550144946978
28221,0.6274532735598012
26596,0.4282404614294371
2662,0.4186516482075444
13242,0.792171248103158
16911,0.46673329634283484
3271,0.22852028633279245
2177,0.44927690491742084
2224,0.38252890643649046
26853,0.7111404188615207
23072,0.37685217542270316
23228,0.46265766296846805
13577,0.669030500352059
30220,0.35189930989343526
30887,0.3847919383569028
2773,0.32082479763086597
2446,0.37168466990657123
15787,0.46906447038249816
8011,0.3283395084266607
5133,0.3063233248716522
9449,0.5267670748019333
6321,0.6358426841591228
5092,0.30752770551019193
362,0.3913790177369768
30654,0.7156378007379746
7322,0.681129035429511
23915,0.40132889125249044
2101,0.5346966576760445
33085,0.40971539873817464
24089,0.7642631761229332
13068,0.2754941219993261
8698,0.2360334153156739
21718,0.5914994641076812
76,0.32944833873084395
22103,0.33736767666718553
22657,0.28726971775923005
30086,0.5836517406020119
24040,0.7266090110281226
33378,0.43750535692262915
2257,0.3986328183059629
17501,0.6487722313602663
2315,0.3164061181706469
22673,0.4739929565658026
25364,0.4720135193166071
7791,0.4974457364686629
14789,0.31955377560882736
6645,0.37458497447223044
32608,0.5638768192321209
31414,0.28292742575497415
25456,0.3968463272514177
25991,0.3127611840394665
22590,0.7680830656917209
19910,0.5446760326690661
4893,0.7741962510205154
26097,0.23363712855275667
15881,0.4547508873812704
2011,0.4721223016269366
6162,0.5713493634958483
29689,0.5597167038379434
10859,0.27727924820788863
33309,0.40523109177702066
16832,0.38892129282969223
31297,0.2324082926381009
18897,0.42789628006462993
18690,0.397295641787297
12483,0.39560195987457264
13600,0.49481612350846255
11938,0.8392409909187565
29933,0.564445850303636
22583,0.6899165804010355
17886,0.3775828866621622
13448,0.3478751289422756
16992,0.231681843958008
15649,0.30810927601747296
7120,0.32937441912171833
3900,0.4246046718453704
7897,0.36125985752716283
23903,0.44643819310825095
961,0.2824213176235474
25440,0.4410129144070488
32828,0.2098795776672109
26198,0.5735682138377729
1436,0.5114937530166992
19452,0.6284832406212704
16119,0.2938996909139936
22856,0.5246089511657008
22161,0.4246913075034069
7264,0.5227020369096691
20029,0.3058241350115254
6697,0.7134749609545006
7546,0.484740749966776
18863,0.6271955576946299
1846,0.41097101526900515
5770,0.580066060472899
14453,0.3374214991001877
4578,0.3137116258726026
32672,0.5219025725588444
28689,0.48442329968964937
22650,0.39162860358784524
18981,0.44610573316657354
18556,0.2589319645012432
14032,0.6739620787599436
4608,0.731138236947846
7228,0.36359452316721624
12937,0.5114332877092078
13409,0.3445547716950271
25152,0.6892921680531129
19229,0.42200657904721406
647,0.3014242604291541
6155,0.3983376258759022
17236,0.6591254251830002
30115,0.7067631553795557
12832,0.32082231133309386
24976,0.3316787499971722
10944,0.41737617137012045
7329,0.5640405190277109
16215,0.36214092282041904
12108,0.36027672347073036
9024,0.7269084728945501
5038,0.25375791724889
29859,0.581002489190952
4975,0.2710198479254936
18541,0.36176854878881887
20028,0.28434652649422176
21064,0.4253414623958261
22668,0.531046827540161
7910,0.3665132514143856
16111,0.44802571440099215
20637,0.44450444849615406
26240,0.48387443579409495
4159,0.5291870508215885
29964,0.40045500657154237
9244,0.6878100877439136
18740,0.2875493126909543
26845,0.46091469011609965
7198,0.4615036485168295
12532,0.4613737132387109
19190,0.4505285922259205
5607,0.6115552041814399
20716,0.37508891131683636
22367,0.42845730772206325
13203,0.4978711139037159
25339,0.48951989442879784
20903,0.48605283224217777
10044,0.5000337513618855
7018,0.6556675732080953
25792,0.4571949026862965
20438,0.49072234442926094
12491,0.5824832092155633
4552,0.5141458328963603
2251,0.4932122141662163
16597,0.23624412393112362
13776,0.36759639440397346
24204,0.30960554639211674
9213,0.46266533854410885
19888,0.45853602321510606
8550,0.5855745603670938
20802,0.3904465495432323
4320,0.6931838496967547
32393,0.3361672594621214
16540,0.6383943781091918
1509,0.4484099078581123
27865,0.6710372503135534
24969,0.2654357377151641
25370,0.18537960933722036
33207,0.4045138219310733
24042,0.8106797404753795
17747,0.48921688536466396
27584,0.6089946022278171
19840,0.6265683673940886
21918,0.39300993382313787
20761,0.35446289163643335
10813,0.30809025373845
20989,0.44289680272866
12400,0.4396723511789194
25217,0.39461495163324717
31024,0.8013737811478415
10817,0.5878180309220633
33216,0.6371677035985546
33247,0.3543328066997246
20997,0.5930909092403037
20807,0.32530275093177435
29921,0.38951232012480436
22675,0.6116506956504466
29139,0.5975373562672109
19521,0.3939033495279626
22032,0.5090451928381357
3354,0.36553249893948475
17015,0.3169595251379825
25321,0.5320719938484143
25475,0.40437100590904024
8392,0.7820709791179398
31435,0.36930845675992413
21975,0.3900225792672622
7659,0.5110375084007172
27487,0.4198107392739494
3548,0.4732292865889059
13233,0.6382115887450539
21613,0.6705486709655141
20219,0.3507566690085437
750,0.3432521754528848
2228,0.5480289398019882
14950,0.36649393353953913
16709,0.7496311003287772
24895,0.7067332085632702
32210,0.23808619843572365
10097,0.43326751993180174
24533,0.49507140397118815
12314,0.5125879789383099
8972,0.4616125884513969
26863,0.5340704667421495
15451,0.2889262295683137
31005,0.5317363102257471
19813,0.367879383897878
25767,0.38346868659166766
13211,0.48356199098407265
19872,0.618167832792228
13981,0.4568559421920577
25778,0.34462113723851984
32571,0.3721651342523238
17113,0.423430820096376
6339,0.38965023455962233
9813,0.5050179840622133
5031,0.4634695824589549
29561,0.3804191757981835
10870,0.7186716181049885
29810,0.4319945840572375
3504,0.3912618312818939
26139,0.3830709554220843
559,0.4667642539578978
3808,0.4608853872972132
29479,0.25364891585307203
12412,0.3289023733903217
27367,0.25026663972141144
31347,0.4962722428658913
23464,0.41929049525231893
17504,0.5838607369898909
12106,0.4308155808190482
30430,0.5205255340432535
23663,0.6768263421177119
27468,0.6312895134797188
23293,0.7319147086253802
26466,0.4090874395120866
2428,0.3870232688057575
2987,0.39422648433436314
12638,0.39613433878089205
18663,0.431640848491438
31768,0.42532736233053936
8219,0.6576352216486877
18757,0.5784543780718414
27411,0.3585992042373502
16460,0.5415064475870305
31112,0.37826899699602295
31353,0.2770759235565259
6787,0.6646075353031418
27630,0.7354843819426586
17841,0.5553523968920799
18268,0.4472583471488324
11361,0.48586604111915443
6738,0.5110179146967317
10282,0.4696819481228291
21626,0.6587710481310096
18111,0.2803213866445842
876,0.3977756162445116
19892,0.4396421136067968
1405,0.31358488155457986
15325,0.5170311395353472
21488,0.5882199877679084
18598,0.5067311833853659
17197,0.5186239593867868
8487,0.42736036442527564
22614,0.5899806203639092
32179,0.32188087548607874
11161,0.3822654538274743
15608,0.45411903821045035
16226,0.4607896348430906
26805,0.7390317506559044
6578,0.18807762953360946
1308,0.4095355214152609
2979,0.2674132151631103
24916,0.6755085740797416
33345,0.5104098383365018
14785,0.6262832527401605
20557,0.7275825804646984
3666,0.6013748558323303
13997,0.4893854112326794
24973,0.38668896994301377
28354,0.3209843754823187
29221,0.41756488371236994
19509,0.45709304358626757
32550,0.40277235494031266
2810,0.32933269018837047
4726,0.5228822530234444
20634,0.6211949987567138
7025,0.5418956812622454
2128,0.31757522606620403
594,0.4440571541945545
20680,0.5717477258919004
16051,0.35128037972299
449,0.20655739454721259
10153,0.6409417395511129
17975,0.4281609157782133
26011,0.4419020761808856
14173,0.5352092042821757
5185,0.5317162285169574
26603,0.565634123747873
5587,0.38201234505960674
20027,0.4365135341697322
19636,0.42485511198581866
4128,0.40498677909497605
14654,0.5042556281169465
21499,0.5883827882418468
30605,0.4856784510290744
7742,0.19210045993220695
23290,0.481057171963814
998,0.3754550713325933
4272,0.3594443250240551
10855,0.37390507944685936
27131,0.562112428635594
18266,0.4639556836493752
30956,0.44984537904342253
5512,0.5584267278426199
26782,0.3541166453947993
31010,0.4452856283734177
10130,0.42167769731884236
24235,0.42136685192621237
18428,0.5409634213941064
15708,0.30134177028438597
11035,0.34724353253510926
8267,0.45595725781600993
2919,0.5468842922024649
33146,0.42409150792830536
18723,0.39549564641488527
26850,0.6328103152125102
11980,0.6024326406410647
17037,0.4565340861974891
26130,0.3594784350724341
11455,0.6487372426604829
30720,0.26595708743334995
10357,0.43788028780883137
14908,0.5137385549670783
2621,0.40530568535728173
21570,0.7076915397152704
17620,0.5735140882099389
12270,0.34576643247467015
5838,0.193081715596946
20243,0.5141857612662106
11386,0.48705748634432044
3904,0.3006514218912092
9558,0.32075395843376336
17374,0.3866724809821032
7126,0.6330030433899682
8787,0.4293217206175054
9579,0.3990760051434071
5724,0.336038151374211
6709,0.564105355896724
24353,0.600429106076253
31790,0.3498525899002171
3177,0.47542837711885005
21947,0.4862908612408956
17692,0.42412940734941373
31283,0.35205264450311957
595,0.4954243313045271
22261,0.4438106223739797
19159,0.6736998618577001
22791,0.2524224941924195
31498,0.574960023622924
5115,0.5863624913740944
1210,0.34402265854856084
26741,0.4593615521325423
4569,0.6769451340194241
9754,0.3847092488005247
26697,0.42657510956209016
33285,0.44467056426628293
1201,0.4826481637226294
33036,0.6962761220746093
12213,0.2480526112248657
30312,0.6608925237981966
32962,0.5821671586234922
17333,0.47805046903892146
24977,0.4083381987243896
16822,0.5447677366294077
30065,0.4241536212365519
11570,0.3927412255222079
29434,0.4629332200069323
10516,0.4612425542865104
20543,0.5076644318407082
24605,0.21644225343637385
13863,0.49643273219879414
326,0.47949268750576085
1412,0.3424261565277075
16329,0.22913464532335548
15176,0.3420320991582755
5571,0.5007447413231895
29711,0.2431557398293161
6331,0.3536088716921455
4667,0.40786792264435795
32812,0.645821211666521
16991,0.4298458759876385
6939,0.4369278932536013
19682,0.3653414662047685
26200,0.49462777423451965
2282,0.3357311226459302
27424,0.3519732946628749
27816,0.6551839782837001
16246,0.3073170790158938
945,0.7198539459095982
13829,0.5127110260254478
29093,0.30662060251708384
11727,0.7652622795997285
6708,0.6844415176138332
29461,0.5996681589827111
20253,0.45194320890737016
9465,0.6157090712686953
26742,0.426943378158126
13053,0.6294051147383536
16977,0.4131564628192123
25570,0.4844510367291294
15779,0.6080914172207447
24961,0.5433820685968002
14147,0.38871690570815487
32266,0.37866177431721154
27550,0.47757166487372044
25186,0.32876504158562636
17891,0.39435359453445257
18512,0.4077144852993886
6393,0.46563303703658854
6244,0.6143141564258187
8098,0.41157272662569455
1836,0.8582623033884772
31572,0.5491356831273478
16366,0.5209526635296555
21679,0.42829416157497446
7160,0.5996529086919744
8279,0.5365375812396714
23018,0.4952890432638936
26727,0.4240284227931582
10670,0.6604112490266467
20869,0.5580638209425481
29435,0.26688889635367946
28555,0.7110960395676192
10131,0.40240138861135816
26371,0.4733118034115098
19867,0.3908727284016731
11014,0.38303363870095664
22390,0.47280048489346316
11871,0.7282059350696155
22644,0.7433474993637541
20449,0.32073385635564616
4202,0.4640856719426157
13651,0.3518541460218778
3847,0.2861572747408777
11345,0.32744263347566105
21775,0.4192441599209982
31536,0.45492426845332284
14766,0.13794107265415642
7915,0.7772820404899208
13914,0.45426784220361943
8424,0.38098282785170895
28210,0.4084659645929353
13332,0.6408956968326899
4518,0.4680654980581558
23128,0.24219789678880016
8329,0.4834887840483432
26873,0.7739245151106322
11187,0.5570413172788341
4002,0.32976291067332697
31551,0.3849454080894252
10981,0.44348909519443247
32112,0.4342832425524569
31100,0.5472351741627853
5122,0.5698493967276554
30123,0.47150299497917136
2344,0.33223746100896173
23055,0.2928654731564903
26561,0.5084046522887526
13667,0.5243162066487265
6263,0.4007245002014271
19679,0.3649136850224885
213,0.695634893420796
17584,0.36491645990672295
9689,0.6535232746846831
18894,0.45832560461148486
18870,0.2562894170555647
6902,0.3366717645583679
31358,0.45621853234397985
19932,0.43330171044356264
7522,0.6309738685569962
29615,0.6923107521446501
18559,0.4218169614801618
18475,0.6741770429257398
16497,0.7387808953481851
25023,0.496854574320399
6463,0.5003080099560536
2484,0.35926168261905855
10160,0.5309497398779868
22519,0.4351588907699628
27988,0.26638851371435
18375,0.1532548356415578
33142,0.4946462560388565
7517,0.5376223740200702
11922,0.398345065832673
16188,0.48823769796103667
27547,0.4356111985235299
23241,0.43151694081598796
12355,0.3694600505729826
11659,0.4288950236869971
24395,0.3988833715228521
4068,0.45505491537693676
24960,0.3055772420700404
22794,0.6884462100280648
10038,0.33780869486316245
19195,0.3426876205976071
32790,0.3278591329636019
16430,0.8331195618317548
30618,0.6975344821947811
17979,0.5922502910362537
32969,0.4399661134950299
13049,0.7153696717085656
3492,0.5270424385664749
2045,0.5187315268224917
30683,0.5100155154202981
12531,0.4674509313103415
1138,0.4584019727099273
28764,0.790349964115355
10036,0.7314830489085322
11343,0.6800401491803107
6795,0.6119339634024449
17055,0.5393906052877565
11295,0.299494439433418
25165,0.3850701892173711
14768,0.2923170288989596
2041,0.4147056726883792
24723,0.42204254191558604
5441,0.2852692798983865
14602,0.7152652284235749
25025,0.5156803534254913
10570,0.5837972837360486
6031,0.6301347582289105
15310,0.49093873612489386
32049,0.6086515672825952
4039,0.4313554336826629
3149,0.29100410478354155
2131,0.2513783546332164
9154,0.31945989552724274
25310,0.3938030292396728
17818,0.4039173575250726
22374,0.7070831092615687
16989,0.42092339898585046
18258,0.6047123861994659
31854,0.45596576039784775
29927,0.5176714415913688
4106,0.38961486695519587
28407,0.48001363848711964
32999,0.7438813959705488
16191,0.6565354997285773
28188,0.5978294012324128
13376,0.5604422909745064
24844,0.7573125476160333
2872,0.400046223206664
28507,0.3598137433178366
14357,0.5459104985106015
457,0.3234300615110263
22451,0.3238984033599438
12401,0.37022031337809347
5395,0.38762499160669045
22575,0.45590938392937086
8588,0.602380710153107
22786,0.6589240986544037
29464,0.7612589334623171
15953,0.3422017755576822
30572,0.62077916128616
20932,0.26290270545638805
14895,0.43644618396083373
4919,0.25687363348895537
7613,0.4567395551013551
18180,0.5203635275630291
1353,0.5798183518396477
3765,0.30121707809583403
8045,0.6881939669314961
29252,0.40498555463767183
13372,0.5547657524108709
12682,0.28917648658504846
6810,0.677089123334587
21650,0.3272499941589447
1634,0.6081474536019789
13294,0.7156246934101105
10060,0.4941542767834406
6343,0.4480000164219226
26361,0.41359467162197744
2742,0.5373615865231466
25157,0.41497575968064343
13775,0.5160361425832435
12170,0.3565779722729386
2034,0.3603045601415647
11443,0.37002319095214997
24880,0.3670352099013727
16389,0.48099897803955627
13130,0.5077003478229085
26008,0.44161432041732784
21249,0.3821653804486004
21732,0.7335600088716026
27687,0.4537585608607195
33051,0.48876725429964635
14448,0.5995656930617013
4373,0.459949114940961
2827,0.5938318731152402
12009,0.5471073446657614
22516,0.7119636242498176
9039,0.5421686290978789
28041,0.6475224014353815
5017,0.40005444835094944
18571,0.7376066941811474
20011,0.3592144811281399
4067,0.38638808632295024
20214,0.5892794669430392
1778,0.5509332385279666
16604,0.38274621394994246
18649,0.25265736456681526
4492,0.5264735678394691
8816,0.511612462249713
15062,0.38087091949118446
2471,0.5540214937665747
23840,0.5958126750791994
6556,0.2737770599179372
14720,0.3656484709211925
1784,0.551246292555195
7645,0.6764758566801947
21356,0.5903141677999316
27476,0.5677609733742212
29316,0.4232603701604125
12278,0.4061413620239283
2269,0.7073988631797419
29727,0.4282316090922081
20894,0.36179486958955864
25167,0.7457211082912093
21483,0.41120166657809154
1593,0.7482084190823661
4197,0.4222122563376655
10343,0.5403316328470101
29130,0.46844478951996765
25557,0.4594387831247772
424,0.5001802221951359
18709,0.26167132899875173
28664,0.5263108019296879
28669,0.5253178913253707
2895,0.34956482685304857
25783,0.42142743409609523
14171,0.5467305131197667
19417,0.2717514060565787
14439,0.4715315978747503
31822,0.5965792598367389
33162,0.3915029044967837
26397,0.3843393691978705
31180,0.48603238225670253
20924,0.5170057010164878
5333,0.4701682897297985
23727,0.6172125180281683
32883,0.3194831495931115
14887,0.26093978482173524
12311,0.381771563396303
5765,0.5424565030280368
585,0.5178792077346431
24910,0.4334496719937083
20133,0.1884028206367562
4278,0.4677973894498259
30015,0.42881118274445573
6879,0.7434826242168584
3255,0.40181983409687294
8968,0.40333490561090185
19560,0.6073405882339179
19773,0.4159115054576049
17548,0.3545814605971518
31700,0.5245703608447317
16649,0.3715756560589182
30867,0.6196170856490288
3314,0.34960424379592087
25968,0.3721794206159167
5208,0.3598284766750632
7840,0.32814884995107374
21231,0.7032242431676873
23425,0.45297253582217073
9876,0.4073418802837549
19132,0.45169244717324425
20017,0.24759660459172195
1626,0.29162323134816925
5659,0.6546527341614109
14871,0.5084284505977811
19001,0.176676627962174
3958,0.6487705109773224
24955,0.2384250552639218
25435,0.48689836814608795
13753,0.33043478860701564
12219,0.5435197192017994
7045,0.49179084521793703
31389,0.31687105266074844
5803,0.3807123579967636
7979,0.3247031022008945
32834,0.406630575774546
19697,0.7793340027691039
4333,0.3405087295382552
4341,0.7199644773321185
516,0.3741444915498086
4472,0.4505167151956214
31161,0.7034765815228877
27257,0.5134666001501578
15720,0.4161547767316874
19116,0.4886627963275775
7088,0.5504709007969069
9940,0.31259261346790745
16504,0.6330056963033323
25388,0.6505493922687626
7362,0.5360714038831385
8581,0.6065056263287191
30821,0.7420695868861604
6300,0.4237949150867137
27471,0.45286929064467235
15381,0.46453430085372505
31764,0.45836945517728034
6656,0.6366204649978152
26969,0.4381668379204001
24997,0.5393253809017768
30100,0.30497725781936863
28696,0.7040047486635073
26715,0.2933133273665242
14547,0.7471595832867597
23742,0.3812033285107234
23881,0.5167260316918252
4797,0.7158307105818658
22127,0.41921461668307475
17538,0.6885964100041584
22033,0.29517607216546776
26630,0.48666111592248534
12868,0.316930172853282
16963,0.23119629240480666
16909,0.40109386816183806
6087,0.4236951948694806
3478,0.4284290404463444
24892,0.30398480494870705
21620,0.7983440650157992
846,0.5746826240177566
5064,0.6436803061943858
25598,0.36121528458177515
13755,0.3904796373416228
19388,0.7295319729695555
7408,0.26366430974103605
32918,0.23548388356410127
30542,0.4712791294302843
4222,0.7190812088151836
20461,0.21626581477377566
20694,0.31590808550875366
20196,0.5169354592062605
16904,0.48397221122702083
4027,0.6153739575243722
23450,0.4921596007853637
2070,0.3294255322259246
10075,0.3995176204359209
19936,0.39785198420029316
15272,0.472822390265635
2137,0.47888009814691396
29974,0.35677460383486986
19717,0.34400302410155786
18038,0.6234580187368352
17188,0.6325608911394025
21253,0.6612997103661749
15071,0.5331781986791629
19756,0.3407345993705792
28779,0.23392713995407638
14449,0.6133003970325839
6039,0.3858241434458284
23238,0.5612724713706022
27460,0.48132351937195317
20558,0.43442037693726626
31809,0.48221503845118563
20460,0.22428904604997563
2086,0.36720082364951256
20789,0.4551658760082712
5446,0.6254841977064584
18786,0.3015867596195299
24331,0.6969475857649574
17346,0.5827955466417949
21939,0.44841129473159563
13480,0.6573569905997846
14663,0.707542209235765
22313,0.42307810279862634
778,0.39363904598354504
19020,0.5188646305907673
2398,0.4291324365971762
13739,0.5357756520898925
12790,0.2637785247819367
31026,0.3304862047605701
23471,0.5021582148000657
15124,0.7978127051034904
18972,0.5224470962289429
24250,0.6874235611428425
30591,0.39965970660980293
10541,0.7691096936619116
14533,0.234686494867053
26564,0.49890363349332967
19729,0.5233922686438892
15882,0.46765225518953585
9352,0.3277079857735216
28295,0.2776943374883435
24763,0.5857386348234573
434,0.300061116242594
17826,0.47225314648152106
13379,0.36369698036680115
4839,0.34191027571143984
23092,0.6620608250235286
28265,0.5841423024934141
29794,0.560878380420775
15707,0.6653365639963116
12018,0.4064511447702826
3747,0.691465532052219
25914,0.7742279393312483
24277,0.4592999217705432
11833,0.2935406270978027
30712,0.35812175902025795
24307,0.6824149480114872
11063,0.6393808517572825
19878,0.19155213528301424
20661,0.21577691634518964
26334,0.37780023265390544
25728,0.3020702405754175
25634,0.39864503477012353
3546,0.41079492507952015
6544,0.3216389699152921
24776,0.5513005473314632
22607,0.25197708659678797
20830,0.5105888451253368
21209,0.35588049437999647
8886,0.474553795461594
17434,0.4333368517740539
15760,0.3596718596337634
7425,0.4188741852627817
11841,0.44387173660741897
14866,0.4348288342407524
6460,0.6629747582190516
4301,0.4258185362600973
32464,0.29516265380871415
23518,0.4302073665357265
9166,0.5317533578177481
3299,0.3182731279711913
1140,0.5078196696207748
15652,0.3740841639253634
20673,0.7234521477115642
21725,0.617574807350637
26992,0.43351190973806075
21593,0.316854558136025
10103,0.42883683917782656
32761,0.3143067306615164
12972,0.17008006640628925
32044,0.6496773836180915
14119,0.5178603506365365
26236,0.5408747205136033
2057,0.717529302264303
6440,0.4239380303443257
22101,0.6852844263682362
28946,0.2654526427527937
29333,0.3023262873094603
8778,0.4442223874505905
20473,0.4614796014324308
9732,0.42486249174999324
18503,0.45737657076711824
15980,0.3036199247913807
15450,0.5229902834463558
16199,0.3253931275136054
12301,0.5517380439126904
29735,0.38607581731923135
18734,0.2552540441000392
12653,0.41898567714584406
2542,0.40406900782403027
31203,0.7208222903299535
4502,0.29706246396688607
28102,0.46788600951586506
3441,0.49665325995227977
6451,0.4908510670076874
18292,0.440640010759403
30959,0.3091529559494464
166,0.3751576710140926
6051,0.3854331099584397
20655,0.5484132750591512
26692,0.38681417747235775
31709,0.300212811276862
18660,0.28109930055126897
8094,0.7380602865241547
4381,0.5027327180598041
12639,0.346430871256487
14591,0.1813905817306117
17466,0.8122476292222403
19759,0.7994600228190127
21600,0.5604931230956502
18241,0.28010714315526786
4804,0.6914476471647201
18396,0.45018017512762787
10514,0.8534692785529149
4362,0.4298846804908657
14337,0.30703923104152414
8041,0.3687062880053468
14492,0.6732677019409761
27334,0.39582526524577266
19886,0.6621273065313829
19391,0.6454423622450003
21659,0.5663669585171095
11731,0.5773743313165414
13582,0.40028158423643073
18276,0.43756199130468276
28255,0.4120406245531648
8827,0.5421313559945726
26790,0.4512199444060899
27784,0.5705122888033051
8900,0.6526733856450014
3047,0.3912132075250281
26144,0.5518279441678291
9483,0.39116396518808766
27964,0.38779843666671604
14967,0.48134577911338944
27568,0.7075489818336449
27733,0.5941354632623094
27862,0.5046653884239299
14218,0.5849814016800842
27996,0.32477302637092625
296,0.3448965269388254
15902,0.3568133018937686
17458,0.7072860425794935
199,0.19587660462927928
11527,0.1826274371752738
30406,0.33639843230784555
17625,0.4576814547274355
13449,0.5411847481569215
18794,0.363440577699917
3602,0.26453882401715567
6043,0.47569876992041826
11684,0.3007779579450139
2141,0.6744633071597297
4425,0.4729550754404323
28068,0.3476435354314385
24202,0.5274716538690013
9584,0.4638612774055197
15214,0.4369604749134568
15280,0.500743419206714
11595,0.2546430950440382
33197,0.7819720790964754
15771,0.4069838244320424
28763,0.513363824610952
19125,0.36918327756885566
19017,0.2274264154705051
11712,0.20451452213752871
18011,0.6184524299650164
23336,0.22070227030706838
32900,0.7597403905185197
32163,0.4556697856976464
21125,0.6647623369052968
40,0.588780430958857
13445,0.6761761587325277
13015,0.3704349229874181
12069,0.25813515885376237
4995,0.4249993264467074
29295,0.42841053507815446
16113,0.38119827083690017
2039,0.5251262680165271
29142,0.4451096851590268
15019,0.5100451503140225
27915,0.5289671223715031
10120,0.2875151056706702
32557,0.5286502545823146
14493,0.3118037308620088
28222,0.36962112512490114
28031,0.33727945472145493
26608,0.6676963397154337
19460,0.3456843708509113
23680,0.5405097732629882
20786,0.578221302134181
11932,0.5060288440846016
1254,0.3430740579774528
5705,0.49671461988199656
18881,0.3299496133382774
20975,0.6344251183148939
21181,0.5317739913886751
9895,0.41439264928225333
25461,0.23849875037530532
23765,0.3358994686445972
5745,0.31111288983918756
5151,0.4122434308928004
31877,0.5390863366366075
31047,0.603066336065757
10427,0.5079019809411164
3491,0.2632174256099995
24143,0.393384792469458
13604,0.4824894998364588
24254,0.32854200579159837
18031,0.4519245655091504
28312,0.3043455556322161
4368,0.48242666244193394
10575,0.3864967830207892
8334,0.41814640281590737
10556,0.3597218581324276
5904,0.4688826069583169
31630,0.4333618932365646
20144,0.46341682282733276
16276,0.5163483508387099
654,0.661986641852983
28173,0.4704092064984052
13452,0.31834318825374486
23176,0.5690908313660906
10053,0.3843161474661885
20992,0.32747131809764746
22905,0.24054432459108602
1703,0.5600636499264199
1518,0.47906089588233375
12572,0.6155914583998174
28854,0.43097633950696895
18208,0.28042588963553655
7740,0.43024249472725307
8766,0.32102105447667256
31808,0.48740358444569437
19945,0.41656719282258187
11643,0.2685286703664923
4448,0.4358160457395253
19365,0.6788608910131092
7122,0.49014904447201435
32,0.4587472690038136
3951,0.3042768864751697
5960,0.3462480976822938
4571,0.39046531033690174
11166,0.3548759054726896
4618,0.4379955244629259
3167,0.4229262441077701
26083,0.41539198299655317
27848,0.2681297763547233
22958,0.319266498493462
9671,0.6312235337098311
31303,0.45078149484108615
19412,0.6443477860643423
8146,0.31170987920984394
13564,0.2851004144659405
11495,0.5555393504278794
7505,0.44938662659863887
30063,0.42019276883770507
2643,0.2790342486249453
14716,0.35910046259513023
21664,0.5307773567138542
31513,0.3011328753328719
309,0.6532981960877063
20476,0.30002421496632564
10470,0.4117519614457199
14848,0.6229522820441044
28752,0.4593823991564843
5678,0.3108160829872175
33301,0.6712662800098449
15799,0.4066200358122576
28741,0.47960931285753855
30233,0.39180933185171246
3535,0.2805937130644935
30231,0.41604126616771414
6488,0.40451640353877694
14422,0.6326401045897361
12539,0.7590540513867557
32564,0.5368283625285286
2008,0.48824698110200293
7827,0.48710694744893046
19785,0.4800646229487755
5674,0.38074197726534503
816,0.6014720844902752
30643,0.28138367024065
2308,0.25337529705678774
11607,0.23225157444125977
5458,0.3138538322552801
23091,0.4581434527561655
15895,0.4393082434403325
32695,0.4425392392849695
5051,0.485704487838901
7774,0.4645410501420121
28869,0.47056805611201336
30267,0.550182173497893
18384,0.6373105669539567
10272,0.47174305887163215
1457,0.44519533367873776
21454,0.46144643713885414
18891,0.4401328103689937
11424,0.5367443991368612
2089,0.5304887960876723
11764,0.44336131881070034
27213,0.47236920192951787
6828,0.750100721998753
1235,0.38008091154388707
20793,0.4425930421750212
18642,0.41673950847483343
28411,0.3472678624534506
8815,0.49793389401001964
18343,0.7531312715618902
20615,0.44404786490894205
18776,0.16179016074406874
14297,0.4444121262651385
14381,0.6663627143284335
24891,0.6615492074666889
17348,0.30164596773400687
6867,0.36819783649676663
19400,0.6594293542384506
13403,0.29484802859053
24359,0.7060112586398805
28657,0.3635063678720013
27089,0.4926532487429055
28732,0.22126470917283844
22250,0.27903238041523265
2801,0.3238044362606244
26748,0.29671994839627386
7361,0.6512609348487972
14294,0.4212747335692352
22292,0.5016404442217105
880,0.2940302867015114
4422,0.5482730475099451
7341,0.46095766332582017
7033,0.46543772946961803
5112,0.2316442692121104
7476,0.6094181552748237
19934,0.44339702686709065
2374,0.4646888012270137
9889,0.3806558020785891
29572,0.5617418102619683
33171,0.6097737229764049
21229,0.514556653386117
18932,0.37483468674757703
22857,0.21118125243195335
18532,0.6909799502832668
26325,0.7179797593112391
32250,0.47066912215425666
16851,0.5431428525589944
13630,0.34862904232507164
27240,0.448796154428295
14659,0.41714093948675013
8765,0.5237051848595511
28810,0.4554354196553461
32952,0.5879339147638134
6550,0.3624037703211366
13930,0.27202876747931215
25794,0.538354720975882
18923,0.5192844286729379
29946,0.39686098655840896
30939,0.48691596221003625
29393,0.36786885834536115
18139,0.5367672424679543
1605,0.5423302306497244
32518,0.4181659956287798
20800,0.4574543541084902
14174,0.3512947847180269
26029,0.5208426182865856
13740,0.5566657026681451
23002,0.6174189903961353
7848,0.46914545100691024
6967,0.4303695158809045
32123,0.3525426973984971
9573,0.45362000625721
5106,0.4515351034408453
9023,0.615075163394157
29255,0.39023607472808913
25879,0.24807906693163917
20326,0.3861831075974974
21556,0.704974120142616
6864,0.3259248455149719
6745,0.4889933075825255
16206,0.44126282229450947
29771,0.5283661575953246
161,0.3293349542746631
16363,0.3965935048781178
11846,0.7302904872846966
32601,0.568037241255248
8814,0.36030708014568524
13893,0.3445152964393925
27387,0.6425044163306307
21169,0.2978864070004834
26645,0.3637112911019556
14474,0.34160205179856573
31219,0.4034710177221489
17167,0.35305371269412616
18398,0.6476758341680793
7121,0.42564866495950293
22392,0.6557121599806747
3678,0.10844132680601114
26104,0.29341558701789594
3221,0.4169308262077159
2364,0.3016059348663892
2247,0.4645671678207536
32446,0.32617388978373185
19321,0.3952219108780529
21902,0.1629420201153105
19211,0.46673665841517725
8095,0.3041984435482876
3614,0.37387832096413465
12718,0.3354538800796097
3252,0.43091527569021565
16695,0.5007068809162846
29736,0.18619359675524935
27586,0.319348074709629
27819,0.5156563149770746
25622,0.4995130808817874
3926,0.4012889483041115
28423,0.29851348963360586
24231,0.22636080581695844
17694,0.5312081006209022
17087,0.6839078228149802
11829,0.435203644468426
947,0.33156297838338694
17056,0.48525774747699063
25591,0.7149539074745085
23140,0.2975824377175544
17600,0.23264006556829012
26003,0.36787795697600734
4352,0.2522696861703975
1214,0.26176632115023807
4862,0.4310462535740503
26655,0.3801816506705167
7055,0.4065276175452985
12879,0.41773136550675055
3541,0.6159712330945631
30414,0.7058033560035728
9466,0.515555057442293
2798,0.4686589908110351
25763,0.4998244997874564
727,0.33963176729927264
12507,0.4814787036440392
15092,0.44165310919091466
23259,0.3469885560656612
21433,0.5707275968756295
12134,0.23452918963973193
28191,0.307886708583844
11179,0.35392030645660993
24539,0.2602134942728587
19013,0.49628262185098376
3086,0.5211657978347033
21468,0.6814047136785032
28532,0.334002739390947
3068,0.7889153497254119
30650,0.28060797290750994
27,0.3596173514442358
5510,0.45184752983592885
9254,0.6810973945536077
14384,0.5234036704341741
13420,0.5532182859741586
4603,0.793465024697102
15079,0.43954017690170266
29844,0.3704930379017756
21789,0.31575794270881
12976,0.43134658048306196
27890,0.8563351546545124
14787,0.7441461245009672
2148,0.4629354963099585
29091,0.4263097002918873
9611,0.5411570324335672
5323,0.24861479028076103
1901,0.6661321038918752
11864,0.5143832654015522
8205,0.34958694706140625
7959,0.44986837133287716
7375,0.4668244065661304
25528,0.4550390185628218
21909,0.5312848219340053
3168,0.4693079543010724
25574,0.6071459528774507
25250,0.32266627577722923
31950,0.6008445749776753
19551,0.4487311269806798
6706,0.6392621343960094
9138,0.3712975539646638
1772,0.7054542718298462
18003,0.24641708728716857
5567,0.6317975572530391
30298,0.3897947010762201
1261,0.5490205105015494
5145,0.30918335346301223
12162,0.2148726243309949
26583,0.3374780676434125
3437,0.3641509512746491
8101,0.19093488440840908
9776,0.5114932655410829
3408,0.6430546670229503
28224,0.3907429122993925
18214,0.17366294665327728
21357,0.565506434024984
30634,0.6544961699420168
22115,0.5446966369544527
28131,0.38178374857534714
32726,0.3710468199376132
10420,0.5036724488567614
9103,0.3865796451085318
27306,0.2737105102383917
23646,0.4015682212816002
25677,0.5665246750649681
9192,0.64190637898701
23642,0.6510386378566692
19023,0.6458503574550962
30568,0.7137015900286716
32520,0.6639271852256551
32765,0.3896979621543843
4410,0.38582169603212907
5790,0.3882998782155326
1790,0.44466156919194544
3680,0.4578782396962083
32624,0.47757038296455945
24752,0.5104561919643503
15127,0.46278824851696176
29234,0.30562447301585655
13709,0.37174029576913054
2278,0.37960853365531805
19864,0.44054973680157467
11218,0.41905472159368384
30843,0.5388052298101655
1370,0.73680154996822
22777,0.24159158948323278
20477,0.48784686615943085
31000,0.397283741234994
19434,0.645754289359749
3807,0.33612408384992454
26783,0.37779977841489115
13699,0.38528558545245745
14648,0.2849478616260658
14023,0.35522602361262035
29458,0.6407046373093198
12628,0.5523246847272244
2562,0.24113413804836972
19164,0.4804423042854935
20819,0.44305973837500234
18318,0.63590455102232
3975,0.45094122331887304
6761,0.49414524346986854
4958,0.3850336628134123
6253,0.4971035570015451
14045,0.33597415224390786
5533,0.616554227397948
3972,0.529117862244793
8856,0.5547279037197616
2538,0.6387215794222981
28841,0.4029554736061475
13066,0.5539018078552411
12007,0.6492887498548324
30526,0.5444731936585634
9560,0.3897520348354348
30967,0.579476294724162
6636,0.2760500775391605
2280,0.7994778507938755
21986,0.33885507678751053
5374,0.4883528547172655
1642,0.37765543072305874
6827,0.5417836804620472
27559,0.6009551136268038
1687,0.6853685747139818
4716,0.3220152572860891
18468,0.6274945783763853
20853,0.23654690341625595
31381,0.37347711606276945
5507,0.48705263572569707
28112,0.45491811546758215
19970,0.4992243085211471
2712,0.17868210620102157
9484,0.5283277153994256
10072,0.43350714483572145
15014,0.6491492379477288
4171,0.480296212465589
16370,0.4623771397766571
3582,0.6014065801382649
331,0.5300952383422339
16885,0.3958546438509815
3293,0.41056992256324853
33033,0.5597756542844377
7187,0.544411890574058
17319,0.316507554794309
12074,0.23663570639869422
24253,0.21835963242034234
18391,0.49452283716746187
26190,0.3976447481342402
21211,0.4402515805321659
311,0.6932463311658688
31316,0.2929124661769319
24755,0.36313377509568534
7846,0.38909055402789755
3369,0.4320325284988333
29636,0.386674025774834
17214,0.48103281127370784
9359,0.2906069595642657
4868,0.40702315004043466
20198,0.6397682105841056
1936,0.4255155133556599
31744,0.6007291519058457
6359,0.5634009666335854
32985,0.7069319679063876
16914,0.4822651364019068
30717,0.5518539192416076
14631,0.35205339903776595
21241,0.48921927040541385
680,0.3191597304428923
32347,0.733228788646916
5206,0.42914736430615597
32216,0.20355648990022598
13374,0.3379535227346615
30756,0.7240354973398885
5239,0.4784981002481065
11880,0.6222879687439429
22945,0.24126082243065092
1543,0.40204612997715156
11807,0.7549478531605162
14541,0.3350793634256845
16048,0.41102185627683635
30166,0.5059210149043488
29590,0.330478004367773
24103,0.4188946729356042
15421,0.5901930575012548
23414,0.696726933751178
23723,0.45001689633010916
21671,0.3677343807682806
11008,0.5618726208515054
20874,0.2905895356402515
10485,0.4019993045731666
430,0.41911731355964
14450,0.7529892839419117
8359,0.39533989682979603
32249,0.6935207172590522
29505,0.5698363858532863
3056,0.5720280510931754
29337,0.4086303742394786
29,0.3213610814709517
7370,0.45400583947569145
12141,0.571095451702998
25277,0.3292295437666273
31874,0.4800265088295834
7857,0.7042666574278442
19772,0.8120312004791272
16018,0.4502806291436901
29834,0.6983356659768651
12071,0.4021535687144127
27858,0.5144425607212637
4042,0.3612598333052
4374,0.5043829741262328
25304,0.3565031464838716
22379,0.5038431293166645
3893,0.3029024600700253
15605,0.7366421997338757
17758,0.5363061705270027
20481,0.6000490021574774
78,0.23540189574743534
16742,0.42778965689231624
24980,0.40102486266116877
4282,0.49514897969975297
11031,0.39435063148736293
9093,0.5680383916526035
28460,0.4181400773153231
18779,0.4830653776817146
15268,0.563333853052301
8271,0.47334565510259946
16208,0.6932403233930199
16819,0.31623071574645084
24296,0.6411235336385963
2171,0.3512125498271338
26767,0.6232688423735939
20817,0.47332777169070117
15133,0.5687077973679637
16688,0.5211381487493514
2510,0.8165922286524598
25423,0.3808386947201129
10141,0.3708952461464755
20675,0.4791254806830307
8235,0.3433497221087128
3316,0.3364743735753804
23003,0.3777445149065147
4299,0.38799045585728126
1054,0.44192674228723633
25665,0.41943792334576124
60,0.586504509690383
25462,0.4265296042409941
17885,0.5719150920182552
1639,0.496479180072374
32279,0.35055952608201496
15838,0.35857591331481115
6264,0.18252219659403573
8498,0.39567582030565296
25463,0.383530121932405
6040,0.4159942101347692
8203,0.5682358462641359
12042,0.2734185822405491
8480,0.4493430475257014
5890,0.2868163977042371
1159,0.5377401496408896
18095,0.2951604681228272
12626,0.4118457295283374
16140,0.29464955976512985
25797,0.2765586044922289
20354,0.5819977267795414
12210,0.44290575319417574
16174,0.5453867199636127
7428,0.422617033844507
29476,0.4861894628521337
9199,0.5051368661502029
17177,0.36776888933376434
763,0.4518693238403204
13309,0.25970992960338596
18643,0.3666468114483237
2731,0.7139546090769137
29586,0.3975603629701978
15535,0.27707442697754076
30381,0.3814727475106744
16571,0.5089946001843514
22448,0.6529946710796448
18456,0.511416807514524
26080,0.78255455795709
14099,0.5461386869033874
32285,0.5265387749298779
2830,0.4884494671856097
28836,0.4703997850357602
14673,0.2785888261888421
21323,0.2973911753525672
12465,0.23663765423735084
16101,0.4473984291130368
5749,0.7663002394133686
9969,0.49812822006480545
25920,0.34305313587839353
32202,0.22160715334644748
22733,0.18067695934391956
1465,0.6494767380571725
27392,0.4128687664828318
29984,0.3490543363802308
16804,0.39139740962922404
25885,0.2466018088485425
21098,0.5396721833655411
9280,0.33970452660296757
30083,0.4159638121749046
13517,0.3324525603691547
9087,0.3113405868491872
26106,0.4047681119000694
19398,0.42771018849006104
26021,0.48068988311297667
13218,0.30621312387382454
28139,0.5437716873407773
12167,0.20759216415539616
19544,0.6758270861395284
2312,0.304894459319418
16744,0.40495287486205983
28606,0.4441516892967386
4802,0.44425486440343526
14400,0.6589401654191389
29076,0.39472536751621085
9119,0.36720082364951256
11125,0.5491239335311192
9295,0.48891599597948243
13685,0.3703146300669427
15824,0.5050144132050977
14552,0.45649484147923525
11771,0.713555276027119
7008,0.5338759954965302
7869,0.3831645073439026
7754,0.3372404607876034
25076,0.4577811463851015
29332,0.439753494584917
7711,0.3557802203610231
18409,0.17259780845447373
13348,0.4864136624770717
12699,0.34313242856117593
21018,0.4212720890559397
9158,0.6153521548045552
12663,0.35794907897665673
15772,0.3061874588370717
22330,0.3604869354582412
10169,0.5292004430745169
26508,0.21814141980842422
21159,0.4462830972678324
3031,0.405910755366433
8495,0.3955848123188828
9888,0.4478831164648413
15737,0.5992883492183047
7183,0.32253004316182654
8002,0.34246881420445285
224,0.33884377674827465
31528,0.38203706302558194
392,0.48914583716104765
14938,0.42472196362253295
13191,0.4197387801347442
10561,0.36619545400174064
14187,0.1957221864833665
3638,0.6673407780051309
28904,0.449151840057015
32911,0.44643514454583216
33361,0.3428145848426818
112,0.311449301912438
29883,0.46052150625393873
13536,0.28327734712110314
30860,0.4658852524387278
22364,0.43241307742350243
15863,0.4445719463123793
14175,0.5487936188693668
20249,0.5128624698569937
9332,0.2764751155222993
15367,0.7237298816683656
19104,0.4318699720137997
24902,0.6120792187847043
20829,0.5581692904367249
13305,0.4430015831158209
1188,0.4037564085193622
10811,0.47808547246407523
15156,0.4112666672004263
2187,0.5652905116208695
9793,0.3387398519010694
20157,0.6531215602189486
16691,0.3722942715873772
15383,0.5903453398545209
4449,0.6276375013667189
23031,0.4668095947308201
15531,0.5660326560894922
22141,0.34642620137918
31732,0.6428363577037469
27762,0.5661126357221345
8186,0.7320636302841215
11488,0.189645637553427
30216,0.2904070165199201
24826,0.46160250379765944
29580,0.28640489742710945
14021,0.5658642312780771
29565,0.3690993148451168
25941,0.3715711021260966
24149,0.5723345311623121
14860,0.3326960182271776
14418,0.7621879020560957
26902,0.5752364015847196
32849,0.7772707929858242
18224,0.7344625293275783
2883,0.4315801056409625
5020,0.2730071256596602
7800,0.22664982339704073
29006,0.4654411442981534
27421,0.7559253852374099
6246,0.36231959699376987
19439,0.8613547517814855
395,0.3564614050930024
15291,0.46912232757770544
6734,0.48290901425023797
1745,0.429476483066803
25638,0.4185493183926198
29312,0.3094273348808112
6778,0.73982653174213
3295,0.37856880229748285
25620,0.35270236018848905
17442,0.3817919449259984
32344,0.44777720672517407
9399,0.4592208784451236
30573,0.6439092633197199
3499,0.4628358997468349
1818,0.4385266328850704
772,0.463390805841282
2518,0.38598653184121184
20174,0.481072832247766
175,0.39634108583359406
32800,0.4213299225445866
9156,0.32786277260108426
17288,0.6307672339933027
2578,0.5927143043121404
31665,0.691537094588447
1832,0.4682183565948283
4679,0.46138716859499995
21335,0.6798271361806737
13317,0.5453509770697682
10714,0.21871857673547487
3696,0.26911792450623884
15620,0.32103959657925313
28050,0.39437913265049523
8939,0.752344629244145
25020,0.7051518162204827
14392,0.5339344990267304
4509,0.4507827489293949
11276,0.4905220699351342
4375,0.4641028217697107
31494,0.3878849122919056
14229,0.4386971588806516
10775,0.580796184560978
29707,0.35274758256034233
1797,0.7924726871142729
32269,0.7251359292232785
16743,0.5192189007320098
23220,0.4346721210443875
28223,0.5610817115710096
30729,0.3253271609028272
21358,0.4848158547965682
29478,0.6944175743386999
4649,0.6530967908141594
4690,0.3883492122078038
15459,0.6883702209605485
28713,0.32656392720433014
30043,0.4603262040816038
5001,0.39912250623236234
13194,0.5300328196697318
10619,0.2597224525646295
7550,0.4599407835332179
17583,0.3894402702151365
33009,0.5293193711002384
12852,0.4854560158148401
20010,0.2375414809516159
13793,0.46525654924517057
3072,0.48851986338770886
14532,0.35438624130103896
24128,0.5872626709013358
22853,0.25650210657702704
8003,0.7002796047641175
27977,0.4326564976515589
1233,0.6334951287481732
1904,0.35773553538887004
31929,0.3431248471298033
20430,0.23134915415194582
28432,0.4257310114426436
3016,0.41904952180747107
21858,0.6740671224779253
10788,0.38930805743982777
1002,0.255251089317529
16790,0.3704229560724835
15937,0.6699008336217159
17217,0.3953538751432683
11068,0.6033423866123789
10907,0.482091251094152
5425,0.5228690697967762
2622,0.4587862205333939
21410,0.4073931855099844
19647,0.42363557357080966
30640,0.5114261591104081
18383,0.7006787758162949
7707,0.641753271706221
903,0.38838126702391107
25111,0.6870241935193091
26129,0.4226737430447085
28449,0.45903119682945326
8537,0.3977756650251688
16967,0.5210465755363365
26110,0.2770939397055089
31816,0.6198078947021437
723,0.6774571289942379
3749,0.454690459087378
13237,0.5635399292869501
22024,0.3918139578676446
9956,0.6743545818556677
33114,0.4763075016143662
28574,0.5885291776793813
20831,0.4334173327435135
19554,0.33223203567902904
6891,0.4192480723093502
2432,0.44928699761552937
17992,0.7702567004507913
20759,0.4024952495251138
10854,0.28785691117201745
32907,0.485785235730605
12991,0.6277970498210521
17544,0.5862344343529735
12436,0.5340399195018285
29885,0.3274618809828004
19053,0.451049042387997
26498,0.5887722578972435
10048,0.23399746701935323
26658,0.4697875308859938
4836,0.30793918305926465
6183,0.46793691415795957
5255,0.7805036440308216
31206,0.6626868478119984
10390,0.6267540527783835
3191,0.2735712738991591
13098,0.6887910128132875
23328,0.6696548935028137
2309,0.2182658912981977
4353,0.4155794997457874
6106,0.2974816590571626
5889,0.3865059252464171
20814,0.4860070573510875
10113,0.43801949076459074
33343,0.678305175006516
5461,0.27648943455180397
3092,0.27871704458633273
19604,0.45503993860304576
21948,0.3772585577965238
15820,0.33341433428462536
32909,0.7889175310090651
5947,0.5385130324645
8454,0.34359986714553475
3118,0.2931046679105577
21244,0.38744449956895965
5301,0.49575728224045756
7670,0.6580511180826673
1749,0.31071306585072234
20554,0.43098212639662964
13319,0.754364522263121
10362,0.4188267788568236
30149,0.6807887625723821
14705,0.4582643274026156
9738,0.7076689469848669
21453,0.337809751144878
16635,0.21773637250141228
8217,0.413582491007227
11399,0.4152866507437955
19408,0.28835033896412315
1219,0.4405996094066451
8956,0.5681102868229956
21874,0.8004321764693938
24099,0.45525729918039226
28379,0.48859264469236285
10436,0.5606604600745901
25233,0.5455095959249574
5272,0.45348830869109924
25040,0.7314652349536466
26680,0.3650726781048446
30461,0.46605336019954385
8404,0.49689888950133604
27148,0.5967990406888031
11332,0.5220639345140837
27226,0.5109416677454862
14968,0.25663983321063705
14033,0.391614744649076
19571,0.6704498652162652
304,0.3439651252444364
22713,0.5105661994227508
16073,0.5306197167157608
6899,0.41619946870539276
15991,0.5590913786399878
26162,0.3721877631631492
4599,0.2438769787809956
20775,0.5695441643686882
12185,0.4280248292589381
17330,0.5192338250094064
21529,0.1982932647004924
19538,0.548432680730417
11809,0.3991081634392775
222,0.5713631937283284
13464,0.700690701184084
4361,0.6631605996576361
7852,0.3989843592330684
5758,0.46089888158872017
29582,0.33400979810682474
17292,0.5258021321065789
31152,0.44791198808752475
10975,0.43384290359017114
7394,0.22474813019538187
5471,0.5919779951259252
10239,0.6312023699685182
29388,0.5553917576367629
11237,0.43792609089187556
23880,0.5133644493431997
15946,0.4392041067132068
28492,0.3946985570054369
23150,0.45476883315236377
2032,0.6040551974520142
33316,0.6457349458580552
6078,0.39795919952759423
18795,0.35370046660984006
5275,0.35282687226021253
24909,0.8454787182492
28018,0.40244094315999807
19281,0.35655207711147074
32659,0.41678212183400853
19035,0.5783346966231373
21089,0.4734955999956777
28978,0.545714434172232
17012,0.5474103316565243
23736,0.6525213849526296
10384,0.4588975075317707
17476,0.5302181790636489
23624,0.5389742776351042
20371,0.5594516564447624
27908,0.42309300716655146
1992,0.41907821863937594
19788,0.3206666028590743
10739,0.33702001974006446
8559,0.27951561511265577
2037,0.5884822929816197
2636,0.7626656751313
31566,0.40573022077780757
13963,0.4084576671150603
15913,0.35966447861612416
27944,0.37917909716982634
11425,0.48580683386210466
25549,0.4163609436714531
12426,0.6524130546212945
17612,0.37216786975041916
21046,0.3292959895397089
1899,0.5622494426500422
13764,0.531218541672451
5007,0.34130467432329215
29022,0.363774479849846
4503,0.3924667283345656
20679,0.27462117676169584
11768,0.4096115146891648
22611,0.4342420067423405
16639,0.42866552872022196
15507,0.26714522614664055
1152,0.4483850507886209
22690,0.32343482788053246
1829,0.6489504600612115
16457,0.4882126424206802
4332,0.39224795387722894
2778,0.6728211143158112
24503,0.224048593427895
12678,0.2764983641092429
8345,0.7730197766676005
24310,0.3371475191701697
30143,0.6120376997300166
15401,0.6474766570508524
28993,0.643114191385236
28027,0.3535368222449746
8368,0.4245677854939927
5365,0.7598356749408922
27362,0.6407109864486318
6199,0.3229268987877063
8280,0.5834497722680652
28701,0.37686991710716955
16942,0.5373910609157365
29422,0.30914133785701664
20827,0.25618829603610505
9473,0.4266582973533591
19354,0.4775218042956154
22928,0.30872883357078496
6226,0.4046076085224018
33086,0.5575156231629667
4683,0.5879341031814794
30767,0.3360154098237046
28127,0.7034475027328331
33280,0.5546108758449444
4367,0.5029589236171912
15142,0.657461046764537
31147,0.4585988741193281
28995,0.30676933550377083
8570,0.5497231813853815
9830,0.8085657468839446
2941,0.34538714021397443
28901,0.5083833862337199
11756,0.6925586469366898
21117,0.4058568948476384
20886,0.38771607998351176
8225,0.6289761976367838
29522,0.4402276178447345
26870,0.3384827799719102
5292,0.4199639227093201
17499,0.40634573091553927
24699,0.4198769856323095
2153,0.46262968296423723
8926,0.6540022089941475
8012,0.5018442400116985
25446,0.4876741111751892
16489,0.25207251164234035
3420,0.48307524802719226
16715,0.4166239419561947
33350,0.669927104300319
30940,0.7312365127479531
5087,0.43899002639058315
25689,0.4401014808424833
962,0.5284990271149086
11645,0.4214870377170331
27418,0.45133063447004296
30222,0.49473107723405346
21025,0.47504225080691254
6986,0.44977800018593345
22886,0.4332329552350967
3693,0.22553904139320102
9482,0.5471284439279638
14308,0.7204734234212343
14814,0.24963299964717764
25801,0.37414171954831427
16900,0.447277597973402
2627,0.5875782145613648
25450,0.4220889155480999
33201,0.5547106506602283
25501,0.5209804551426442
21239,0.5279664233839949
18442,0.4309867223208275
4560,0.4944795985459329
4169,0.5401356716363095
1540,0.5175533571072005
5280,0.5916535064561147
18374,0.2653147150199934
27684,0.47835273767089354
29067,0.32192183542382063
22705,0.4899802701912605
26941,0.7299462114238018
9117,0.7213461102759291
9436,0.5273977823069841
12997,0.3938618920825973
6910,0.71168783431236
13589,0.7764282472601173
31221,0.5078925831279315
14625,0.7407729155983362
21783,0.7811465564734756
13330,0.41097965846048
6552,0.6388501794023993
32396,0.45391424539125924
31899,0.3455539551455358
18185,0.32051268452620624
29081,0.37568603773572445
13984,0.22256455995492755
14395,0.5441909815150414
19591,0.32653511282074765
29995,0.3379475249820014
32088,0.4436927791191612
26075,0.42849181051230767
33202,0.4393776714956546
20380,0.8219621791519064
16423,0.5160152697754423
10331,0.47463049630402165
498,0.3491363111465264
32059,0.33799825179673326
19298,0.4590776537879321
7804,0.2840828965129343
25498,0.6528017093239398
26278,0.41660131377033655
10681,0.3396709004394773
15700,0.5190486489717828
8748,0.4130420908811825
16680,0.5046867596703791
8390,0.43995685016497965
23719,0.8484120167310328
5529,0.4560340221175793
23669,0.5203882897370772
23456,0.36431760068531105
1046,0.42165704644591095
16763,0.37952185093683566
15285,0.32573358918409934
8566,0.2825025618008704
9243,0.6319321705503061
548,0.3778867314818996
23255,0.6793240552146765
9927,0.43392215386410926
16212,0.6369095619455059
2349,0.40506320266348295
27576,0.4241477198102502
31367,0.5148523228020571
20057,0.4486496164860621
25614,0.7269027010962645
23309,0.4394159180345124
10432,0.42529529725664383
5968,0.4282037426354355
25982,0.5348826525892146
4399,0.47203894238592065
5693,0.2775946842870613
15927,0.2720611509208824
10571,0.4159900286436348
21226,0.41742097401229245
9887,0.39173841820296407
13187,0.31099140928483215
28351,0.6780906821108231
18200,0.37338463828583734
1049,0.5538552686527245
33116,0.36198125262519465
23469,0.4179126846234219
16633,0.4132841226989512
7678,0.43405639476871444
24720,0.20847433756401532
5969,0.21592203578484329
32961,0.5373534708061334
13757,0.28023833623102584
4623,0.6150055781237039
2803,0.35362632081119344
21143,0.5402979126434025
25084,0.5215652386109201
4600,0.17264864876465402
31713,0.7898795100682092
32516,0.592265071373219
3671,0.4776405929589061
9593,0.506042390686893
10656,0.7405219827832807
19722,0.3914398609041311
25720,0.42528914010544927
1110,0.5268851786369696
2151,0.5331831588859883
4325,0.5915741488280237
1031,0.4021206416408552
28445,0.7731245987885366
12880,0.3659714215923447
11895,0.35532009353055666
8448,0.6683653178428913
33215,0.7096716111466883
18434,0.41379918763963586
30987,0.4165947007713226
29278,0.2928710593864722
32684,0.698771601535136
16908,0.5460204202890724
7206,0.44057727413677
5408,0.5872033217321677
21277,0.6576462146247409
14039,0.602510882544211
10552,0.7330159883337158
6975,0.5710636386008593
12851,0.3356251206034734
20278,0.48014412720187044
4110,0.45746337627954037
3161,0.36430294645371814
9356,0.44714333005196044
10414,0.44277215370501616
25121,0.5667806574976244
1178,0.4283561626134937
1979,0.6576791635421722
25912,0.7221245439058512
29195,0.29692723295960816
15674,0.5173895942138377
4588,0.3716809137678043
12836,0.3975603629701978
4643,0.5605028270968649
32185,0.7390781817616876
25806,0.6391457381979289
32531,0.4547616468705725
21339,0.7304698004883143
14050,0.6247812447683253
7096,0.3847335661358501
19403,0.6871035219839835
20513,0.48021248905072833
24848,0.5168460293792967
10590,0.16458238028279526
30531,0.2830920725315891
19906,0.5478088750195906
15223,0.304068740867537
15842,0.32102924660117155
19204,0.49069863254566143
26495,0.39137205829218524
33288,0.49089956416575986
4079,0.4515708161360623
1390,0.48405836989441126
18990,0.7739320013612416
31201,0.42752189130582674
19103,0.43123104086862607
15306,0.6454888827803208
25904,0.48799790886832733
5246,0.5965441812992863
1208,0.46107915398747856
23418,0.1806359064838495
26683,0.3324303709092543
13867,0.5517074645190929
26910,0.6523053569404484
15346,0.47826207778068086
16732,0.33332624436862396
17496,0.3667246802194764
10426,0.4312713224974587
14117,0.46376048499562766
17960,0.29558165091216343
27883,0.38800500163642987
712,0.5614555035886778
14575,0.4608079678354555
30915,0.1666393433890428
24292,0.3243960465037366
16219,0.7448369360235457
5839,0.3918307598809104
14318,0.6321236889091235
27078,0.4663569618319754
17094,0.4780878052851301
15865,0.5062878259102026
7884,0.36704047840588555
20001,0.2518176497311033
21038,0.4370729997342195
29211,0.4909298970664027
18299,0.5896149291772966
18669,0.2989909504833178
18622,0.3757074228631127
23269,0.5831406550846701
472,0.44101364370921814
31841,0.6866810673919486
31813,0.7637349302876082
8873,0.4371427418067999
6984,0.6349982601357185
21801,0.34603711704495665
9201,0.454734986147234
10080,0.3958163092992057
11861,0.3948375035587067
9063,0.6867976734337475
23211,0.4356085771627291
1114,0.5514211990613622
23679,0.5576889657875868
25764,0.5110208630127326
19559,0.6352651135477068
26606,0.4259917463425362
16594,0.44520927524588083
13128,0.6921944434882351
6751,0.4757836646924703
19725,0.7020837820410913
9936,0.4124448819363896
7071,0.6752673817052087
17683,0.4745795155302684
20148,0.48870840457669995
19894,0.433230217471076
23272,0.5551920306764365
6486,0.4399658352097062
18012,0.3669396939325265
14588,0.4230462572525189
27650,0.4124748884430789
33027,0.4017978727050881
22630,0.3859301414214721
5649,0.4641770041831098
25001,0.4875232324659037
5670,0.3785859160695018
26866,0.27152678235519606
3197,0.3963973000961523
21439,0.3176774456239712
15551,0.3394175691276828
25894,0.5677825494950263
13935,0.5105874081130389
19739,0.4451899358786857
30264,0.5555841529510535
10589,0.1787372505799182
12576,0.4473523227401092
25476,0.30321331395481005
33007,0.2472964137799897
20224,0.2766020332059796
26931,0.30667012069590466
8986,0.4951039920943002
3313,0.3721776486907638
32018,0.5564770110580151
25807,0.33834996622966435
27965,0.4681322929612486
24638,0.2595801570480645
14267,0.4442223874505905
19606,0.6683834212414486
7200,0.6291853148800185
16225,0.4215350622473088
14645,0.7373499306107093
22400,0.6470770166841041
17574,0.4839155084157565
23416,0.2924383118488314
29468,0.3054211186489137
7817,0.3050726851169672
19227,0.43103689582371507
10979,0.42738495774192126
8125,0.4861202875239678
15627,0.4857028370373927
22554,0.6184927467971894
12239,0.33965986272472926
14589,0.24806839780786857
11902,0.6273107680664649
23118,0.7527412037710536
2366,0.5857521320468166
11105,0.2836336073391696
30666,0.3557288367401138
32106,0.645992414057793
2411,0.40252753262402197
27388,0.6587459457544402
25984,0.3856554215982078
18782,0.44022675136885475
30087,0.806345369949475
23857,0.4442435772650646
23855,0.31024318862756123
20551,0.3756344711064604
21380,0.4264695593860135
3446,0.35647877098803105
7825,0.5822741908708382
466,0.4750351382907535
11219,0.6371286496093244
15443,0.3689665635093618
11532,0.39304174454121654
6129,0.2711572265347601
20082,0.22710734379974498
20849,0.5646077339240377
3803,0.43638994315136914
18372,0.4411284348395268
26169,0.6192788346421562
31646,0.4594164807549343
6458,0.7057749974871967
10501,0.7508966211062941
3469,0.5560795145525712
128,0.4986927885713967
17065,0.42234511022784177
14035,0.7830111426556845
33073,0.2568878452318186
22574,0.4867654939705392
4788,0.2736541111312919
20612,0.643760146160391
14933,0.2981462766912088
6989,0.31623704709545364
8919,0.3686277477618743
30883,0.44230533927853805
30114,0.44027653954410595
5684,0.3699315663886654
5964,0.43865327143773963
30119,0.6670627952314312
23057,0.3137299009451637
15965,0.45392551744311127
31268,0.48511023740804937
18718,0.7155285924009374
25138,0.4630062575349068
18785,0.3749182102746012
6166,0.47822548755076805
23249,0.4206220109665684
15658,0.3438869537609802
10275,0.37448940726274405
881,0.524822216601115
27887,0.5066225027869853
30969,0.41819619161430255
20497,0.5145945507316572
20718,0.33590904910700403
650,0.32842817042064315
1677,0.30639638106584705
2509,0.2866884548227139
24380,0.39457161625304116
5232,0.5639354051316224
1193,0.4609880192391725
4286,0.46751418822636465
26515,0.7083345347157289
12742,0.29912003616781796
12470,0.5600503609988847
27173,0.48164463671394936
1570,0.638940825978216
21821,0.3093128252268181
32492,0.7565316943217187
10024,0.5061855935300523
1196,0.425122071116891
22296,0.42718335696018517
21578,0.3346971295386917
3323,0.3755108539452225
5616,0.404461809802168
13708,0.5950297432187174
2201,0.26582808607924885
31849,0.20812301930824925
9410,0.370341544767589
11831,0.46331434241770814
23918,0.5087557442606753
27141,0.3928056105485602
13511,0.691495291306837
13074,0.5023028243293809
6284,0.49691563173461056
6566,0.2438408526092412
8257,0.21899022919141942
2038,0.3705313508609812
12677,0.393764366314819
10655,0.4589132662854654
4938,0.4439308917445365
24553,0.3898365080569933
10628,0.23237788694074618
33165,0.2986692996737716
17769,0.29447083230704046
32289,0.45670661745253327
2550,0.2373178619744839
23876,0.36250535041052195
31281,0.5919154884631431
4856,0.6972581888307577
3097,0.3581957524632174
19138,0.3853212410693917
10274,0.6064851131619811
30254,0.374947434253068
1825,0.3927998348799815
17837,0.3915898375931442
19247,0.3639300792280204
31620,0.5223854004674444
32576,0.3758718317953893
3883,0.38929247614089657
7214,0.4298949604526963
2451,0.6391376570791479
18710,0.2548999582074999
14987,0.37274026439667485
11456,0.33704010107148585
21501,0.6946877237052808
16495,0.43834457672334337
20631,0.7519059176286332
18346,0.38977164929957003
14764,0.22278645009954995
22506,0.4391887307033932
31355,0.42841753399713
23773,0.3737324707283512
6860,0.5931637919071695
26703,0.2543396641102488
15120,0.30726231690392397
32881,0.5425099114570516
31639,0.6423661094497849
30983,0.29611834086468974
9648,0.4764846145533094
28189,0.3603719987694128
539,0.3927048880440454
30503,0.696925354630101
10630,0.3555247504490122
13107,0.4589528748880288
9844,0.40360669936023424
8684,0.3085653591731406
22826,0.37480008577468027
1451,0.40875129145637557
30273,0.562152665883832
26995,0.34637217165393874
31198,0.283702761272711
18351,0.7799522975765016
19024,0.2333614699591975
16074,0.5576558347388777
23884,0.32850727784396977
1556,0.4557861217217466
15136,0.5567361944706057
12555,0.2941904004909853
19418,0.7133561337748494
13230,0.539596762994436
19245,0.23682492083909815
15636,0.41921611834358147
30674,0.41544361445592626
30779,0.5211637343573743
10245,0.3975258165542563
525,0.3724675319125612
19907,0.44689294172835875
15901,0.38420783182161045
4703,0.3970229039147296
16252,0.6244271625014058
16867,0.48901458414136056
6991,0.501683702958703
26548,0.3011590896998343
31037,0.572762291096501
429,0.5368623037140862
30775,0.2900381072900959
17561,0.5561821420147622
31648,0.4729788213505845
16293,0.5292520306863677
7360,0.4294863086401581
16129,0.6123150501788512
18377,0.6591486170943739
24810,0.5995307879260984
30982,0.4149270169557949
26037,0.6152932754529543
18540,0.32460480848560097
15789,0.386321978848938
8602,0.4113170214278978
10100,0.21284577079247893
21133,0.3915557755896092
25647,0.5039207751219795
18615,0.33100842455711593
23747,0.7544382129361904
32525,0.3374270493568634
11082,0.38765205074401116
11958,0.39909501336960596
30150,0.3663982498541462
3660,0.40960889333859646
9970,0.5273153456805294
5772,0.3800644058748486
23808,0.3578639539643564
31944,0.2737269183851159
28126,0.29959833157042337
5387,0.30820106757495797
17169,0.45014168641555
21961,0.5597272792557862
28495,0.5707557929371988
29236,0.43020975838657677
29732,0.8397582867500027
12052,0.4657456985930837
26368,0.2689802671111507
9595,0.4583885003929734
30101,0.3228484255547495
30341,0.6528632250694352
8733,0.4129921862383755
29105,0.38813375843399117
24959,0.43551733530736003
10073,0.49482545640688863
25924,0.2854288403170339
31501,0.35204171803008916
32648,0.4340260898207396
2362,0.36811548558797147
12567,0.7740364727949905
3335,0.47380028506272825
10016,0.26245242251966605
25170,0.7199503057907081
16568,0.18167760258301396
19390,0.36592972323480666
26066,0.37358510930394623
18443,0.8239602955334807
22063,0.2849251717510048
14952,0.533595242657779
32375,0.4877992729171617
28960,0.35921385541630424
9871,0.7150484284761702
5353,0.5206331900838417
33233,0.44298173288071185
21370,0.23702965229450776
25858,0.6831945543172453
22903,0.41742430444248824
11277,0.4591137416227347
15364,0.7602479160287937
27717,0.5650577670970391
14406,0.5281903157221416
20050,0.4376750669305247
12612,0.5529107665780127
2650,0.4512582628365618
10631,0.753644715665446
9506,0.4470448839559933
31162,0.304082452545626
13011,0.5479453100525313
16920,0.44001262259197105
30474,0.3695042649410147
23873,0.6595645103549633
24312,0.6724483268573924
26798,0.2100055016358057
32896,0.6312531805050743
26841,0.3364692027889692
21524,0.6662220342991054
2797,0.28863834109367376
6569,0.6457781016749099
9673,0.41890726886864965
1488,0.42578783573646783
2570,0.5016382017190845
16369,0.5783940690084677
14340,0.45119344587596416
15766,0.4728260681869623
28230,0.28168540105332046
15180,0.4914051659185312
28632,0.4196789287851112
13055,0.7356889011168892
27814,0.4713781580727788
13446,0.4469206803747475
21431,0.670496421747977
5751,0.2673029103959227
4285,0.26009675281839906
26142,0.46173649635311287
11598,0.40507373780878797
29929,0.4493071848703053
13472,0.3027865711226404
11032,0.37345880613162724
13292,0.619947088311277
17048,0.7217075079769185
17373,0.4198674564971936
29205,0.47563232567444474
14202,0.5592647188092968
16775,0.4998142757944789
4559,0.4284010865109231
32457,0.31241482513496394
7324,0.29155794133203805
29691,0.5639431806554848
24965,0.4405043034054835
6519,0.39415274270291517
2553,0.7706214000093046
19461,0.49716863472578526
29323,0.42817639883872566
2863,0.2758222676153219
23307,0.4920146063049459
15975,0.4087119730952069
29655,0.43787419530187743
26107,0.5342924997275602
2067,0.1849205474905007
8387,0.43456011194935007
32580,0.6265204288121992
32871,0.4072949625330644
25668,0.22574850879341832
5661,0.37670463333928006
25653,0.35737822114212514
17622,0.6329945745386828
21974,0.43946031678013414
30285,0.42821536587119335
3425,0.5970372065726994
2297,0.3150313475338567
7265,0.6348202873377312
20345,0.34092049788357853
29740,0.3099381542684627
5524,0.3943569521588842
26045,0.4437624919306659
20393,0.5827722144737768
12233,0.3330472017578134
11579,0.38001908935097106
14964,0.30254691441242754
16196,0.4366376898837017
10835,0.6338963083174843
15212,0.4380733272840614
9781,0.3725062694412299
6917,0.48563465840402936
20363,0.6901652413547983
6911,0.3153074424795125
7161,0.3613091784072672
21707,0.30899486869500925
7063,0.30251883981179484
29245,0.5517253734309812
16753,0.5624017521801883
9597,0.7085366791402563
9353,0.4579200380870094
29877,0.3616923035206538
15961,0.2657949818164797
29374,0.46481924590859597
22750,0.7421993559837674
7077,0.340179368228656
14415,0.7168217924861245
10095,0.46022330790250865
14118,0.5343000227282613
17488,0.8021692038987237
31305,0.4577378088772663
3326,0.4713215696090628
32437,0.3925407384646053
232,0.47279149822621486
24864,0.5362272795269056
9831,0.4392859214483371
28098,0.4314582330110922
15554,0.44760830649987066
21252,0.7507467904609014
28859,0.6145251134068975
21508,0.6246063537576589
3076,0.37554622582890174
12777,0.48699943585813804
28575,0.3048747375702016
19651,0.26260019959832953
8192,0.3157874691486242
2536,0.2920811896417858
3373,0.40294534885057653
3933,0.32933561956114693
5459,0.4574361369724469
13500,0.5922862135029496
5398,0.6565172199525362
3843,0.3745057048568816
25406,0.4442149477884379
7875,0.32907515177992297
15135,0.3781848031326699
16100,0.34915431753944237
10818,0.26414103487145046
3195,0.23199419247758674
27880,0.5888509442591819
19899,0.7579058988479535
11089,0.446691463119757
14849,0.5841659967442991
26078,0.3604097638140454
5391,0.6437691312136843
7745,0.37551321949576616
17572,0.49683482456188877
13698,0.7333986526950301
61,0.5154860639673229
13601,0.3476330953857413
22674,0.27644632779413414
15665,0.4030215728953921
9746,0.33812258818796453
18982,0.44012940202913814
23576,0.3451403509823784
7602,0.46264940697539964
31365,0.5815858808023476
21940,0.45817189702366423
210,0.5536225211468531
2423,0.6594544795785714
12533,0.4008014067050074
7053,0.1611036425557904
29801,0.6377131405991776
29467,0.5000048265071422
25048,0.8289166879587909
9193,0.7128944073445502
27186,0.49859715894987916
1911,0.6865763353752122
15219,0.42859733860676985
10395,0.46746214906722805
22934,0.4305658254136861
22552,0.7208893559236823
17281,0.7493078928798957
32481,0.6386118164590107
1716,0.3803481474808831
31,0.6430933869720847
5873,0.4500207607453863
21375,0.7596274174226362
22195,0.45311835555838187
25006,0.4348648431630985
13124,0.6341937462115769
8425,0.32216808809100517
3969,0.29477893280938583
6180,0.4304466128143135
9351,0.6504386127049813
24496,0.6551752415812744
19003,0.4476276017166652
2907,0.37206915022213477
11605,0.3987620250897395
17243,0.6330086929520773
15561,0.32007750902301285
3516,0.36674560789272015
25734,0.4396009136060528
9289,0.5485465911741356
21312,0.35727797928908905
28957,0.5113734305392127
5186,0.30796961380916765
22178,0.4127841069255159
16420,0.37737041209118294
14865,0.534309655701127
3784,0.31927775166979855
32577,0.41439215083419506
10293,0.6767177894947487
16004,0.42752209256778523
31400,0.6026348272096331
31052,0.5074048937448328
741,0.42894349386899455
33053,0.5272632806070923
14471,0.47302713198418533
16772,0.6701640185894757
22255,0.38975355502688264
2826,0.11664389179284002
10881,0.38682208690613845
28668,0.6378282872078882
13952,0.4372535256115073
24886,0.6446040913295195
32810,0.7357577381912715
23271,0.2477561185635157
12928,0.33858454020938256
10029,0.36447171798849703
8465,0.6414193795055824
16043,0.42098615921667076
14451,0.5641543148888761
5015,0.6424468192256116
17894,0.40434538945487924
21314,0.6055943828909963
24498,0.7384349706356255
8648,0.4586869942508256
11610,0.3625849191718477
33178,0.3800708303138601
11781,0.4769153850797324
26350,0.45649001491000596
16637,0.4790521542121714
15905,0.3288044327871684
20591,0.4430108661980021
24514,0.37859850187843
17314,0.6423097020300759
2597,0.6634561027998698
31540,0.45701576841114705
29104,0.4480150220649277
6405,0.6731700913412655
2962,0.49680523477096805
3439,0.36664670420258266
10437,0.4151522790292909
21913,0.42097094948802793
17771,0.6477696622171147
5753,0.5322607089299095
24618,0.46013016299913206
1150,0.39205263664300244
8250,0.428248122379069
2522,0.21210696531625944
18683,0.5305012137635309
2519,0.2368098381805296
32442,0.48704664223668176
12769,0.4568459997212059
26256,0.4655618955915205
29116,0.380627601955316
22102,0.6766268687520643
8938,0.5815030293732566
24158,0.7966482960651365
26575,0.5154820944371696
1050,0.4481066771038274
9999,0.6286298982061383
30837,0.4144280504512266
31272,0.6967597479621632
22294,0.5656950205285846
30947,0.37472215283006505
9068,0.38946131779626925
253,0.24424838667319912
23804,0.525559923470163
14855,0.36187378316735386
5504,0.5263133116628211
29027,0.4112213159054787
6740,0.34072697705450916
27180,0.23730185771364082
26795,0.43279428981286344
16890,0.762613035337387
10644,0.7568376096824555
6523,0.406077539641727
15361,0.5354398110961196
14189,0.31127144140460034
12041,0.5801159033241621
24482,0.5973066108577525
3260,0.3648742849343059
7814,0.3426653062437967
21606,0.4822218271853422
25739,0.5427508870809621
15470,0.4217740106985037
4488,0.5172801901588844
15182,0.32349324768831234
5888,0.4399306720231803
16364,0.6144740770876241
10649,0.6893082076200459
32097,0.6108231923587735
11464,0.8126715522095282
20151,0.27911505238844175
20805,0.29901110443984114
25253,0.44660123632523213
26070,0.391265843749598
32235,0.5130550362716255
7591,0.4016917138545917
12922,0.8017737638406366
23110,0.446958573699859
11297,0.3444873038719006
7904,0.33670922851976914
24358,0.2723175687087208
3286,0.4592459214141386
32376,0.5452016676982964
25050,0.4184117661891443
27652,0.40137860122686964
18551,0.2975942135242153
2864,0.37978256530310933
29914,0.5758200864350728
19676,0.5925145652525651
12510,0.5760981075573229
1828,0.7359618646028722
22754,0.4117956718312856
184,0.465665177453897
21826,0.3730650790706265
22269,0.33556242396098623
7442,0.3565421469960741
2699,0.46524660713296845
30617,0.42777637851795197
30397,0.6114863393729915
9868,0.4553632902642224
27969,0.40121410502263477
8105,0.6042791374428189
16756,0.41918660588744644
18252,0.5497394983490128
6573,0.5540181029084275
25902,0.30903576414060224
6344,0.30213911387980336
21054,0.5360386091353069
10040,0.5197571297379675
17718,0.4671731588487662
27484,0.3319618282342357
1453,0.4175833376432967
18618,0.4476962403862018
29922,0.5160628483455934
14946,0.47146738396943816
22694,0.336309699414324
6089,0.3443837878268418
29241,0.304836903995746
3090,0.20973066620136757
12395,0.32904007400548957
3544,0.5067816208300899
9994,0.4609127574642716
12330,0.5435766111993436
17835,0.3946011488578641
24183,0.4279913214569764
14891,0.32106453814249164
22941,0.37148460878122497
31666,0.42981304274097365
22939,0.5248851138942857
31917,0.5402444214690455
31655,0.3309996994686833
11678,0.33328412683222336
14440,0.40916310626285257
17537,0.5960495701725002
2508,0.3380111012090052
14046,0.5399364960397175
19135,0.3405885282570678
6729,0.7487802558179462
21592,0.6837542089985761
31149,0.3748686277011495
5129,0.5899510169000521
23444,0.7633096102051291
20173,0.4166787543132133
18811,0.6207957703021533
20883,0.29214160299427133
25312,0.5685355534288895
11984,0.3718017582109625
16467,0.3220913857060774
22343,0.4587524947164807
31975,0.3350331521692751
145,0.46839251725534004
20091,0.1718873831879151
18793,0.3730754946829426
28054,0.471037540618717
12306,0.6246696278931336
22985,0.4380102303703095
19857,0.24356607811163636
27083,0.5799152688369769
21442,0.6552664477620411
12885,0.5608344379231228
30692,0.7645157195697277
20525,0.8628529144023321
17503,0.3537369655119613
31588,0.5018932856420828
244,0.43027011638684337
7521,0.4574497133348908
30410,0.48423058539981145
26446,0.7605534119546795
3122,0.4761637078114557
9013,0.4487099621223229
8350,0.4321631392513107
23672,0.7080413861753899
17306,0.8240898844695606
14699,0.37710546468922174
10473,0.7068512402707416
27615,0.35734718145054595
29396,0.3839946032859661
3908,0.4324931174203259
28890,0.2934474878456801
24472,0.48064866298520276
28546,0.6512146341051891
29962,0.44040446810055195
21572,0.39913328316888813
26892,0.5409703448845522
33200,0.25442145873671285
8832,0.43292873938212406
16996,0.4748214413256489
31738,0.3810854374642534
19242,0.3455552654190942
5415,0.4392650263999276
27420,0.6460546989396666
33371,0.3360340023770713
22273,0.34395153462656436
21103,0.2812030665914091
10433,0.6000921898748213
28099,0.4480798621677215
21853,0.4843278512993909
21027,0.44828150268027095
32873,0.6150123960683932
27776,0.3593874981793165
33151,0.6431431167958483
16240,0.5547597096235267
15391,0.5519066977851781
26353,0.440895147878862
774,0.44683334511690254
17795,0.19508602881332998
22640,0.3342961355716651
23503,0.372675809024627
3138,0.46727573917767856
21266,0.6034908035121646
18671,0.533047188608959
31063,0.39450826421293833
20512,0.7391015816334976
1440,0.4146763260708486
3205,0.7595463479111648
5285,0.6390678271955679
12127,0.4551780884233421
21509,0.7239939246175529
10851,0.653956010116842
30697,0.3872971029395719
30208,0.4461099238016288
32424,0.23246605272700033
13982,0.3755997825519836
1976,0.6126832353137576
11400,0.3589998306311941
2437,0.30341776600669984
5699,0.6187244217482718
21666,0.35172472730100346
21561,0.7514286451811345
18032,0.4332373765895255
20366,0.595230231410808
28614,0.40279180285481886
9018,0.6569499666382559
18298,0.4542744154345839
25749,0.5602738919552203
22088,0.44407509720113625
27354,0.8215006539755857
30659,0.7753712109438967
18681,0.5247458768134025
6643,0.4318151848237539
25637,0.5621178467681475
28626,0.4449179653530266
28069,0.5700782064010995
7462,0.38363902952482454
5754,0.6106326639295341
30162,0.43477216017664894
26609,0.7095654886072503
15105,0.30221056085047554
1332,0.5668054253598465
12114,0.3824052441110572
15691,0.33593880585314195
3231,0.3166818474661199
28827,0.3398028986090084
15797,0.62503774320201
15194,0.34639548504997186
13762,0.5933178003767822
2215,0.35100094311621827
12388,0.3639777751537398
21675,0.3988798206305336
7966,0.8231255919699451
15546,0.32411033917150495
6303,0.32766539527421545
7518,0.41488512498832547
15489,0.6998895608080987
5903,0.6781220442201445
17282,0.47228186789671034
5162,0.27344254034896714
1237,0.3631870726894231
13352,0.7136667699832844
26042,0.45861601519836975
21359,0.2491805615807549
17109,0.7962431887908558
32725,0.3198770691026018
2532,0.2939207249375217
8529,0.33825933198480707
26882,0.42777124532184585
23616,0.37219001580769273
31055,0.6439989460328944
15024,0.3793851460747075
7030,0.645415093420602
22569,0.2088409761838416
5082,0.43438748618640977
27336,0.5332858128746444
24041,0.668514491250425
27465,0.4448355720926302
31336,0.48552617764097117
9849,0.5462457606728666
18107,0.3798181411444231
31759,0.33517486215311293
23030,0.49778865541288325
27007,0.4280120558874023
17751,0.484611121058423
28910,0.4670051871268621
14241,0.3399437256227627
18917,0.3231873278590751
31827,0.45457253536404146
14585,0.5799450513396596
8260,0.5911789283938108
32875,0.4793076286380892
13602,0.2883862530457977
30443,0.5484037378395438
18602,0.46493118640546344
19801,0.5366618875583712
2631,0.6407731156004061
19607,0.43564288024264713
19487,0.2374019071750456
26962,0.5300861554011559
2379,0.3935799210595249
12339,0.4256594584037842
27093,0.4806311868908874
1962,0.31325611674044035
8700,0.6079088473815809
16821,0.5607336455853827
11795,0.5392717390421975
30056,0.29657422849016873
18574,0.745738440015847
14619,0.3574702933733521
19100,0.5249301101178032
5935,0.4434270251848781
13334,0.4655274505288997
22805,0.32526820710092036
30550,0.4504815630021319
12072,0.6906384944373991
12345,0.4252580089933465
18631,0.7475790117891951
22106,0.25869905499224255
13853,0.3073015301533186
10823,0.47037032367389536
25414,0.4476170490614202
18341,0.3900661017818113
27531,0.30891306424200526
12789,0.44072644552265433
32076,0.6876865243978277
14122,0.26652916808562516
10621,0.39068240862141274
27542,0.4933764703865021
19706,0.3601009039879153
6319,0.5386484079396281
13907,0.6020270626226171
25983,0.46371366136798225
13156,0.4780363139995328
9478,0.3496782247149816
9546,0.39475498991521835
10463,0.6263422997170325
30316,0.7330742285503179
4322,0.666409646670136
28856,0.5595787567278983
29637,0.21264853899537672
3620,0.3723189245716556
21922,0.2676784213859285
19436,0.6649418514493851
12978,0.4479222796818932
11272,0.32026715620906443
25074,0.6723794639776817
31426,0.5067816208300899
3511,0.48643615605639867
1239,0.43438293322606325
2913,0.8040370862622589
426,0.4522822585760247
5654,0.39663680236616894
28085,0.5808653390095527
15904,0.3510078262999166
12,0.3327535434872392
18535,0.28616640787735637
9048,0.7794212766129971
10082,0.44518316392548246
23964,0.6018099536345709
24232,0.48842217947849387
8806,0.6026099969037915
3054,0.681796123030206
3528,0.40659247657547154
24350,0.39116721182790803
17570,0.4411355800161236
6859,0.36439510275279924
3710,0.43234667864167015
17900,0.5641701081393408
19200,0.4001161328714053
8418,0.3777584715467476
19428,0.5246850665959468
12609,0.5000882931904705
6249,0.27053587355104997
22229,0.44129740093571995
5411,0.33089045185220384
28710,0.677531664050586
5110,0.5655248251930282
22265,0.4276675322739651
19673,0.2509961607309614
32198,0.29605228865214517
20691,0.6272390736008703
10431,0.5998786425760914
5192,0.4021382889589485
12305,0.7431697362042279
1478,0.5942589709157546
24213,0.39177263977554466
27517,0.4004659655584154
3713,0.2650787403289516
18544,0.5477844951427397
30660,0.479038507239344
25948,0.38970514079733715
13307,0.3897015770643585
13416,0.4436171474427525
14226,0.27766009494834365
28609,0.3677523920983324
3547,0.5096002762899416
19924,0.4630769946210261
12860,0.5750858902983258
15781,0.35288306503087513
15461,0.3820655218461088
12188,0.6468154208916513
16936,0.38575821375319286
27464,0.47409232062096185
11726,0.3798020664663092
1051,0.6834457579534198
22759,0.4123490764876721
398,0.39239741178669835
12750,0.4077934528150168
2420,0.3219663374490705
9078,0.7295871056256649
32633,0.2805234179681619
24184,0.3072868493264546
20069,0.20968569591301478
5541,0.5250864323001986
4613,0.4311597318911442
3358,0.47038981526801094
26580,0.3720910373071218
29772,0.4661718815240572
26909,0.48743269266336825
5293,0.6479984996536994
21817,0.4085423730705492
20492,0.5738951216543073
17395,0.592374796691769
2378,0.5450560362575063
21737,0.2824002545628708
21827,0.37404539591644814
10284,0.5427857265706418
1144,0.5478104951705889
18030,0.3155113452755394
26939,0.502570665579107
360,0.4179407043336958
13945,0.3338885825013045
3598,0.3032937153597545
6520,0.4306754197522846
25895,0.41753744419285277
303,0.39325836911468787
30018,0.47864539095003455
22837,0.25289859750386756
7028,0.478244031718852
1045,0.590251750903419
1271,0.3333918174445259
20427,0.5593681258625431
1032,0.29424445950839523
5202,0.5765912405745546
5453,0.4024598585105902
11124,0.5786849009516363
11564,0.3628227656527623
21315,0.49783381981127567
17134,0.33108450339886264
11606,0.5273131135647253
835,0.18245975236516424
11426,0.625442261996809
20951,0.41783083126595383
24838,0.6228600969231756
18393,0.5394746417175108
10496,0.42709469527395716
3859,0.4658390025581301
18611,0.6223057327368319
16441,0.4129207586403765
22947,0.2585444074896433
22873,0.4117004672365201
27815,0.4378963702031756
14209,0.5600954976199949
1764,0.388383401400862
21424,0.7763384809365679
20822,0.4145790524778187
14750,0.38283318631707713
16607,0.315090558710635
15299,0.5503449953428161
5619,0.42928409916179106
9730,0.4758290142021639
5814,0.7148174197576349
15125,0.5305583231245895
5547,0.47802266929153386
10884,0.3607609865725279
7000,0.4166509770493512
26395,0.5559718280284561
15536,0.5656837149128728
20376,0.4539764424719056
5585,0.43039795042494716
14522,0.7025229172534692
12671,0.7067986186861569
23193,0.26932394664624765
989,0.5305356604612838
23122,0.28116345855021513
16451,0.605075927990486
29626,0.585013646016015
4750,0.3703673943693281
16839,0.28151792338074433
7952,0.8339012270625296
20579,0.3598482932728513
5664,0.2510875473258171
7395,0.4367641014301457
27041,0.43679251772769406
25316,0.5092318529827208
15282,0.6440869202611442
22123,0.6210665248013341
6784,0.3161234793510258
23045,0.5593713658241628
30095,0.5005959883162864
2551,0.2027236188631798
28348,0.41482423205670027
10325,0.48145291842174515
16499,0.5409217081050246
25604,0.615388506297608
4542,0.4877034182456887
25104,0.3391860909716365
8515,0.41195232150559136
27286,0.42288138958438803
8330,0.40861833961751975
28700,0.4674815066404955
18057,0.37870212096749406
20964,0.445476053766423
96,0.3460396169830376
5173,0.3758422378749898
9591,0.4786100587024425
17700,0.28426038645872487
26150,0.4525118445866758
14360,0.5130555147211552
29501,0.48894374003206514
11837,0.4642897050297427
26481,0.45775389100971325
23090,0.5251360687617637
12077,0.5552503154131759
6798,0.4610714482056372
5062,0.2864053921713024
12205,0.3040577673825892
19592,0.720704536994945
2116,0.32233073550022084
1033,0.40884201613313126
6341,0.3395995047920471
19922,0.4074073001563452
32335,0.34230243665021076
21504,0.32782786727070445
18524,0.43442635826312226
10804,0.3492716883880286
16959,0.7012556059741102
11479,0.7003305498467314
25024,0.385767267150027
15413,0.5701694987338922
26462,0.4325863264681353
8505,0.3961129154577609
12307,0.422329956786665
31326,0.4950145234932318
7069,0.38167376454602203
4120,0.5681963980386272
24923,0.4523611762379811
14898,0.5235267527878278
13176,0.29417821779731057
27062,0.42485076351624157
17291,0.3995399285780763
27998,0.44282791357667867
20647,0.4835924334583292
11132,0.43880103562784506
1620,0.3970087889778173
20186,0.536083741323029
2143,0.7219669025712
30750,0.413480211856102
6563,0.5132642368253536
354,0.41885961935157656
22096,0.4264598379328194
7165,0.6510938802842756
29683,0.5873632351937531
25656,0.5317570058319127
33320,0.3270644964870255
17132,0.610068976140913
4752,0.5868467128767283
3530,0.24975240868122245
12046,0.6512164093155666
17384,0.5108524012525035
21731,0.49037830208188393
24088,0.26924434859480856
17469,0.7659238826829314
4137,0.31923979514381295
5925,0.4417696312251257
11609,0.6277945252032684
31244,0.5541820378521705
8468,0.33601228941438377
6890,0.3314662966931552
7808,0.46621016379370417
15702,0.6275135827832463
12409,0.6099683565047332
23560,0.4258408280304297
23492,0.528827173527264
3381,0.5107180371651729
3911,0.4227095995240242
19703,0.3357543004186559
13096,0.4645762792232699
25800,0.5576767767047474
9893,0.3012439646101063
15540,0.2731021271679445
12549,0.7151457239797833
27735,0.3494840225908606
12974,0.41776119635583825
6630,0.4206123125698263
22557,0.369750316824074
7708,0.5351930672019183
28247,0.41765723465722887
17712,0.4151116992997321
19151,0.45292819194783746
16830,0.37789137297857694
15565,0.46122621610032455
18187,0.4311837109251223
28065,0.3436480779283621
25860,0.4089064385405702
4312,0.6951316718862957
15992,0.33105432425879255
21368,0.6281927537585938
11602,0.2693933136021405
5329,0.3591567910634674
19797,0.7043194390067777
27060,0.4642343640845033
27033,0.4776098220700508
24945,0.2002377850799881
30263,0.3988044637998001
26252,0.2371532412940576
31458,0.3376931051620685
22409,0.4852583634473523
22838,0.7577540746800289
572,0.4587887297414423
29611,0.6502110498687392
9261,0.7407005717479865
5681,0.40613136978003345
25821,0.4320460647075446
31144,0.6598946582466748
33100,0.3227714917712461
2811,0.47555286393341073
2611,0.38669019881956074
16702,0.40557108483728405
8009,0.315606186966265
27942,0.41121555158294265
15414,0.4262099998006607
16971,0.5756595535181432
23631,0.30828986788966223
7327,0.6075219864101897
8154,0.47079729036921786
5762,0.4307914647868923
13440,0.4067237433863474
28263,0.7125427726342491
4018,0.4721712144719573
28999,0.36054671111681236
4669,0.4338168222242364
23527,0.30268281244360246
17193,0.7649286026252973
20407,0.49712719610510925
7837,0.6066322247663002
2097,0.6223396420101055
5910,0.5484973081279177
13199,0.5956852732074812
8646,0.5094955123871706
6144,0.3023262873094603
5350,0.4150866969914522
29140,0.5004818739277138
18792,0.24409707875652814
25761,0.5136578134116989
17540,0.49751689986445397
6538,0.31874780979712747
5665,0.2568164321329971
8050,0.35597474784729277
6193,0.4712406062553751
7639,0.41188800247970725
28663,0.5645217670041643
11310,0.6443902347475993
20031,0.4034708988678962
2155,0.3817889312820535
8143,0.8680546545832821
20299,0.4811213774458919
9604,0.8082222484537398
8284,0.3401720019377006
17382,0.6647885685053567
7809,0.3307284961685981
7448,0.21764171852553618
16239,0.4658307314118135
18573,0.3796357331810786
13370,0.47162981664678577
4426,0.44965571056705117
26366,0.4603370273659553
30889,0.527241149944022
15359,0.594721907129199
3006,0.3386492107813063
30332,0.6077776008699006
28437,0.5882879960774758
15469,0.3799143146780152
21491,0.37276612113725555
1042,0.23725827934179836
27769,0.8258511873211711
20507,0.3500300838965354
1399,0.5219414639974025
24297,0.20169016977772958
29804,0.5431199832518028
18342,0.8441242724208923
23658,0.7742485972759863
19847,0.5381472246601936
1537,0.49123979039072735
30791,0.30184544701839544
33295,0.43057036849681807
24240,0.6649520046970839
32861,0.3383621508261476
17560,0.5986652497929513
784,0.35786771408331103
6692,0.28808633577082815
20331,0.37344725834669146
7373,0.4137722551729503
27654,0.3023555810814297
19805,0.6914609768335962
16526,0.20805928966893134
23319,0.7198520462476583
23718,0.8131268995808021
21907,0.2674963211328271
33182,0.2868126082830399
13208,0.39589505538825887
11817,0.5222800227583342
8990,0.6576229879584683
19954,0.4060564440207576
21250,0.454774483150538
31996,0.6490202754602341
11463,0.37750291355676774
15485,0.34386218472727303
11041,0.49402035720551074
21126,0.3086472280393774
9163,0.510000460741526
9864,0.5830413777365501
9521,0.5967294622011914
13097,0.4492452179218467
685,0.4832884715492733
1352,0.2670961680187515
15440,0.38272702436508693
23997,0.33246012138084347
19199,0.3319400969674546
11133,0.4007036139049335
7614,0.3685475403367051
9922,0.4006109747436493
29048,0.6789229923768125
19410,0.7945879674368397
22116,0.6550052804498748
19144,0.46420236661908637
11582,0.3351496426375778
20771,0.3900214454705001
10413,0.6106056479061486
11365,0.24861219794519596
14339,0.5936428104572162
7823,0.46459416852685015
7196,0.40762336684534173
25386,0.7210259742018471
16823,0.5729353114648541
15780,0.6284461244100876
9948,0.4425453568961091
23671,0.5577475717825161
524,0.41300802780418955
26908,0.30004554961144453
17461,0.5242943560672162
9850,0.1700136191262361
19754,0.44825386181006677
1021,0.22120790722064726
17438,0.4744766865588695
17163,0.35846524473587166
3793,0.4783855084500439
19355,0.35115408767484885
15962,0.4163165057207182
21331,0.39422232359131926
19186,0.39664582719077346
26539,0.3218422244705019
26055,0.6070616576686487
22376,0.6794098000941385
21534,0.3208493338619868
4194,0.2923351172222126
20633,0.1674002847423513
520,0.4170646565728026
10129,0.3678304025895987
22571,0.41156378241647096
18890,0.7941899993104724
432,0.5074378594318869
2915,0.5567278813030037
19541,0.29041039414480746
25773,0.5179052324122798
9742,0.47506448800473483
11145,0.4110149366815206
18405,0.364257514917336
30958,0.3592570155647999
3198,0.3835980925173432
2322,0.3365511986456729
32315,0.4090668818083666
3711,0.28919347950382096
32325,0.7527327986278826
16651,0.2438106631119462
5952,0.6261561170209116
20569,0.48181246554149343
20794,0.7592380263618408
10145,0.3538877879959211
5871,0.26804057997911057
1923,0.4085555604471825
23434,0.5060586455192371
23320,0.8798148273516958
1053,0.22867706718402622
21348,0.7315138229538101
11960,0.641280098902415
30497,0.4690057219459926
21870,0.24168616421339625
28801,0.6903867977244744
557,0.5287253570866179
32225,0.3915167600490478
31855,0.5647259508168276
33303,0.2564551200552365
21605,0.6556875416117862
11627,0.4491216756959069
17279,0.5083782948591911
16765,0.5634525097487832
25092,0.24184504888410116
32987,0.4155854128328111
31278,0.34469180204161093
3287,0.32799579595508466
20352,0.31599303686671276
5793,0.413703741218346
11152,0.3627668715243908
18352,0.37933868226037
20126,0.44274914771587526
17250,0.5265823594866393
13682,0.4346047819538277
23553,0.4139517605521924
18699,0.6520196947116087
8220,0.47347302170955213
15166,0.5433541646912078
30688,0.45879442826326544
25590,0.44556749273808577
3153,0.6256865158079357
14139,0.25809507042758834
25870,0.4754950733498805
10955,0.4317025726270016
1499,0.3523243101316755
28638,0.8115609823478664
3627,0.5151810493269577
367,0.4761469240782931
28928,0.45973119345516844
16195,0.6114049352532088
376,0.5454033717587053
17309,0.5344312325069417
22980,0.527779435529125
19136,0.4211554618426879
9112,0.25327328531167087
4491,0.47726116320408657
21381,0.6785633174200528
9755,0.8250240700425816
19183,0.4173847021476368
30773,0.2853737985124045
12964,0.599934979318365
18242,0.5208936841874571
12488,0.6159165612235489
15511,0.39866051010648407
2477,0.6256202861400497
16355,0.6580389493907096
12363,0.7139748685014938
9554,0.3468311444206958
23317,0.4630086264846672
18273,0.6420265783814734
17248,0.43986189189730646
13290,0.5568755811176396
14776,0.5130147464893999
29371,0.3351647626910018
11668,0.34060221278825037
5720,0.728382188685316
20210,0.4422464236897543
30968,0.2528320012808663
3011,0.1751107422205032
18589,0.39678341782568904
371,0.4286140757022608
16654,0.4437298009453771
12665,0.43015720967632465
19655,0.5689608234135486
31105,0.82448209499167
226,0.5184605846434088
8286,0.5555783938843679
17479,0.6155807982871557
9719,0.37216456289750016
28964,0.4964239236915298
6757,0.35203039984735146
18661,0.7553340142687749
18219,0.3587749133487676
12168,0.6052377347503471
7173,0.4137366692147418
18118,0.42749401118408953
13456,0.2598960417485702
22017,0.7063264831112713
5767,0.7803232522684181
7625,0.6935937826579043
27903,0.7033770493051903
30219,0.25575790523290404
16758,0.35080522409737924
8981,0.6477880403689679
2823,0.6387138738469765
16835,0.4253488356394044
14364,0.4327645223515132
30185,0.29064792667206146
18359,0.3001014292324939
5477,0.4571560479160538
22274,0.5026639718398251
9375,0.32119357637678925
25079,0.3238177197473439
5199,0.25222114966886394
12387,0.4266523402600283
10046,0.3565854307760698
15615,0.3607676062301269
17179,0.5158560152476989
16532,0.41092385434608114
11972,0.3218762514163816
26754,0.4134140248927563
13105,0.5078315904354422
1601,0.6732571249050426
16277,0.2933944562751976
22974,0.485066578393781
25596,0.48625680964691154
12432,0.5752430158370472
7879,0.26076178613161133
22914,0.42152070689804433
3233,0.33996782214213545
26331,0.7378643854216641
1329,0.3716368001251421
16481,0.6310167639629094
26467,0.3024367443041204
26760,0.5386183967961089
32075,0.7075532117542863
25188,0.45613963823317083
30504,0.440676949896984
23574,0.6035079585482567
11121,0.5502984034299653
5319,0.5454364742109089
16282,0.3711595585599736
18857,0.5683181046016184
15185,0.36240677846357916
6884,0.4540309411462417
22509,0.5132839848872763
3014,0.5378260737837947
11104,0.4268159163689904
3881,0.3086541839332609
24190,0.3195228351519022
20343,0.7679763648531172
16632,0.47257197186240807
2071,0.4993867915266945
29959,0.5490756455054102
16752,0.534191235492182
31472,0.4734179415756386
25949,0.5705230649996778
19145,0.5096688654457489
17064,0.6610164115730446
32417,0.77796275827393
29900,0.7261579160600303
27571,0.49599471928646566
27595,0.3671701215844371
20921,0.38078066172712666
9491,0.5485641081847225
17457,0.3791218320518657
6456,0.4464273613959966
26271,0.2159899149901594
29800,0.49280547054762
6671,0.6730806512393906
6308,0.36297457615034034
12515,0.42236240694573884
30335,0.7858123413815256
25480,0.6021329163969412
203,0.5798592946037098
28320,0.6160371872897569
10790,0.43327122025268405
1126,0.3280666133022579
8201,0.24042114979838738
25892,0.39203531645152667
12960,0.36051883408432694
3139,0.3624771194772694
16703,0.542973712297102
29002,0.6270787911528883
22748,0.3661365540957636
15210,0.5751647391350869
8752,0.7015211297241644
28304,0.3996470168459965
24513,0.5213721976246816
32680,0.48150610446458425
12670,0.8593447448148996
6472,0.7673310957840591
30021,0.5048806858868534
24700,0.5023431212655434
20967,0.364650995301432
24048,0.4049992855865945
31292,0.3173368799094192
24289,0.6972644361967171
22050,0.38158149013130244
12482,0.3876719646033153
25344,0.38325902540623036
23334,0.5191754645319634
3858,0.7842575743502931
26238,0.34687259731102854
8564,0.5989439752096247
15101,0.31867853742341046
19985,0.3001889057459159
5825,0.43166373691034216
25314,0.16184260962558414
26296,0.41165390401522317
31748,0.7500097880288447
5478,0.4247037859483947
5362,0.4337489676967884
15538,0.3388600533968486
13104,0.482435333228269
702,0.4796473533538485
12033,0.2082584455393123
9596,0.33326316260287603
28853,0.6115138421046777
26082,0.40124521447072736
31169,0.5084887515326855
17363,0.49813474975219896
7311,0.3824367553345017
21917,0.4068785876915443
18071,0.3975094978502442
28497,0.7053736757030143
18604,0.4940444286193645
23441,0.7344880392170299
31776,0.4283038796969881
5559,0.4361271691548454
19916,0.3261369803569328
7275,0.4262345118711761
11625,0.46343169589778876
8485,0.5713627271018549
30073,0.49035698788088855
16484,0.5341542786075374
22007,0.47790414233147727
11953,0.5066110082499193
4311,0.43588168594171056
8057,0.3209369676346528
4869,0.320534427615654
23022,0.4521078058595151
1041,0.6985687409444878
24786,0.6820016541178091
2870,0.35141117418115003
15340,0.5967527085806601
32068,0.33066337529649686
30360,0.7232411708780627
26221,0.38440149227610265
30215,0.4170269143705798
25876,0.6140880964288704
20495,0.7396954257833905
15695,0.23049841079279634
6687,0.3248581054855964
22929,0.22112048645557353
6349,0.5292837879633003
25294,0.337643653021838
5363,0.6328908457899989
14917,0.41481353986285746
10831,0.7481245545808077
21268,0.4829518234805236
8398,0.49197318884241237
11983,0.4657434425376447
13524,0.4418345842818291
19719,0.7516277215261424
454,0.43662428203700687
25041,0.6326601362208626
10345,0.4930521093798575
8997,0.46861701144669027
22758,0.48292059670253257
18650,0.6544569253083639
16664,0.4810507240616052
7487,0.36289365571865173
33239,0.7737795864482135
5788,0.47321399795087865
13879,0.7038984480904027
26886,0.6611741484799817
9455,0.6262675797424399
29803,0.4354072761316029
13979,0.3851604084584642
8089,0.4830093149999323
15892,0.5510566262717088
23886,0.7126630938145525
19681,0.43069218431252115
25812,0.6106829222810767
3228,0.4887150961437369
4508,0.48414646933748623
1220,0.4638225706341168
11038,0.6504294679135133
10652,0.3623305423305949
24067,0.5483108139882064
24446,0.3530112754641092
11036,0.5040816983137161
14090,0.4378639177740141
19337,0.7370905176599548
27558,0.48582311197380545
20096,0.5106659906194242
30345,0.46612414790677387
20567,0.46613348295182183
25517,0.4815930898442909
29238,0.36548005458787786
11010,0.6633996879635199
18090,0.5108486441705442
17478,0.4315417678393083
20435,0.2428179491265869
19814,0.345217335893919
6894,0.3558706300191537
6377,0.4474199388425317
25133,0.46245785462812794
9367,0.6137580805353309
19349,0.4342494763267328
24595,0.4965134905859056
2859,0.4740791202708014
6549,0.6234749454447118
15628,0.374422888319358
22848,0.2665503798174841
20954,0.5048796931438526
17308,0.31890489936818733
11018,0.5877904745457047
28391,0.6906762460105476
24467,0.31006292827169823
14656,0.7302826716494211
23792,0.4067611160961437
33263,0.5355699619663249
2896,0.3669884253124948
32230,0.7836350082368724
26982,0.49860626859547336
3243,0.2238777135565101
16542,0.49572058041288825
7141,0.20999583185916382
21423,0.694971156288275
10991,0.7970258423566784
25230,0.30314443297481625
23992,0.676884015820093
8316,0.36931074151946763
32137,0.5160577777624065
18518,0.3246456339748031
25252,0.4243527914962624
25575,0.4873561391393481
4261,0.5789045165028825
1125,0.44205181988751147
27822,0.3195721788988126
31300,0.31474935310525154
11071,0.4396550962604526
14462,0.6023772088425197
28543,0.6290831907211517
1132,0.23936948852825973
6140,0.6091818897145405
19811,0.1660489086836093
6598,0.5244210669910525
2049,0.6037339691988952
29563,0.4511256616277387
11489,0.3325808870512761
19968,0.633927934418312
21644,0.49630897149961345
22824,0.4343833287712815
266,0.4952249215663584
26,0.48048688276002693
21461,0.4282360734919516
6411,0.39476055752944517
9161,0.5439396341188426
32719,0.36385762073933725
31175,0.273738924452695
18677,0.29764041448196854
10011,0.4591454667905822
26071,0.34820629655185387
26302,0.660867497145299
31177,0.4791122914862111
22091,0.5737355440801549
6216,0.34065726733998514
22069,0.3434532998781493
10329,0.4864402036025947
18089,0.8222783855102564
21371,0.6708528094047858
19588,0.620474711344914
16312,0.3641824949746015
2790,0.7257739160615341
12019,0.26011870830590544
1808,0.6432055441002501
29739,0.3044118929966906
11890,0.6221047435943035
32541,0.3954041192491434
10322,0.6485104994161532
8511,0.4166910293285757
13838,0.5982649860121118
17350,0.567012036285698
19770,0.7510070284195612
27920,0.4815336350508689
30751,0.7287137149735993
16097,0.46421084637968585
18419,0.47436709712191616
22714,0.43568692750761795
11806,0.35299809621257516
30525,0.4459957499034256
13579,0.615557815016563
19295,0.49624564360219964
20750,0.31273579731620504
27924,0.38330915102807434
32916,0.443487400610222
10503,0.48373912237120475
4476,0.5791819486619669
4408,0.5545572090625464
6151,0.47647147191248723
22854,0.35037103810564224
4847,0.27262387891860873
3229,0.4601014002659287
10632,0.3265517358474029
1095,0.446209731573709
12139,0.27084981237766376
19265,0.5297420319518635
27359,0.6920747545033884
12261,0.7000058889154508
21588,0.33479971833127253
16089,0.4556632869650195
28032,0.4625798897175704
27846,0.414220112375276
6841,0.37238182235677475
14940,0.5106609595933127
23833,0.7044556930412867
25180,0.26516132992230756
9667,0.5574805645840404
30489,0.6973135539474152
11916,0.24524094578507463
3860,0.5182675238654876
25981,0.33650136052380825
29284,0.4137778302258684
11025,0.3256454617278683
19162,0.4816055718020612
11149,0.5909781122478283
24685,0.398901892873649
16096,0.46936054082968187
10079,0.3207120644825737
12944,0.4233212699929325
6366,0.413497271596065
20383,0.5127702338768816
12793,0.4283334370700886
27136,0.5376548261584271
8262,0.6133369181421318
3850,0.6150716700792936
18061,0.43295271489130205
27142,0.440761878499408
2809,0.3330355032187389
7339,0.276369291228119
22762,0.3270158204467018
19553,0.5298194240895705
5985,0.33987848033650153
11835,0.4699734563868579
15338,0.505994103859631
33064,0.6746733771314644
28921,0.3716500365454121
29598,0.7313060884760904
17229,0.8532867378969492
20314,0.47496663596718064
13590,0.3987726119335498
2090,0.3930827715258836
14408,0.32827307295802616
20070,0.31973708937485523
7066,0.3968890966645851
16621,0.4041875739549859
10629,0.5105915203328052
22226,0.4024847960261943
20498,0.3986530112515295
29109,0.3106238534523731
3948,0.4380629783786602
19220,0.4263667246854524
27925,0.48200710904761745
14248,0.4060435648946438
13036,0.2587965045756095
29382,0.4748564613829745
26210,0.3242548812914129
13117,0.506983367132801
17498,0.3563054562923625
29498,0.756244647203629
27902,0.4336477675627052
5123,0.5099265366765878
22875,0.42288034369340866
11070,0.5781342125152968
19626,0.36727304631007246
10940,0.5029604207531957
6786,0.5444002927884384
1141,0.4565415345736153
8242,0.6876301745324341
28287,0.48639073403880007
11600,0.62888229069483
7011,0.5303805057088444
9602,0.3500563004996337
9933,0.48025614277845163
18389,0.41973319202671533
6908,0.23824285987147498
32201,0.20366002075900808
16601,0.3454019145756344
26938,0.29289704656755117
10281,0.6014149136538925
7993,0.4080082075908435
9089,0.37342009869777854
30175,0.39326747338661555
27987,0.3792415732805248
10748,0.3340924832605593
17973,0.5077181093843625
18950,0.3888941710450921
23115,0.6500949731324047
4074,0.4462975828694007
24056,0.6723383908347644
25583,0.44246738527574836
2490,0.38179916892511345
15464,0.6834210339848306
3376,0.43059013744701574
8901,0.30697379170161937
28096,0.3583238576041816
31445,0.41318535087250174
27707,0.39786048791572354
10256,0.19153766414103038
12949,0.26459196749880765
29068,0.41663908863710075
18557,0.3569391891163926
23223,0.6292734975202685
29313,0.6909167337188978
31247,0.6352354894224723
7880,0.3145954406009123
24178,0.37053591989389434
28124,0.5759383623883791
12484,0.45466505488566006
21032,0.5145291882974201
24108,0.38557531520570165
1827,0.3651669781714935
22188,0.30374028850746787
30869,0.4275607330479586
20102,0.3945542532783837
4132,0.37224398955651067
25851,0.36119990183596246
32536,0.5129161944130779
29843,0.8471159516439967
22174,0.3235170362877361
30343,0.4600590161570489
11423,0.6034746794148719
33279,0.7514812942255846
7094,0.40673710958577536
10039,0.4933274599405742
27446,0.393207579339611
11623,0.807957407033353
6881,0.4236271847512622
30644,0.6529941414753309
1497,0.5563758868721591
22207,0.33422861063335146
13665,0.34363534350099184
22055,0.3731563941413584
6177,0.50601230483086
27731,0.47135590283092965
6686,0.5444782046324115
20978,0.40368186039483706
19197,0.3121544086054002
32749,0.37793965472230184
19779,0.511034020744399
19406,0.7154779716129241
32816,0.6473947825187484
32404,0.5247335775843139
25107,0.36527303001068057
8954,0.4667537210393469
25202,0.6591396931982993
3423,0.40026014315764347
1174,0.3974143469537276
22230,0.3823493050805527
14376,0.5379629305820623
29110,0.4565380747717157
21475,0.5916239515882712
27860,0.49477873292712193
18682,0.7405356009373439
28485,0.5316156075411754
10857,0.8568905379687167
14571,0.6034281547188549
26792,0.46147292901387765
28954,0.7418685261789976
29095,0.33360970157263337
12220,0.38262741836198233
31471,0.3385367358446412
3542,0.31693961262900383
16319,0.5092504731284693
23809,0.43952516043029455
6172,0.5232917493064353
8738,0.5907088441863226
15337,0.45707892625557245
1970,0.7864805117769631
24325,0.6802153860536713
24601,0.5117799312288922
22224,0.4856960047134286
17339,0.5128684456375348
25028,0.5320218883453249
3594,0.485380943307008
12192,0.4461768004784575
31792,0.4413385845825211
20913,0.37186672592839676
21415,0.34100725010457583
22948,0.4926049535531329
4112,0.4429359029842082
17175,0.39189551422677665
13768,0.33369375095647696
24304,0.20409114874925705
27695,0.527057447985567
9862,0.41592767957148735
3417,0.7076250202589471
31590,0.4158703290786515
12003,0.2200139631930637
522,0.4246189478406241
32107,0.5884601257659141
26318,0.5303053477753819
6019,0.44742034183630214
97,0.24979364925058972
27835,0.4961357747230432
28775,0.4477576383966353
11087,0.34788646739176365
25142,0.22395031702762264
24501,0.7406586627762028
19949,0.48954859600749506
8641,0.32682051942825774
20730,0.6019183559728629
27098,0.3263315566761585
3150,0.36519282366644196
25214,0.29627984604621005
10213,0.5089203691942403
12223,0.2442520303760573
4997,0.5453393039297231
26330,0.7132371748611475
5000,0.38896425415647334
16829,0.47807226148607884
18081,0.29030304214524
23200,0.26556307155720954
10258,0.44015156414445283
17192,0.43008608531521275
19086,0.46934472064493443
5691,0.6763316419178186
17494,0.14868860397881606
4924,0.30261177007317497
12979,0.2295854872225772
5644,0.16124643604376168
5757,0.29768864440020704
32262,0.7680996266956389
5274,0.34949170198674107
4090,0.5156565292917369
7706,0.5916073548698014
23390,0.4186168056828529
27737,0.4305084170257284
19137,0.5407615846667551
18558,0.6620329063722367
5623,0.546193870813811
12528,0.3763599661138438
966,0.5651194182409601
28970,0.5765395854238242
31081,0.7253842576739746
18117,0.6030182076805441
7458,0.37109257531656603
31325,0.3112547133621045
17985,0.5937838431542809
30419,0.4626354294000599
29253,0.40293336561522897
25457,0.3114059745433761
28332,0.3561048354981943
10683,0.407730538653707
13065,0.3488343045322993
25336,0.5669094533616108
3131,0.41420451620715437
29325,0.5227413256708713
21232,0.5343786618273759
15352,0.5962814542783488
27302,0.47426644130961965
16005,0.4123124663484073
11196,0.37310845931055237
6504,0.6083952447834996
17608,0.3931725672514236
20483,0.7735847864665102
168,0.5487853198731408
179,0.6522997996878128
4123,0.7199055947400491
8797,0.4682111673680693
10927,0.7435071361491515
16766,0.525954884220076
9085,0.3470642746845973
7137,0.39442730746503096
28475,0.4011800851472179
6299,0.3349704415444356
13920,0.2961915306968853
7079,0.5118399652682307
24989,0.532404414231999
3561,0.3694673088791398
12667,0.35836073258722917
28591,0.3581778501845547
8874,0.4873957621618649
21905,0.4226693367267306
23970,0.44927734840042033
12320,0.5661714501584002
27646,0.23893659569804054
6315,0.28071300756581363
24330,0.5826856741145204
1103,0.3093980198357335
31296,0.45263193314427846
6320,0.4195982074760821
25980,0.3646386893026445
13186,0.5343728596233555
19474,0.7940364302145612
22360,0.4094487941111132
29347,0.45472558591504264
4517,0.33764401911177633
11533,0.39542847501375616
29920,0.42850894630456704
17831,0.7122812177895785
23548,0.5018071326670427
291,0.5971618260649187
17377,0.4587164508775203
5611,0.6357296336035912
19624,0.42658268607257727
28715,0.35443662829355976
6217,0.24026188078226696
3456,0.6735688870831334
7844,0.6324172800691488
3649,0.5027627714353172
16663,0.28748653680295144
18426,0.7078773460292254
29734,0.30284223842102087
8202,0.7444488605133271
19323,0.6502312114395628
11118,0.3341316424038808
3800,0.43958028481211653
11230,0.6310301234438062
24368,0.33592335009897306
5523,0.3757840541625548
6032,0.46525554080593584
21656,0.40388361660732236
16608,0.7710038369764481
14760,0.5274782679106836
1841,0.7355613063508447
17286,0.3631910387946405
9231,0.2776423653593688
28143,0.5375421669217588
5609,0.742680648842298
24704,0.35634066867502856
31362,0.43582181367047595
21715,0.5830268777343891
15668,0.45153436884272197
32471,0.4453684664985401
23284,0.6862241327374908
16918,0.43922968580635935
22969,0.40192961514052367
8462,0.4707353034979036
16033,0.5131940211465293
23824,0.4839878792211339
17773,0.45493322295831085
11086,0.2750325636320576
33014,0.44178574041832075
31894,0.5161035077911457
30048,0.3623597582081944
16175,0.45607008473191546
24839,0.6886019192013225
11836,0.3084028263448789
3831,0.3149929205894184
10215,0.6918945028667149
23262,0.4375782318957611
13418,0.2774622265198206
22036,0.6080317485125988
23332,0.4443337845711963
7701,0.4947446326161899
22187,0.33131529646632735
18441,0.5038939237977613
12824,0.394503176089783
17621,0.26957591796728614
20665,0.47603171308815845
19662,0.26971865810534534
8263,0.3083561872738096
28521,0.5373250655865763
29665,0.5655541745626255
14105,0.17029403679539765
31694,0.6157756578524105
30235,0.42733209988368503
29828,0.3934279082828324
26791,0.21486683248019411
23375,0.7152232319990643
17520,0.4049147764909036
30437,0.5675441914233037
2238,0.1708346944240522
31530,0.3975703250492668
292,0.44604676502886237
13255,0.5697270224882107
69,0.7220320885691693
26447,0.6289915480580964
23058,0.6206778614063619
16618,0.28383568471971704
16250,0.6656631752901009
4539,0.5288695252969293
31704,0.530183191577649
27744,0.2806537035215278
8838,0.6532572509236377
8767,0.3890605138456665
6044,0.4502019251159774
23325,0.7680653988910566
20097,0.5244363677219094
26245,0.4623019047799962
15683,0.44123929158530534
7749,0.2213565162090242
19951,0.38626158235684
24000,0.5914859838630553
31460,0.2402027671812613
25675,0.3583135103875529
9304,0.3626201055356766
30788,0.46258035091458755
31295,0.5453424203963414
30495,0.3615548124441658
16039,0.42300497684628635
29596,0.5344590237040083
573,0.3938925814618824
29731,0.4171458886181815
21121,0.41720163811188715
27275,0.7265394444995301
17287,0.42560944009672746
24915,0.7269342593504525
9652,0.3689092879423242
5341,0.35970838509892133
1617,0.5671428407860007
26946,0.3039093515090888
11138,0.580955445143229
17385,0.4510686989581576
32336,0.7217134585291294
21555,0.44798356056476074
5696,0.4973931068302191
17042,0.6775938794307594
27472,0.6084124702239946
20237,0.43790006579988916
31511,0.4610818840380212
29047,0.554470778530609
10577,0.7023984852444114
11786,0.27652076707294354
4582,0.5763083030970939
20959,0.18693992462181136
21056,0.3797301127503021
17185,0.566786556317413
16232,0.4167127328279907
13474,0.6814018900675541
22324,0.48786469028230184
8327,0.30457052676125346
2221,0.4422694710876931
21904,0.5803500600765894
31477,0.3699008854270789
5180,0.5873157160817163
5009,0.38309268172560973
453,0.6541936280600774
28888,0.7620717333599195
94,0.22784229688868485
29632,0.5019552323196382
30652,0.4987788427411135
4418,0.43028920985143654
14419,0.6382283819508305
21614,0.6037047523486222
2367,0.5224382412920153
3670,0.4082797662210956
27714,0.44319632291273037
28277,0.3670383349360766
13217,0.5465322876371086
17655,0.5730386749224703
20367,0.42155194140498803
27596,0.35991376341378917
13529,0.5255847258235903
21289,0.6326916163888917
27358,0.6252029374949725
6952,0.3730903653381485
7914,0.7818034589537474
7967,0.16981143978867522
23435,0.4048458682761412
23222,0.6152322644324211
21763,0.2350969065253978
1442,0.2810580728520199
8647,0.431288522399615
11291,0.39866427817978267
8721,0.6123527439789826
79,0.6546440804783621
18430,0.6014724712303383
26632,0.505273626424987
15494,0.44941765459056676
1350,0.41929280308982525
24189,0.5213562191330807
16346,0.39129168911345025
26536,0.4020874899210561
5370,0.7037174856710796
16518,0.28232655032115267
25503,0.5516814285321574
33038,0.5310780368110601
27702,0.4103125246262287
16858,0.4052406942395949
23677,0.30025385064410404
230,0.45701281775256447
13695,0.3152940305382648
6633,0.2122739477943793
29178,0.5045502483117587
19441,0.3127396855506144
821,0.3988521427934266
19071,0.46702363431301347
11407,0.7274835534123603
1513,0.3175644315164786
1395,0.1470613425451733
20471,0.4502564289955758
17480,0.24523287646033015
32236,0.7773271847886177
12702,0.3917707894962142
30299,0.4747675570549098
23540,0.3425697444253629
29761,0.40477475711798316
11431,0.5059779817808392
9045,0.23029062745023648
4628,0.36557874798636286
32887,0.5778248438769527
2193,0.6817276335330231
18530,0.5004932948016759
18471,0.5138142139902602
18539,0.2373889652697056
28239,0.6163827783005384
10078,0.3681107597977243
11483,0.5499963788170367
20216,0.45935922485059705
26179,0.14407640119079188
14601,0.792721762544343
22532,0.6572152365352553
18555,0.178231792522142
24357,0.36530276878926354
3709,0.5269192244371712
25700,0.37661681519495255
15622,0.3963030314652477
2331,0.26973895282339444
22445,0.5198861145587729
4605,0.4780115695863411
28283,0.1681178366283758
32979,0.4086889628768635
6711,0.5588766399266303
1480,0.47616717028592254
28286,0.5832759968424911
26016,0.4706958581038146
15794,0.4297507516386186
18464,0.42815955947061424
14319,0.49377822845425323
10935,0.31091495339443803
17635,0.6921717463777993
9616,0.45319783966266824
11466,0.3411655044584632
2545,0.7316422241813053
7548,0.35711028500478753
33168,0.7663943001669407
24535,0.5201823786978612
12904,0.44374682551135913
2772,0.4481080468905751
23547,0.786410582377941
20109,0.5398498148840506
6752,0.33946699953103154
20094,0.5123707794623513
31279,0.3523490229253726
14310,0.35293378620176674
11875,0.4914658605035168
611,0.4516237070149264
11217,0.3686313195686326
29634,0.6361430187465994
29622,0.3772023712073523
3452,0.6646717918016873
32440,0.4557993195415809
3521,0.3573777240665575
25580,0.2350049725338403
32741,0.4669993736621352
29471,0.7147894787245844
27847,0.4135761309631532
17652,0.6492809621896785
16291,0.27963924059573236
14207,0.3874475020809862
16583,0.6968939991416379
20415,0.685702264545533
9925,0.42000051945092604
9442,0.39563876030689343
14504,0.44398295942730237
27912,0.39924077506179545
3253,0.24134025007314222
19415,0.6442229779184965
259,0.4829808178489804
17405,0.2844098101875444
28973,0.4687950631811203
5588,0.36616209058739446
29812,0.388447860058354
22710,0.7529830380664131
5535,0.5884219546551883
29817,0.27202368586076114
20714,0.4679265677725665
22154,0.3828756709678229
3327,0.3189549509340641
24419,0.31582739099821366
16274,0.5134584945387546
7186,0.3907484010601382
29795,0.6153627683004965
19897,0.4315772152176188
8864,0.6565194494327369
4901,0.29026633491108095
15351,0.35507764989464025
28155,0.5281029070809641
1943,0.7662914743176785
23498,0.5639215401553446
15267,0.30472170559151485
5506,0.4963486778635607
9250,0.2998374943540752
14624,0.29729979351515473
29246,0.5972060940146602
1712,0.49675223973517385
10639,0.3789527331411833
26118,0.3944657410041251
16970,0.4300010383025565
16306,0.452812939284696
17013,0.5187455491998276
17543,0.37489672290102993
15109,0.5337025251278598
10350,0.4164803584090681
8831,0.5070999740089468
1363,0.36642585364651487
28258,0.28695091992514743
7758,0.44934771585904126
22617,0.3117195500543996
10250,0.39227222070639195
16944,0.591942294082911
4834,0.4263535548631193
24049,0.5321781187951485
30613,0.6210221541645831
12264,0.32797544556498803
3115,0.7151648924655297
31461,0.7609324324555954
30696,0.3346566894974769
31352,0.5027616679467402
10367,0.44033750242964476
24064,0.6889555652513114
1176,0.5395131052188337
7312,0.23713132022557698
18499,0.8029048359680451
19515,0.6754085676617264
28055,0.3866114080902984
9962,0.3062924471180415
10865,0.4539806674146121
28709,0.4998590770731298
1905,0.4215665662044531
3220,0.39074751400502244
19066,0.3477831395719302
5928,0.44751209039184914
14979,0.4459554093157635
32730,0.7428892812288972
22410,0.5351568337652997
4530,0.4251320375804845
825,0.5068967491774143
12905,0.42140138340563443
6159,0.444862445221479
28878,0.33940717622940075
21160,0.5691558985751151
19542,0.3990421928285078
12490,0.5037429225833729
30271,0.5062854826718644
13315,0.7032132438488157
4677,0.3311090739729767
19605,0.7247830101310593
9945,0.4556909078611344
9498,0.35486521171962304
32734,0.6306242725491179
22236,0.6398611063610169
2024,0.8482093087620135
33137,0.36038055883750997
26747,0.42174209428725024
32917,0.3898020066508109
8380,0.5978633246987768
9464,0.3871352715088783
3912,0.4125047528020852
27537,0.2793994898162472
13550,0.3127914975385756
12616,0.3909365738990881
14714,0.7961720940462214
9808,0.35287563811751316
18606,0.43828808837002037
14012,0.5659368822919858
3404,0.5644148127788
29847,0.5314041023948296
13884,0.42836286568355
15373,0.3720566461776086
9537,0.4522664598070937
23265,0.5233749179157566
23131,0.4549045923664772
32806,0.6659568934656462
6236,0.6283198428088906
11803,0.4024653696698834
26689,0.39790714588254306
14253,0.46604963026610385
28871,0.4538872574072823
7130,0.7319121250732962
18801,0.5257516503495381
9176,0.43334677534417476
29257,0.4155533412639019
26532,0.2726698361134913
4829,0.3069121308144401
10074,0.4690958536932527
2263,0.5479712725997231
1650,0.5534907753465241
3519,0.4520541047438736
22686,0.4787608638774526
28753,0.6275071032203302
6677,0.2654928636486322
29115,0.4952213075757276
29792,0.42979245581189296
1669,0.43338986059891244
13080,0.379724673456242
8607,0.3811442410908569
10728,0.3504864493733253
29989,0.4691310929283359
5088,0.6541877973251831
14970,0.4421810849207252
21044,0.4897298750432114
21360,0.6852603396065495
27742,0.5337311989102617
24702,0.42586538563893395
5427,0.2813775057981864
30221,0.8528136763678719
29525,0.6176825624946504
10868,0.5307511825143566
23643,0.6578323637299166
363,0.6414252353935478
24732,0.4835053251509127
23405,0.3748456818266977
18124,0.44147182228111986
20564,0.4868346423000057
26730,0.2637283228107076
16427,0.7558549307141705
12508,0.6292588084671138
22406,0.6556868007465705
8408,0.40117037603345307
31969,0.4606921420888906
11004,0.4668756995984869
4446,0.4979873718206765
24728,0.3451457588533933
12037,0.3329640402880106
31492,0.3105651116647294
18284,0.5200670015443322
19238,0.475500182761788
32787,0.5924965921725078
10260,0.8439439012463199
2325,0.5771875632905
26578,0.41717664261207144
5430,0.4481136005307019
29629,0.8095097854931177
22961,0.4166851620770709
23819,0.4951619130181191
27896,0.46752195796021045
13628,0.2897885843872018
5718,0.33435418415494744
17017,0.3362169919523911
22842,0.2620904358194699
3041,0.4639384468276309
17838,0.4299346485404905
16407,0.42559514481395655
15542,0.38946333704115943
23682,0.4316019109963405
7050,0.5096665670733699
27167,0.34511921457477956
20610,0.5016739802814074
19359,0.400335954331412
24442,0.3490726757379824
31576,0.5200702597444028
19751,0.47822262014285094
26461,0.3642165958615916
18225,0.5095598499286971
15833,0.378546668277131
17435,0.6977574160646937
28175,0.4130138069853803
30642,0.41488512498832547
24217,0.2190434605632136
17531,0.5379187509838038
19279,0.45917286977497623
7100,0.21223008838708327
7524,0.5156198341930778
11393,0.28663622847672116
11227,0.3295146697653372
11208,0.6116460476478827
11293,0.31826238337124346
21717,0.4048623069579134
21888,0.2676654316747271
26344,0.6654680334807674
2376,0.4431681135133317
19956,0.332506757645764
15277,0.49610809919684823
11201,0.49220466369149046
19063,0.6225828411582393
14444,0.49666632754977963
3114,0.337739069504809
16808,0.21415179149282706
24558,0.4091293844181954
30188,0.5467324338851683
30893,0.3501437913323124
16333,0.5598204163944122
19582,0.7757953295249209
2350,0.7609178241530403
29593,0.4007799295413209
19990,0.4190214880464265
5936,0.3701908259242056
17626,0.6122371638676894
25740,0.5030425267430354
32568,0.4461786720339707
15400,0.5556236847497498
26928,0.4015264156844653
27344,0.4910493147350118
22836,0.46095304223537537
4484,0.33583805090578894
22149,0.4850183034584225
19576,0.32389389248865746
25494,0.34849972870565543
176,0.2290327691598248
20213,0.2653752391020713
6839,0.4149777018726058
6388,0.6302308324116714
3147,0.4504346498141533
14604,0.7196019152496246
7477,0.30885895911230465
26808,0.42826811459437153
19222,0.26518457459758227
12725,0.5283602442666052
6296,0.30880370259542256
2573,0.640548139328065
17026,0.4760380500562643
13113,0.3281025797382152
17485,0.5171584655580432
30809,0.43302171594988637
24424,0.44754122070854263
32002,0.45772334794291447
6073,0.4435238391051012
11486,0.45520206123444873
28237,0.4232143182087708
32923,0.5409879609859909
18775,0.4917170265028275
532,0.32792124716400944
24948,0.39258453875529875
27647,0.3010643573061619
487,0.4582722881645289
22247,0.6025218954115927
27765,0.6769994875034036
15395,0.2439273935971635
23800,0.5189051339716296
20683,0.480677658055027
2671,0.33384223549270736
8590,0.5360646604098318
22558,0.5466777869429476
2525,0.6263149754537014
3700,0.4567936536967155
5832,0.5952782192965099
25112,0.6186100734105731
27640,0.4132315848781229
10105,0.4853318626721466
20735,0.48652528986255933
3775,0.4392012383397928
13825,0.2990378474273448
30904,0.6189382774887793
743,0.5795517025475247
31547,0.5012239757769679
3740,0.6492387071869948
18115,0.4981999562581525
23582,0.4569842947128049
12811,0.7516241656715147
2480,0.7211029037298781
15750,0.41196107084438155
3447,0.3138338508248903
11235,0.31960991037508996
3216,0.28725991119965133
10098,0.37595096073056183
5676,0.40003456282088046
2794,0.3123526274404251
23245,0.5673933073338172
6909,0.521090820731168
23811,0.4906312101588724
18711,0.3931419214486736
177,0.6656008528558616
14599,0.28783475474560005
24740,0.4230306551746182
7560,0.42295780990907345
27179,0.47391918589864196
24309,0.2573335888345299
26489,0.4081176029274195
11056,0.7178604987890903
13223,0.5854122249072073
25128,0.35189650831824254
28390,0.7153259454439681
589,0.3711575618382819
21392,0.3068928865047704
12850,0.30564329162271964
20644,0.38966700472536075
18159,0.3089916343619667
19016,0.5465098268227917
12463,0.2352824425268277
1112,0.4406275359508081
20930,0.4573313715116639
10093,0.6164810945096372
11478,0.3513856579715572
17133,0.5745186870230449
33061,0.3448591131680165
32894,0.4556151587992453
27467,0.6860797464515596
1629,0.45349347022311987
15184,0.44948547222777113
1137,0.40084248349498885
29227,0.49288638526903
19686,0.775888260305539
19928,0.5681485453664559
8331,0.21389244974820518
25105,0.6348342909385193
14460,0.6734451762907794
2203,0.7638491390796851
14265,0.5855915959724349
29575,0.6718327861902802
31516,0.5196219745807313
24416,0.4617180290277947
31049,0.32340598238792084
7700,0.5824552000278224
11410,0.6721776011517924
17825,0.36748328890221227
18949,0.6758573848498061
9262,0.4841169497621673
1694,0.4537530673071514
6771,0.6084241717228198
21793,0.24864510959833866
23887,0.33232739059068117
28457,0.4339061047582567
20946,0.3978482982541412
12067,0.6556048277942046
228,0.4017056324223502
23048,0.7915972280558802
18310,0.3156447430852075
5990,0.6873813728004441
31060,0.6594153675798525
15211,0.6314126155923989
23536,0.7874440328102192
30595,0.22351113928397986
9782,0.3214774584967451
17122,0.41231902074572496
21625,0.28479386786074895
26526,0.5120523394254356
12020,0.33724815088359045
1611,0.4213611121045267
21251,0.47800003147886755
11641,0.5422300977602171
31925,0.41830000584274046
8620,0.5563592566493551
20263,0.39646685535891335
13275,0.6103970040924989
28885,0.47678644937437903
4950,0.4297143593816307
3830,0.42447669855195985
16166,0.3062814437109393
28375,0.357663281183843
27086,0.449853342480881
23748,0.31929940561725
17280,0.41240221792505377
14083,0.6324749102571162
14074,0.5032867458168497
11204,0.39421252210311425
3914,0.4781219232683996
30047,0.43495581999372956
10423,0.6329906409877767
18715,0.3397446397401
6843,0.6940101891283964
7529,0.4509590808649674
20353,0.717460058554636
13730,0.3233077112896522
7210,0.5727707373673454
7182,0.30991260152518657
26025,0.5395719353799712
32888,0.6559490288812208
28385,0.3753928671771154
3970,0.4419937704478685
8996,0.5154331937069933
1738,0.5514205301644984
24811,0.4513744832449954
20666,0.3702034368970162
25919,0.2813206971111641
13534,0.5235465629328477
25827,0.33460234877794043
14667,0.6306529209296197
32399,0.3348837560895682
3357,0.45365771475842864
30501,0.50444712935072
17414,0.5380663744143825
13216,0.6354183180983808
14837,0.37265347850842
26872,0.4432763470051721
12926,0.5513138251006449
7876,0.41900769185572584
3656,0.4046188611146039
26035,0.4144945929226071
30451,0.548371680155186
7922,0.3743231405503533
14646,0.3937578830352057
4682,0.5817527711895665
32574,0.5231574093951544
30534,0.4460444627263563
6360,0.4145229476607176
2700,0.7389420160757988
15809,0.24604523235250084
25389,0.7009365880822228
9362,0.49019699930016036
7589,0.5018336143583544
21885,0.4590142069615013
26957,0.2903896383463288
3690,0.6319276311770812
6875,0.3402638578890117
15263,0.3006151169498616
15132,0.37847157414891264
21245,0.5870103278892932
12694,0.2407091049767013
5449,0.44331541686053916
20696,0.341734677531942
24749,0.5591968706434657
26989,0.519877651089349
30037,0.49223460601717817
30771,0.2430166218731185
2645,0.5920820395668012
6431,0.42852368537786595
10262,0.5767108075675537
27943,0.3824624574943358
21087,0.37638790305590913
11853,0.41552216725105373
22756,0.4671649494857865
30236,0.33530861537277096
29055,0.3167955157685039
27694,0.4881161431999287
20563,0.4732996151666212
7076,0.6238736079903487
5640,0.6133832048691304
31679,0.41071985352993706
21441,0.4406290694482261
22813,0.6648608249818964
28405,0.2368288784314774
12544,0.6298740406358824
28484,0.6562532780055104
21458,0.7091336877099176
11536,0.4849392092120967
1365,0.4293404689713685
12806,0.5132826761817674
4136,0.37500272374024113
12438,0.2611374417769128
27833,0.555229496635701
16593,0.3921746355671626
5179,0.3891506000832445
13338,0.7116057314908019
23686,0.3400219524484577
30135,0.41094871875000016
8811,0.45582822173663806
20240,0.3878654157689995
13693,0.39345918135454455
4330,0.2108428761561113
6432,0.3834726068144745
1925,0.6205053907843867
32595,0.31490446966655067
17909,0.3652811847942544
4762,0.38667447250120474
14075,0.3838860946506754
30295,0.7616563830658816
9934,0.42514624873512114
17586,0.6203058620851836
30559,0.6140398110938431
29445,0.457671037438767
5101,0.6364591060750496
24403,0.36467541325714736
33369,0.35267804659980134
17744,0.5389127371139024
17662,0.22612325319698118
16812,0.3839308098200219
17930,0.38168749121287515
19533,0.30565170618820714
18746,0.6583695047018491
32211,0.32203981272260973
12646,0.41616585697172015
24252,0.22924340442675614
7047,0.618176926576072
10177,0.5274504176570817
18305,0.6786022480879293
2466,0.32751857622073827
14128,0.46929558364478074
18129,0.5027045912616086
26017,0.3195350713662638
5393,0.4280343010540743
30398,0.4386887028668418
25578,0.4587958728556252
13437,0.4261918328518143
21291,0.318327552171149
26452,0.25217626585435826
16880,0.35685396874020076
7608,0.6404082112282806
19660,0.31317938408757595
10066,0.49984785877217774
3502,0.6183948481061269
13721,0.4428690027182149
20447,0.5103006546252791
18204,0.7153614744800343
19807,0.345729943699761
28394,0.318713327358598
6534,0.3828094566939487
7675,0.49018396621238775
15558,0.29180656469443966
2036,0.5825452317877455
22477,0.6303750189687989
9983,0.4660566886871383
26552,0.3785888080868114
28684,0.37842424449688217
13508,0.22855542932662354
21351,0.27673686570852324
7684,0.6958923348396229
21643,0.5167849214436054
16214,0.3837938570440533
11824,0.6148179074471487
21740,0.3950052635001843
15318,0.8771502461121832
7787,0.44653176196857003
23763,0.3618288502683562
3057,0.3164324293703854
26113,0.6316865230628882
3733,0.4300128582970096
1893,0.31030813911361904
15529,0.6574758074912718
19750,0.381788358320407
20381,0.36426619014111417
9227,0.5580951168854313
12843,0.510532452854243
13866,0.25411275949604367
11899,0.4339632236755968
3055,0.5199161048906474
10708,0.4235647858408921
25220,0.2914836388131038
448,0.6494558144126463
10065,0.3464827816735735
6055,0.3599060886978131
23461,0.5019322506754648
19875,0.6586130305298654
24734,0.4815066015379928
25033,0.3166957269508909
27202,0.5354320548670226
10558,0.34196044229891825
29126,0.4909698714515328
23171,0.747705058596642
19902,0.472304342790468
6045,0.35216946412478545
25247,0.6436996113591416
3202,0.526768973581635
31311,0.3784013061324599
31657,0.7264005181525558
290,0.3431434330324957
12337,0.6944389193798006
29360,0.657200038265867
3414,0.5181614043302962
14616,0.30286409816542004
5290,0.6322582979383141
23312,0.7226510682947607
18158,0.26041204024827924
32696,0.4744102388568592
27529,0.6313199485543913
21616,0.6157648373907018
22182,0.5089853574063805
7386,0.4467907199468433
7139,0.5232988748424287
387,0.410651908122972
27161,0.4227925300713238
31310,0.3527204105155416
28111,0.39344473518565654
10158,0.44534807066241344
8403,0.26704288427237277
11465,0.15174995130233643
10019,0.45385398483991374
21366,0.5579934075637887
10526,0.21294405724302903
30700,0.748486290916525
6871,0.43478235552324945
10184,0.60774451281799
92,0.43239848488946664
13707,0.19689303615547443
32101,0.6669711469939744
17323,0.18285869347312345
26379,0.4049728543536062
18438,0.34914118937268424
24600,0.5183680970669231
18312,0.4470522090755933
579,0.36503316015604786
27001,0.5800089370388406
8477,0.5871457557327566
14892,0.4654669057557809
8175,0.4875664246571021
529,0.3123336443980557
31966,0.6044955677008238
3799,0.33976152421957767
19929,0.31277764900663124
24604,0.4599629072292156
13346,0.4867357783156879
7065,0.4630516109872722
10099,0.5028916779330845
23869,0.6582120867515848
21397,0.3301752244622668
14905,0.3121093113701953
12970,0.3944674085037551
24394,0.24581367557648326
513,0.3712940073511044
10069,0.43528663977985493
12461,0.33042614084261507
22967,0.309786723148154
571,0.6105704349253914
7775,0.4198209243760928
1691,0.6475176867132081
23528,0.4974722146348541
11698,0.19986427752491306
11569,0.44611510271733346
15870,0.27136994178623364
30578,0.503177057360255
15641,0.5885309960080347
22202,0.4764484992057831
30834,0.5713312128995545
1104,0.3414917572207534
5885,0.3558402667706201
3208,0.4270312534462819
14137,0.4280733569655252
16587,0.41666529254825496
4596,0.3837620899948984
21972,0.34289522649097676
17801,0.7249000635994821
29646,0.7081927140371402
14708,0.6572104237725424
10608,0.17459323650490274
20307,0.5642770558701401
19466,0.7409434422643939
14815,0.3964395810697015
30198,0.39416539672386447
29765,0.38234876331455514
4337,0.6160935167054119
11449,0.7203214750329029
24861,0.7442083567526622
27303,0.3460460550055382
19019,0.34260181754430374
12040,0.4899214774839139
14583,0.40760607668974147
6848,0.7374085905785486
2115,0.33582612676410023
19848,0.6611203198656429
23544,0.6992501425925146
20019,0.6250433209203765
14859,0.44866724806326796
23386,0.7718989040337865
2158,0.5857519589198108
23254,0.30239360833207696
31276,0.38073704704228895
24940,0.30850586468043706
19498,0.43632136201173516
12953,0.4455850955843484
13544,0.3594123462384597
23921,0.24320163221640065
16353,0.36271871452068705
541,0.40688341856632215
5200,0.7341534948055106
16923,0.6985672210059419
1242,0.346037325328247
20844,0.38496202515268557
25212,0.55706951424644
23345,0.3264121783042765
21182,0.3597267650526453
31228,0.7035961126901289
9354,0.43271564033296495
3204,0.363930515030978
314,0.48929666004955824
23685,0.49343453422568734
9979,0.32196312885180667
10733,0.8147389667237152
33366,0.2752381838553601
2056,0.4076991770268134
19371,0.44558614388458706
1437,0.40726375808189025
29789,0.3215447106780491
21851,0.4036494863786373
21127,0.6479164022798298
24006,0.6270552585432259
22902,0.37972899541923083
12745,0.3755046466739905
18879,0.596081211850714
5505,0.1734488471638197
14030,0.5875403104482427
27779,0.3061771935273189
29215,0.46128301428829593
2983,0.328023733943689
18679,0.24462674924552946
23702,0.6174281025465173
29597,0.7665515775387975
6358,0.3012958839706698
28950,0.4072681146170061
598,0.8813679227286209
21124,0.4218700458671988
8957,0.5028170629238656
33048,0.40255863756070864
10126,0.4168911503361939
3066,0.8496479114461483
22802,0.5841566393717518
22965,0.8268881251059346
22079,0.3747703341530903
10675,0.4881064728163218
23602,0.4017237831789004
5877,0.48383664812528726
12366,0.43097855744805963
474,0.32649587103274824
28208,0.6933870633221274
16598,0.2532664396708841
2001,0.46699013203248696
28489,0.5415540277040404
24347,0.7433657957939045
25237,0.24672653170559689
28958,0.3735054029879301
6931,0.5046920772000703
7901,0.51934162609313
30963,0.3506475473638133
5046,0.29295947295872
32846,0.7899758318964983
5233,0.5690880254849056
2488,0.4642880227497017
23125,0.30389212194098425
3383,0.429576181378524
22150,0.46105505077545084
3482,0.4600059996704085
21662,0.417924217585432
2019,0.34835039971996623
28822,0.6376131700589414
25755,0.3793058939134986
643,0.2993390489961646
32877,0.505994103859631
14238,0.48084288583889606
16170,0.4112383961011241
14006,0.4757440012929757
26719,0.33870205366923384
12596,0.6714601350667886
4663,0.45445634906855736
10339,0.4214243321413484
16233,0.4383306992522137
7106,0.4530389042613075
31164,0.7770651316192977
28731,0.43608383477323015
30078,0.46188216341826893
23980,0.7215846918803795
13221,0.5091927892982359
1575,0.4433166226656187
33270,0.39547475221561607
26750,0.6125957263147904
8613,0.46900691865559135
3212,0.4877837536134265
7495,0.6914241142730564
26914,0.27052931677994063
9135,0.43723634236701375
11140,0.3736142890421421
30282,0.5391990847523319
16362,0.436935727544369
10328,0.43563587432733303
4420,0.7746688396271731
15773,0.600229330385889
10716,0.3576295505804414
18925,0.43427111177002076
19433,0.730232139057519
29231,0.45361461028919836
16183,0.3935834997473992
25398,0.4790452530477034
8558,0.4425335134343266
31496,0.2124114140797419
29589,0.47644367427521417
25937,0.4338719395185835
29694,0.5120812904094099
24265,0.2865957842578513
23749,0.23732555485200224
22660,0.3952346151645461
32565,0.3648399783989793
29510,0.2422891111682232
14876,0.4115726275044924
10706,0.5670396533870796
18207,0.34533000066515895
3727,0.5103618434043424
16391,0.44196857022825325
30326,0.6594670896181861
29061,0.4886644102325057
17290,0.4500995103291465
32150,0.6561415536963147
32264,0.6070486172821866
33111,0.41528812803075094
11992,0.5272277093782272
11554,0.46721817636392704
22991,0.3947730764567139
25721,0.34213249881067187
29619,0.2536941016987649
33287,0.8086987500781951
427,0.3880501082873754
1813,0.43167863668822504
5227,0.3589622563993048
30241,0.45488772987375736
28248,0.4601671069791433
18412,0.48412312884528347
6416,0.3769159136116112
9348,0.5311174632396726
26288,0.7180427286227558
23281,0.5949764643591776
25664,0.6316171865288542
19535,0.5230170252446925
12550,0.4328580060938066
19416,0.6037146428275842
8252,0.6191044592445633
23789,0.6247351962851554
19141,0.33775395559422916
32596,0.6513756327435894
21835,0.39432966413994847
27810,0.5717182374331338
27802,0.27236533623188147
15572,0.6060311580989477
30942,0.2992527128416305
24894,0.812612192111168
19856,0.43291330514227455
8730,0.514788674920913
22060,0.6596907060820479
4764,0.35165204443829906
32840,0.3783598932672679
15582,0.35284110680605874
1536,0.36762386634705296
523,0.4726381461011308
8474,0.6492876733597509
8172,0.37996747515337653
23764,0.3324826948165382
2689,0.6769267234764318
12238,0.31247282855890396
12687,0.3273030987200079
17810,0.23787489639622544
27877,0.4701617754072741
7752,0.19493554209924224
28962,0.620505312849259
476,0.43195057571365447
11023,0.6991272618729278
22021,0.6013376355935232
9027,0.648570499212873
12257,0.477192269378987
20772,0.42659501300954905
16797,0.5073649811830053
3141,0.3408958645141654
27570,0.44954918063653776
15276,0.5472669904807189
24831,0.4481115260728455
15312,0.4519999164265846
21963,0.38486477187979146
17321,0.5386499020298802
29327,0.38526915856421046
5842,0.6846843597447524
11791,0.3926076532485259
32060,0.43601525019802817
13983,0.22313661701731885
12940,0.4827011326133915
30283,0.7177057043516112
23559,0.550909242881968
31270,0.5203933456712644
1731,0.4396504478561991
20385,0.38299886981544623
9828,0.44495892823452776
15419,0.30565526237504065
22452,0.7719372505960199
25847,0.3742277410973889
24797,0.3281808162228643
20602,0.27789571321215273
27245,0.6353476569945125
28030,0.6851450103546173
17263,0.5577319890972359
8157,0.6321054763146474
29764,0.3861145716018796
5816,0.6976664037454439
27295,0.4009977973115155
21638,0.3639598267489052
12524,0.3242135189773858
6382,0.23228850776221388
32365,0.5420723422911942
12554,0.39483238192967435
2714,0.33619745295723813
29369,0.4130257403719779
30122,0.48485399557100234
32385,0.3714791388041609
7828,0.695376827103771
25012,0.3124642214155632
21128,0.646038783994009
30626,0.42158724604619213
19747,0.20109511296709512
6522,0.6802820615242116
25814,0.5101802323094216
24858,0.35383188806925386
7440,0.4185982874642658
16360,0.42998920632147486
22972,0.5432834513606405
14227,0.277187988484553
26436,0.3865044933795479
4943,0.2716180101419418
11585,0.2731499085928669
19430,0.5617408042074983
16596,0.36525828719592063
8817,0.499288234767261
10822,0.5054670158304052
17394,0.3345419303960739
3164,0.34964785931172715
13369,0.5196470579331489
27916,0.437751044021139
14593,0.41724414049085057
32562,0.4168573953097344
3274,0.37796773594015104
24970,0.3843515964537916
27235,0.5074929469481031
29124,0.48548758430529526
21855,0.24598817520534985
9835,0.6059298478742852
21690,0.6339917713282932
23976,0.6532612984817454
5487,0.3751393863377656
19520,0.6998252160976071
8213,0.48566578625103707
2456,0.29534103861566546
30259,0.2715897663961127
4566,0.34991658369554113
14998,0.5619059803665787
32377,0.5507500018802354
32689,0.44823277719967497
15196,0.5033289390196569
22311,0.43544513827016856
2814,0.49496220111702016
20855,0.4348055780114205
8008,0.5750871771668067
13020,0.40875019035078985
7802,0.33333810728879687
16202,0.4499937039022531
14131,0.5426680369681369
30449,0.39025602526677583
5085,0.4054571512426362
10825,0.41640715045387466
28456,0.3915438870321657
30576,0.5839529509689634
13964,0.48951327278815493
22281,0.39115134162490184
19659,0.4666968138035259
23362,0.2804810078684768
31054,0.34718044549133176
29556,0.6339566433246305
32295,0.45765204855769737
25854,0.4449198317516241
507,0.4775890339462149
16065,0.32585435790425143
6681,0.7215128476461504
16912,0.5261489553365868
25464,0.6019362714583361
26372,0.6935099837535165
631,0.5327949479560211
964,0.6032712231124127
13101,0.34980571351517536
11970,0.7020666255503597
14143,0.3578000034889491
27011,0.22086870794352867
31958,0.5102105896628052
11278,0.4882638854970877
350,0.3106753042640798
21983,0.25316661457796064
26039,0.7557852683374329
777,0.45580127203697857
3277,0.5325229669697997
4138,0.48334074598684224
1657,0.39605422536351037
20935,0.5399646222072454
2013,0.40685837987574935
4304,0.30323944017472404
22295,0.5194681635372509
30024,0.44161623550963874
1263,0.47341810538859525
6020,0.40762551025937077
28121,0.704122713708553
15900,0.3650041305393162
22957,0.5277415481854111
1433,0.5052354281954669
6613,0.5786188987694207
22403,0.6933141548502073
29960,0.4923878104970767
3577,0.25425932926592204
8743,0.47958265541462347
30356,0.6293540813312062
6173,0.26701477195808443
19545,0.34004511343498234
24951,0.40450693715870945
33030,0.4998204541656022
27453,0.40035714751907353
23448,0.30495339326425636
22995,0.2880739932718541
14850,0.2866568124095799
24417,0.6374016548368513
14016,0.2992637021701878
1198,0.41075525968145127
12909,0.3578332978865371
15757,0.3818308187044096
19121,0.34361195565964225
16431,0.33313186061236855
1583,0.7158198478619423
6846,0.5380637734041889
30748,0.315926255656762
21781,0.7449169572979196
30971,0.524579940634993
9404,0.5274252825053802
12804,0.26865466257826265
15755,0.42084583203074094
26056,0.3298077169365472
19831,0.5644187250237924
13039,0.42986939511585726
31012,0.8167884693183642
8657,0.6084941511217178
30045,0.26119930909862327
7647,0.503396723264446
18831,0.4221684852462446
19665,0.668545292398517
17334,0.4085864835719489
12196,0.41499646024981424
11090,0.35680746913993816
10718,0.3886585504134737
19567,0.6467557461163108
31635,0.4583872281136324
7112,0.34558831869295537
25687,0.271022284411952
12620,0.3039555096590143
17579,0.2593874419511374
22998,0.40012270362172636
19180,0.4621835616843053
11706,0.3915676704746917
2130,0.531232712304008
17550,0.4652837540443935
29816,0.5018545444241439
23930,0.5075683468797763
13473,0.6667161629954547
25899,0.47064653255916916
5422,0.28753812172237353
31337,0.47949806384547156
20291,0.584986156901471
27090,0.30434192424069567
22051,0.6259361466237512
31571,0.4349098482915869
20709,0.36008334817751597
32839,0.49969605608352563
24560,0.568397911676508
5528,0.44778108249404963
30727,0.30919286607580054
24463,0.4190977407237526
25029,0.5135067368355305
23466,0.6279428454704558
14296,0.3401640912147289
9655,0.368406725193428
21929,0.36887898162670285
12110,0.47652754615416426
4012,0.4985807560439698
31232,0.7698859008875554
1247,0.4521286455934916
23422,0.6926626424832263
24669,0.42460498288568
13350,0.3660002194026539
25889,0.5890822810113956
28048,0.4187781451891213
18494,0.5535180879042381
24679,0.7528269753973464
9497,0.44123729190499295
25077,0.3398379314742361
24782,0.48503342858324017
19918,0.5744222275858841
21263,0.5503179471238706
15817,0.43340959214931674
16488,0.2959413622240942
8543,0.645014430499199
510,0.5412534169468792
6133,0.2508604042445176
1379,0.4139864684224046
16477,0.3788113278889868
15653,0.2646426651845902
32133,0.36884866836873453
32669,0.4252632444515806
4765,0.7516590871149013
3488,0.7167619740907142
24286,0.41999396384981114
23507,0.6593928761714803
20026,0.5700044708421355
13293,0.5572586675491712
23153,0.2652668459941286
4289,0.3921297475156834
6295,0.40995524998651456
26954,0.31338168217757806
22789,0.3080953858818346
33319,0.39410851630160615
13712,0.5502323063749356
19565,0.593004918894183
10435,0.39733894793565444
30606,0.6244528653860388
18992,0.34220108138791805
24614,0.563480425865356
21328,0.5721756655353025
16611,0.46150972257608724
16836,0.5410375380156497
30535,0.39671229390057394
3668,0.45252710481131114
2616,0.6475768931431785
14056,0.3394555349549183
18043,0.4762321516407863
9141,0.5104561919643503
26535,0.3416294987895059
11857,0.3177868291544068
9633,0.4442798624677959
5312,0.318015106792428
13878,0.5633826365874406
33123,0.24573985967673628
22774,0.3917680523300104
19287,0.6421724075122262
20349,0.3150782559795607
13214,0.6015484360314236
15398,0.3378237139265449
27812,0.7403733059659258
2505,0.2615281035535651
31181,0.4384362938818489
1507,0.536052214628256
25917,0.46834928463876313
14053,0.6146883986022126
23277,0.4313642918298813
3659,0.5190048945955957
26004,0.3279710045029846
26620,0.613204141197025
15699,0.366132294566683
6414,0.5259070154551995
30019,0.34359503662931173
20092,0.35707413880775385
1878,0.4926049535531329
15883,0.36488316973199086
29752,0.30916106601322363
21549,0.3760828819956851
4151,0.46065196484649457
15113,0.29671780196324443
14288,0.5042943429516067
21374,0.8846655140381644
6049,0.20544054839210443
19863,0.423760874626604
28452,0.5158623615917222
2825,0.33848473326922585
31697,0.27302143998685807
31451,0.6231092212121513
29075,0.4030755272903727
16727,0.35980397479701115
5675,0.5783537919109251
7623,0.3124561497340139
18153,0.3916709748761528
21075,0.7097032017132519
25572,0.48312240623317965
1360,0.5386670697846138
4905,0.3376410978819334
924,0.3265845388460201
2594,0.7230317276291827
15129,0.42093635531506457
25990,0.4697917742618744
33039,0.380738457269966
17486,0.5062810982985929
21373,0.247660364920037
30910,0.6132475314415456
31135,0.5930619526830464
21379,0.6824413643702556
14881,0.5159632790846658
31904,0.492903808886153
8658,0.41333579863877534
20942,0.24762073965193226
7482,0.4258593943543224
2663,0.3034871003371511
3238,0.36126727800374087
1765,0.5582213647240428
3532,0.6670096161372233
12744,0.18499439914288837
10192,0.4867842734774033
21298,0.667336747936129
8757,0.5170740575296137
30467,0.725588215064782
18867,0.34682632770598515
5548,0.7278947009726682
31213,0.5228995428316972
26800,0.386788563746363
6796,0.4241663446007177
6409,0.47384833882494143
9892,0.48990985376329926
28563,0.23934402321986362
7002,0.42779340333993404
21979,0.6810110022240197
4369,0.4590868225917658
21288,0.49554648986730754
32815,0.7098581091030401
19917,0.6290366562058706
3782,0.5183878846998207
7595,0.42562959883270035
13968,0.6176027256750607
3976,0.4607371309566634
10144,0.833221961936603
19015,0.4160054169362871
13023,0.5080940724041533
23360,0.7119636242498176
9355,0.5263396734971054
13405,0.4116261234809473
32500,0.5548282523747231
13424,0.308218198014501
11094,0.49121035520378176
21704,0.2683541000946122
6346,0.6046675634516296
24105,0.604628188837264
1887,0.46768756805317196
17741,0.6120315762596679
19789,0.7813203712507447
17925,0.40488671219309535
32827,0.6991065395918924
22266,0.41870020993196344
17735,0.6625187543143662
15128,0.3302900976468672
22340,0.14965078168769583
32662,0.6474398300816707
23396,0.629708275321994
16883,0.491727944640625
22936,0.6316625570728643
341,0.18649612029574394
4956,0.47802627035442163
9826,0.6851558760401927
33167,0.6718462424464092
11319,0.4268885853923852
11304,0.6298781458118456
15970,0.5171585869145886
1381,0.6762531696438654
9248,0.2724254068720126
4427,0.49969322553670237
16563,0.3498901680466033
11758,0.40864121792710667
27869,0.668499642921591
3651,0.37882776346906655
30884,0.3785040194340772
27063,0.5302785484475901
15718,0.6080481193481659
33166,0.5874690250465909
25790,0.37783373482873095
14026,0.4457605803522951
8971,0.39113642038405805
2640,0.3447804583280593
17953,0.48078892433676185
18132,0.26828458772308444
29884,0.5550063026656382
8545,0.37101948435866855
17092,0.6789702877173385
6559,0.7661423078951689
19812,0.4152529881739781
28821,0.5197556303720821
21945,0.43044967987162575
5457,0.34335020304982916
26188,0.3724246931843612
21506,0.25120068589621547
16249,0.30284694879507496
8549,0.7024747860710195
24410,0.29076563490832774
2492,0.3442261020968548
10222,0.5021862223058325
3828,0.47683936797016235
19791,0.43938779124946775
6862,0.44873284862723073
15989,0.43822530411323746
24512,0.3382374207957137
29429,0.5074378594318869
11589,0.255545466256348
30375,0.30907018388519164
5542,0.45970815772358287
732,0.29538763932280526
14831,0.2699493736738015
1503,0.48061235637605054
9592,0.46253460006277997
28924,0.5190288546685696
29938,0.3862933446477151
12492,0.36687613430727345
10525,0.4856114404307934
13684,0.5071453047400102
31674,0.7114249092373034
18470,0.4266805947768508
11153,0.44504279631854493
3347,0.28090672113892795
21224,0.4947567608263818
3873,0.6925908618801566
18579,0.3188382001192022
17035,0.33279206738035905
31225,0.7132624226551353
21537,0.521340491856427
7965,0.6425014258618436
22478,0.4808948568925138
21977,0.6887650370130036
25552,0.4243950235290905
14101,0.5429683177160541
18747,0.4308795601685335
4935,0.5182462249840496
3448,0.6458311192009327
5714,0.20692936721427552
18432,0.5784194803030313
4538,0.3642291509237553
946,0.449083207740546
30060,0.4567590460022952
23296,0.42528677129074505
12446,0.8144331137700278
9733,0.42277471431527786
26069,0.4269967091794748
19478,0.4202069526720373
521,0.458939224702954
20021,0.47771998276676625
8363,0.4215488798883243
25164,0.31121020595221877
23412,0.2153858827946053
22770,0.6558369197959564
29518,0.17809689893136463
25863,0.4112397867600156
23832,0.5248815492178016
24581,0.4063923481931588
26386,0.35354660968501145
7423,0.5673348778208556
14992,0.39677466675793405
1236,0.4480695440227889
24756,0.4779058817355588
5498,0.24059906112440033
12147,0.6004643081705042
12514,0.36890538474656165
4469,0.6849422022570092
10469,0.6863058871205775
11733,0.2319269424508245
22655,0.22922599087632797
27038,0.6409634443738373
32643,0.715536668876002
24054,0.7656562832151697
8187,0.46600873470836746
697,0.43080444988738315
3854,0.40759181678233775
19603,0.3099560039196262
17581,0.39459328745529637
27234,0.4812400529124776
1830,0.7787320150473486
29648,0.32867008868326125
4787,0.4868409613737289
27513,0.3578920102874908
21041,0.47603930952605045
31626,0.48835859022056943
19666,0.3361912070833559
18920,0.3205681286237463
18976,0.5890359795099276
16962,0.5938062333180435
21470,0.3132000486814975
24721,0.2609044594406011
17882,0.36375491211135963
19232,0.39998910204552035
11935,0.4817275209550452
19828,0.5276222348992322
17611,0.5628385567567897
2763,0.4804378746585031
10959,0.3881621923356436
13078,0.3567088684088234
23994,0.4534818730444471
1942,0.2825612770943271
9867,0.5258263234075737
28197,0.3816445992402533
2353,0.8385268756248669
7084,0.5501771043986514
1367,0.47151870080997826
15354,0.4980215353381725
23302,0.5096688654457489
12093,0.35958474502380233
24423,0.3643482522796558
21388,0.359429325596175
23938,0.61031486664061
6200,0.5369174628589675
13123,0.5011873203456085
1302,0.3840915388746898
4614,0.35368356350945557
17041,0.23683957586466853
22793,0.17860425969843166
18354,0.30473095661818006
23163,0.38538897824688223
29438,0.31840801785827894
12876,0.69722627512576
15065,0.3958093035987206
2274,0.49054493187701886
16211,0.582393202368981
7078,0.6069975582214461
5138,0.6784513424588586
32207,0.24406474801197447
9819,0.29936583227277325
26525,0.4360021589780957
25342,0.30138802359175826
15601,0.4977065318543405
2495,0.4546729428708133
17828,0.5127121661654435
31923,0.7505751195705819
7278,0.5558573902654287
7991,0.5041677262351714
8161,0.43960109278452786
1637,0.5076501174408462
3008,0.5045992966501864
26978,0.7462231283814749
8356,0.24564951561898576
21580,0.7153732953563696
14325,0.42643104302480045
608,0.37402453176069467
5922,0.31395539230926495
11785,0.2570040065717071
13228,0.4702943033831467
15651,0.4411356838127336
2118,0.5703774889334747
25642,0.3061679652256857
17059,0.5064940097198191
22363,0.5736405858524847
703,0.22460174061801041
16087,0.40314716912686477
409,0.4074711243499986
28579,0.42611211875607446
23120,0.533872685830479
30377,0.6489283949163916
18996,0.4760472881741877
28634,0.7833677963833974
3476,0.3634489347923501
25955,0.7016382052524025
23025,0.5121371782184179
15286,0.3986203271051494
8081,0.4014302612241488
18015,0.4002713910732938
5976,0.4131218785851392
16679,0.40728879870304885
6165,0.4043295538918513
23557,0.534323789291938
8755,0.5158873037935545
5750,0.3971741944539637
688,0.445658599473293
24779,0.5044680331618075
19060,0.46320837051302644
15271,0.41203972021939445
17680,0.437154162991488
10064,0.3678506398750442
1344,0.3993390167122174
12023,0.5307514716735919
11862,0.37041140691103924
16606,0.5250765073565679
32510,0.4089792706989225
23472,0.4154942216322081
12957,0.4547512359411095
23501,0.6992266590205946
26216,0.08722548589480378
25524,0.5591465332877787
12989,0.46829717546526534
20914,0.4765060327611318
22446,0.7634911585897025
19825,0.300299877130388
31237,0.7633705007817585
18693,0.46070608986656003
28145,0.36927728824719447
8639,0.41747878027594015
16103,0.3984047202731963
33059,0.7724843377273415
30187,0.33273701018191043
5390,0.4998785766438164
18853,0.46072707971682675
32280,0.42090879944144777
31243,0.7779516731954007
14755,0.4760291848290397
8273,0.32236749136356513
27269,0.4948578440327383
20925,0.39177487787567095
20357,0.6712883392611412
6000,0.36014827543127764
7950,0.491199730750459
3595,0.4784155357466911
5806,0.3308625533225746
21894,0.5046815114051442
16937,0.4227282950351667
21579,0.5705538271319451
8501,0.5196455223101354
8723,0.5068616922674184
11049,0.32768467917722255
2558,0.4498613728590801
3263,0.4695004785119794
20347,0.47804363346689127
9848,0.4500539418506815
2119,0.4426437714752169
10406,0.4326700161583112
2708,0.30156190385429593
2791,0.4557996325591889
17529,0.687557532504832
6081,0.4832875199821035
18762,0.5271145505536858
30547,0.6244433601337137
28784,0.38958266122083984
3829,0.3752609852404241
10509,0.3557345192223928
8272,0.47047226247252194
14736,0.3354898832473381
4307,0.4807913183324633
13944,0.44636640213088336
2399,0.6311338937731947
31684,0.49992789753518635
25515,0.47920052698906446
1483,0.3836086917660502
31549,0.39674468141645
8625,0.510051753232372
11002,0.46190557005695454
17595,0.4069633663488217
15117,0.43978407759854454
32570,0.8196143452398833
10007,0.3741898160601891
18136,0.28410356196893405
1718,0.6577135213669855
3636,0.4112032339946207
24101,0.38839211629836434
7270,0.18627824711554497
27097,0.4061848829901101
4963,0.4353300975629607
1027,0.41345303553365176
5125,0.48121089980953735
10422,0.43061978377360766
26032,0.5757609030312822
8439,0.44036434410611
9718,0.45430745213755935
29743,0.46199343903375106
18423,0.300989019390714
14290,0.436542795340314
4414,0.3991710076634734
4801,0.34237865795873423
27442,0.4650370858431094
26764,0.5150019208883606
22772,0.4165127259691195
2688,0.5178323763333545
4562,0.4279957617611867
8614,0.507093480218768
15887,0.29936183895977064
7036,0.6011707973915906
28146,0.3977534336102629
17124,0.5129422165998158
12123,0.4800346815294493
28920,0.39703403090129497
10678,0.41196615047807006
26202,0.3718896882498708
3380,0.3497745054097427
13696,0.3491380263888149
2287,0.2681995509377483
23596,0.4652520955317065
10723,0.47947951879875417
14499,0.24881596422458177
24596,0.3890589745437303
23701,0.7113704113612141
29274,0.33319233777441876
13806,0.7843811480862577
11948,0.36766895102458413
3770,0.6045854238903083
17803,0.3350115077356815
21584,0.23898257570551754
33115,0.49064678458817795
9843,0.4956441793480476
16251,0.7551539230895394
11075,0.5620296867878396
24806,0.5344206290228846
21627,0.8164397359758101
28617,0.35429258927643387
15680,0.4135955041651194
15169,0.688802761243874
32771,0.4789902985651127
31650,0.5994093312909433
3320,0.35399295660667496
1547,0.6186381258907026
5368,0.6392777073418283
13555,0.3485252420499191
7821,0.2583295094476932
6272,0.4021154188826871
25003,0.45648021803529476
25085,0.2038158735013694
21791,0.40316256561776476
24905,0.7538933249412088
10900,0.24916521746930298
5519,0.38978075082123187
2172,0.19081248247837876
5694,0.6549214493924305
28740,0.49233591771896745
24083,0.8096958278563953
26646,0.5301990941021755
21141,0.38637999840787024
7526,0.4311003399108109
5171,0.5830976666864767
24406,0.8278916469351165
23039,0.2914317997352855
12604,0.5863442908296368
1645,0.43273402097991226
18401,0.6315685942234417
18218,0.47695303699007713
27133,0.5538937436708119
88,0.37129407340931236
17728,0.5426037593630136
21471,0.7946369107141008
5683,0.4626087608723974
5261,0.4526238324122884
24777,0.6292666430227892
26005,0.4443847585587482
17482,0.604412631865255
21819,0.42229508172083163
13365,0.5151253080859954
18222,0.4165223179123357
9397,0.41222936284836786
1107,0.5258260580239341
20884,0.43991313550039085
9990,0.4350926289452912
25510,0.4402376754475234
19927,0.39027334794379454
12341,0.4726219077023879
12915,0.2757637521750841
7909,0.5332597619886529
23601,0.3981466899140576
18160,0.2556888442227131
17557,0.24154243289107885
11369,0.42756255342447314
27450,0.4131722798601005
23130,0.4882637136829638
8962,0.41273162229508065
30586,0.28984691148471053
16042,0.6108997531330895
26457,0.6086452395424329
3297,0.33989038308369446
18769,0.5007012369040424
12396,0.6756641797171392
6764,0.7444191962515233
2524,0.6503074957082198
1724,0.6499021592923535
8653,0.3430088254418705
21444,0.3897610623484987
23439,0.3174526063500418
24536,0.3456250124977127
22638,0.23115173116854087
16400,0.3277021021973477
5120,0.41125044664548666
9622,0.5936978252488386
9852,0.49272539650476005
9822,0.32330844988016794
12053,0.47820909707674847
10633,0.4047262930378269
32327,0.39392954877441955
4835,0.37243980242592506
19269,0.4335352495376104
28061,0.6223360416445048
17666,0.5185076226327018
11406,0.6029014115716673
25315,0.5405192948464785
26087,0.4069933108924676
1498,0.5381363758539668
16554,0.42273370374257824
9926,0.39349475053588473
4736,0.3177484042084661
584,0.5204898471927141
18033,0.6993137134666634
21649,0.4762277276002857
21742,0.3533674479058893
1183,0.4187147528333029
5702,0.3710586430734152
25967,0.475783453669579
30946,0.6957099714122493
30705,0.3329122365505089
11168,0.3722676763765169
3774,0.43108185974076496
17971,0.30687516130676584
27551,0.5905322594240954
5146,0.4937512471958035
21428,0.3553014395247613
27740,0.3992811033792646
25898,0.6617037079612811
20755,0.3574310998734916
31059,0.22585978648067376
15871,0.3171595670542904
21674,0.6646312488602536
21096,0.2973305162317733
23790,0.2996639505689923
7923,0.3598238271566076
20526,0.8162312417519249
5805,0.4265926191854942
21332,0.31806623910631887
18070,0.4731556332989005
23896,0.3926921682202005
22631,0.5726656826368874
4103,0.45804384075410076
26121,0.5441178201062438
32780,0.14475776045118358
21416,0.5449863306997057
16528,0.5732995880931996
22419,0.7183269233348653
6599,0.24848382326066934
30627,0.5264052653807011
10842,0.22582773426199415
32598,0.46638869273599065
19639,0.7300704279955574
13779,0.4614935262208843
19621,0.6813948623564605
29726,0.4407167907723509
24433,0.4057373218437704
24445,0.3812386645556637
32233,0.7078571425598059
27722,0.655554957915827
8281,0.4404279714821389
17812,0.5750245468494775
30044,0.7574736212785209
32638,0.4095617331967408
20083,0.48608427075735744
13402,0.23702209248425424
3319,0.2831208767753016
7606,0.4957289874248218
32129,0.4087960780736612
25802,0.48854649158251073
11130,0.3422583326972739
26647,0.4091409824503754
19189,0.5873507683965691
1993,0.8530235982866843
29605,0.4376802722617171
3772,0.27825455921058423
17415,0.49564828558371066
22493,0.7607561402312154
22597,0.7358914994580842
12585,0.7028148823411006
16516,0.7657164434615543
17429,0.5765957306776262
4328,0.5602032164985187
1307,0.42201333990165457
7617,0.6325877284449238
13928,0.4141676652700053
8188,0.3766673138267744
18937,0.3914954462819542
10819,0.6852853559061302
24165,0.6924015975378021
16046,0.3779949559716837
12453,0.6885554163214066
27096,0.5398629848894684
16272,0.3604655187673457
1855,0.6575643246886014
6535,0.6682493529987374
20211,0.36816524962782243
22716,0.489190884776891
26497,0.7248016669607781
233,0.40848016990636205
5191,0.2721477092885365
27228,0.2019419890297558
29776,0.5915352049856283
20,0.6196850799600824
24387,0.4094641943516789
22993,0.47127129652620586
14385,0.8359442967325863
22962,0.6013513129738708
3621,0.5481793535852441
8934,0.589899048050973
9214,0.5119010361253745
31099,0.702818780811551
8865,0.22239631694198272
8506,0.3053203064510393
7597,0.6094878803512682
31907,0.48826522574468273
9223,0.7396790328082844
26085,0.4924475797903901
18502,0.27873266229812843
8124,0.4851848767085327
14861,0.6161310380272694
3364,0.6002804262469854
22456,0.4695099352786617
9975,0.3095525024253236
12587,0.6120359574243821
14321,0.4145728771201761
18169,0.5101268913979863
2600,0.3496280373446352
24809,0.6856638892206943
3135,0.4040013399531094
11750,0.6166877773863068
14463,0.7271712207556608
20078,0.4192909964981399
27938,0.42587419329352927
19291,0.4004502529549541
23707,0.7593144335549268
20304,0.45028335214917903
2515,0.6040394934066902
19150,0.493270768099756
18486,0.2883763786807582
7255,0.4199011395627283
16584,0.43738058813778247
19134,0.5146784613709103
13227,0.3879583039133
16323,0.426109662319375
237,0.3989815893245032
22513,0.6921845416593765
2236,0.552420236521425
23520,0.6506741890445703
23705,0.34024638946293567
5494,0.5293787651725153
20627,0.3169074986995141
32920,0.5540938933800944
676,0.4621272811826302
10588,0.476048174925199
4279,0.46683546475626053
29888,0.38496232407366465
27971,0.5303262009385141
16954,0.39843377685837017
22894,0.49852313773465956
6282,0.5742261585243078
9288,0.32543460087631476
14922,0.6894762472963964
14770,0.32931775761888654
27587,0.37823547871752866
19051,0.27131145483530295
3917,0.36542053850909706
6292,0.4640053242421397
1491,0.5048743862807158
7963,0.6217761050343319
7257,0.3388296019859041
24664,0.48260007675687927
10354,0.5567376293521309
26545,0.4224214390509306
7353,0.47185554704689636
22542,0.14824905949555545
14975,0.3282969320950457
17794,0.24557574101528415
3609,0.5725195579964082
23270,0.22694777540299368
404,0.4313748069179534
11334,0.2873046988166047
29433,0.45419347279550976
19846,0.7290397323057204
11264,0.4266694754290025
11059,0.5494476470140036
4460,0.5959176811484024
29128,0.2985781090755803
31632,0.2539816590396733
10677,0.5305755934029318
22577,0.3475816113473305
4969,0.5787509222318621
23451,0.6954104572676365
152,0.3913009694156542
4403,0.30799853523528997
3103,0.414883969452282
11434,0.531851947037221
10027,0.5676713380839852
14907,0.5642366935012707
30184,0.5019299430651923
4384,0.7146913193538018
7650,0.4483936338970531
27382,0.29477690293317277
24270,0.3546234572161891
7266,0.8192137483477472
11687,0.15465069870093284
18991,0.5929982139556647
3539,0.5788007382728934
31628,0.6701653355379673
29748,0.4710524998952111
10012,0.562963351962632
30218,0.6411969597919718
19668,0.40772780389579366
2015,0.4767918292340996
11084,0.7806825534555377
25251,0.4836051043660024
7225,0.3584383432316964
5124,0.24600280497869875
19074,0.7648822894462642
526,0.3920124810602117
32037,0.35681059777426205
30961,0.3053648534124195
11778,0.4354605225130299
19988,0.32958921790772056
17814,0.41872532293928655
11516,0.2379453983069122
1374,0.4263902538616715
21448,0.6416834698935182
4331,0.5774148569383026
3622,0.3864156451205517
4263,0.7383644219880913
23852,0.5100633116034978
12664,0.3664965205132692
28832,0.39681354226900534
17829,0.6577438012582305
30328,0.7046642394173537
2489,0.3150043586998832
28829,0.6717311923550406
19903,0.3110163674663351
209,0.5528201760349868
18977,0.34208994395199976
13763,0.5383138147533514
16524,0.39545916869763537
30900,0.4285813288760302
4953,0.37624358217983583
23407,0.4545109668522265
14590,0.7168205650419056
13493,0.7499495695759811
6893,0.27835610471849576
1875,0.5743196411081415
27770,0.5329834171198525
9140,0.7167316823379525
196,0.39518274750202187
7797,0.4705306960039511
25533,0.38363776318002796
14503,0.45165897952450823
29009,0.29656193181768403
14985,0.46596139496391015
26693,0.5056413369976314
16052,0.38528112334511144
15326,0.4202768704472136
6136,0.5235349307180193
29156,0.33300600641962436
1522,0.45048137302265856
2182,0.3553615159986543
30370,0.38225323471419775
15146,0.7767981547280428
4391,0.45435009567418405
17283,0.7003793630111577
28985,0.36140453524865407
16566,0.43613435814986273
33021,0.5004706539378726
22469,0.3291555639550998
30007,0.5752697951823538
754,0.8203146037117025
21177,0.6117034380255073
3738,0.5073146645592893
23784,0.40558000910130926
4707,0.5652459858720882
16032,0.6128544185691924
25683,0.6719133939551816
7520,0.43453029000651977
22372,0.7832786727280392
30432,0.43714741852333894
18265,0.5511965511238628
14966,0.32702498691743775
23926,0.5240176251127567
7282,0.6263055014421901
11904,0.4475988936818849
6056,0.2860222225496785
21377,0.46574847470308756
20335,0.5077083985022107
16916,0.6743654357067179
51,0.40457637727466544
33028,0.46410710241976366
25947,0.36429997180452395
8190,0.5155223796521865
19422,0.7160703403777925
14284,0.5377727434479886
32117,0.21654848267650453
14331,0.5848385521535853
12378,0.4515971279396894
9763,0.6408565867539961
6919,0.26108619355479085
20206,0.5392122254404957
12642,0.32396524521930803
6425,0.7046418922450423
10912,0.4344491909907268
7599,0.4153328820071071
9276,0.5645556843131889
9703,0.3800389997373261
27592,0.5405081337889436
1223,0.41856133988033717
6484,0.38824852904302465
4210,0.4644776161317287
32460,0.44186440668101784
7601,0.49264136019226057
15928,0.5215559985255126
2831,0.3926071134678898
4871,0.39842610170022963
21081,0.5365673248086773
9160,0.3163460088436947
25815,0.5775919917058557
6337,0.45877072911105665
22104,0.5910417167649321
14461,0.6469613499144246
33269,0.22055628223348805
492,0.6444680748521788
4844,0.42527736577045466
28577,0.478462162041849
8361,0.4407261614611559
4061,0.40429873331008914
26199,0.7121689744681678
29956,0.4885285495305396
11362,0.4706848311073655
9705,0.5438626239364845
27010,0.7721098613148409
2931,0.21157654424983102
13561,0.49966316910391856
15990,0.518190606703887
32458,0.5822482625906011
27481,0.5657777631262789
22325,0.41091964446795826
6904,0.8788402815502699
15269,0.41832019887560823
4455,0.5993538748428255
14567,0.629950219285514
13071,0.25822845672253797
20562,0.5574001501179454
11139,0.42209114303003603
24974,0.3647271685656956
15537,0.3758553746896838
24215,0.4546090225769463
22605,0.31736491256703975
8736,0.5531558980511475
17706,0.40114122420008685
1173,0.30876789166245494
11159,0.6393096899104236
6736,0.2872159012709414
20926,0.5785623592655211
4465,0.38274930829900944
22209,0.5809334390860486
1812,0.49631121447015847
14123,0.3979970269631141
32484,0.3886516005354022
31739,0.4880967107903078
16841,0.33325362861364927
28413,0.7024612846758328
28334,0.3190921618891718
25986,0.5193411520561716
16928,0.5159700425901047
1627,0.28303007841344857
7224,0.3995638027475819
5238,0.4088298569047917
31937,0.4018729203994039
6733,0.4814856108759826
21609,0.6100303832346088
29664,0.3796602978438751
5279,0.3168065134270208
32468,0.6978947508861997
24062,0.5287379680568723
25223,0.40336907913217374
15945,0.37412677414968004
4914,0.1906703922714849
19347,0.41329413249786084
9000,0.3482021489720835
19997,0.3174671559002508
33294,0.3165672012995491
28523,0.47028992377531215
12394,0.5196928968995572
5981,0.4085136405248119
16426,0.43452183921793003
7333,0.4394319613133984
14696,0.7272578738210177
20059,0.4767697639682161
3534,0.24889068797915628
15473,0.7466052636200151
19938,0.3023376633691901
25426,0.5683041002445337
4549,0.39225024920745216
10928,0.7370782102143565
860,0.35489204413889625
5492,0.45004396146038894
1007,0.3502411026142609
16037,0.5553286366662792
30945,0.6486984950359637
20005,0.4375389723019336
31199,0.44165324748074386
18629,0.31692532433841863
21429,0.2220493669602677
6927,0.44104472794956895
17178,0.31332479462286017
3105,0.5544513527299784
28465,0.5050010853769894
16838,0.35298989085423876
1564,0.6503825717511439
29310,0.3177062888075236
4495,0.3950423721953346
24569,0.6431132207989371
17892,0.345247005447238
7128,0.36909988253816506
6847,0.46926476100326164
13021,0.6338390811238241
21502,0.20329715703578438
15479,0.7031974560083702
6949,0.7175702976336968
15145,0.5443762671431529
1191,0.4963881858203567
18344,0.761995827197117
14237,0.5052072581871119
20984,0.20477009673494623
7369,0.39335148639228307
18119,0.3262107673055537
27755,0.6287564109515207
6652,0.3462063048338331
7887,0.8038586650415402
15173,0.6770286521141795
3083,0.521661960474823
3560,0.40303240215199926
25828,0.47442422085286406
9320,0.44567701407111465
15329,0.4932696327037985
11611,0.5335628752849414
501,0.6465773057337861
30258,0.42154084546499904
1411,0.47139369127946956
17512,0.2725670121404939
16567,0.2906543355369043
17915,0.5734517037719467
369,0.5267060274326336
23924,0.5104561919643503
19880,0.2997601831281156
33241,0.6944103385238153
18239,0.3621099212176976
31686,0.2794953960730086
7541,0.5415597419995046
11594,0.2945189049030968
20130,0.4671246407250598
6531,0.49526369461400543
19426,0.68206562441391
3767,0.4120487403470456
13865,0.33851580021801486
4702,0.3531329874806098
7527,0.2757873800583624
13492,0.38284281418442323
24766,0.44735011886731346
29756,0.38254564107949046
29955,0.47554535735820436
1082,0.5909663636393626
20880,0.6239937655105235
2110,0.37455037886669545
31413,0.4280467488660588
28140,0.571620574718791
28647,0.3082368417436241
193,0.4643356356796925
1959,0.5011185661376937
4713,0.507783435476505
9258,0.26990470085908325
22472,0.33883606008183187
3840,0.7019793514660799
14796,0.4437719789386575
31871,0.46871721093459406
14167,0.6004816896711075
642,0.5067519729188218
16677,0.2708695448988631
32637,0.7757890260141829
2777,0.6690640093946065
25291,0.4023915860707865
19830,0.43017404260820025
24382,0.4309103605063918
25422,0.2870258016200493
21729,0.3245530211958185
7632,0.335904292065761
11525,0.7547834002860495
29891,0.5137091513276958
17118,0.5980938498720637
25823,0.506057581219096
24135,0.7273359162571199
2875,0.437022137582272
21080,0.6549967298497729
14548,0.5349988056677828
9599,0.5345042584744998
11078,0.4710681033161054
17102,0.5050901453630531
17780,0.5225291331946246
5004,0.6470365042620565
7577,0.4386559270088402
765,0.34372582205145946
23244,0.5078431232671208
2759,0.30484592752445444
19259,0.31911516593644945
4619,0.2527236910075265
11191,0.2138567746812539
19568,0.5704555343575585
32058,0.37720883737391625
19786,0.39922437953390744
12755,0.46625412971161784
16913,0.32623414645039406
28478,0.3348871093824436
9202,0.4354533113896822
8434,0.4104110167861883
21820,0.22009662253197887
18427,0.3485605412656786
4298,0.5959435429161754
28631,0.464064736170536
17887,0.6705121680347358
13876,0.443832125704673
22896,0.7392512540979239
27593,0.39767115473818093
29923,0.5207589026890777
28305,0.39823365662512544
13875,0.41149518381370626
7232,0.5759564444571723
1333,0.25490799471680076
8942,0.4603622879351503
13435,0.3838245285889315
10795,0.6582600749420726
6168,0.40232558184727946
16557,0.43101243324696875
22450,0.7328027142184109
4217,0.47342976338184406
13349,0.3889385145174282
9530,0.490345870882374
7377,0.42396198723629613
10720,0.48648510414496926
18928,0.2821432084664549
19447,0.3109128624784081
31053,0.5082253117241715
20736,0.45659443216178547
22244,0.2988865523209743
12202,0.507181895305828
22843,0.4838226463934904
23656,0.5474292412768051
27718,0.42539978281721147
17437,0.25331743687214575
15899,0.421804933568096
2824,0.3770659525261956
18327,0.48600970623282136
2370,0.42707136574711724
15303,0.7671286695295827
8204,0.4464455958139173
1407,0.40450693715870945
24534,0.3396100274912854
7432,0.43219031524988305
29581,0.3550893481068954
16386,0.313650164376421
854,0.6853984215674068
13690,0.34597613475449135
30548,0.45361461028919836
29488,0.6479903988407103
12856,0.40697477938586984
26018,0.5275267703538795
10449,0.3390536439655471
29653,0.48344251168598246
31007,0.4623792553546218
23408,0.4547291200351089
5166,0.44798356056476074
2624,0.3807474125692044
2245,0.34665498958312985
18473,0.3861974976690041
15369,0.7217403108835667
18154,0.5035001225030517
7690,0.6541197836915577
4102,0.5683127578257245
3339,0.4739740566346846
20257,0.45215479846837653
1863,0.3423167378693873
25143,0.4058325438767529
13931,0.5710581602130274
2922,0.32878460449078994
1542,0.49407976143782106
5375,0.3658329083936234
6342,0.5067392200422811
4387,0.4114766376363601
27427,0.3713890498112504
17956,0.5027527371188025
24808,0.43843403659500074
23716,0.4198601539636284
20280,0.3861318002861914
22370,0.6761571374873138
31001,0.27693260935455677
15382,0.333836646028394
10089,0.390716556468821
22319,0.8250240700425816
4586,0.8374575611830585
13008,0.39640667315892564
23034,0.5834704509245193
12821,0.692214951241357
1714,0.460068597041777
33282,0.7015716961542885
26277,0.4002250073252023
1663,0.5812893537764755
2569,0.4456418290570696
5090,0.38865142807097275
27426,0.5886183306794298
20408,0.4012295015464596
1401,0.570505643393851
30868,0.5186639447852781
27766,0.6457553798171876
2877,0.372941899822923
17376,0.27275253205812855
14664,0.3478911107791102
1885,0.4052476944610454
11621,0.4022402723944399
23732,0.3364842031135976
7900,0.28639656305663247
17743,0.5221446860943075
25787,0.3541108700371562
6510,0.3944367922630896
25831,0.5375827473900755
15557,0.32007251389170066
6028,0.32893516471793505
10568,0.39085804004970903
29344,0.6654951664685026
16588,0.7049480570470926
32373,0.3348891214785968
10042,0.3744164882524209
29981,0.3736648956441594
29062,0.6982769991685712
2500,0.33911404306257964
14670,0.3998900248784465
508,0.5560092313828583
24186,0.6657691973098916
24405,0.4849479041636888
8320,0.3288095047943809
19075,0.15310773771800942
31930,0.33129736482102995
23458,0.3323763818213361
8724,0.534697944394406
13471,0.34504417160124495
19345,0.5416551331866359
17883,0.40077800785172246
28875,0.6387432801090676
11883,0.3987181154119723
29609,0.3548760245504066
5961,0.4754694202288025
10278,0.4416950404176263
20596,0.2420265466378781
14111,0.36752704878554826
16536,0.3486301001512241
14614,0.6254164409717434
30835,0.5578568441849739
22254,0.5187895520272867
6948,0.3586424935322524
24490,0.43542611703692513
17872,0.21297568973099187
29111,0.4359821415888204
33290,0.5685637858875765
25595,0.46040000364647177
27809,0.2549581940292644
18756,0.2075848850656346
29868,0.3917141423882995
4976,0.46988005784596765
27241,0.42005512665548006
2819,0.5259441453871213
19361,0.35101267919542034
25348,0.34075395455541707
275,0.34383678004012663
3527,0.608698935117345
6900,0.40388674574614125
6601,0.4799982839992322
4255,0.4373990712594804
15102,0.26971547022508413
28095,0.35916307799504327
18647,0.33987581354365076
9102,0.30591150850310095
26614,0.4429247087026485
9148,0.2155491274901828
12701,0.4804592977744174
12430,0.6535585086957517
1572,0.4639267526041335
32339,0.4084833871818993
11154,0.49198131243905285
14068,0.4769125204412967
21959,0.499717652807284
29543,0.4407014194400337
13399,0.582129303645108
30795,0.552593423196956
32475,0.5398397639916163
10948,0.23546268630906597
2641,0.4564246273365994
10235,0.44795160934776357
3331,0.37078550360613943
20648,0.4587013247538721
9132,0.7238956812389091
13299,0.6460237751988188
3761,0.501341015586437
24908,0.7094453936201793
28064,0.49949168488596213
24140,0.24683955299002677
18597,0.4364089538169164
25576,0.6758934702921439
13031,0.4507461835917075
6946,0.5212648105400272
25497,0.5508050244682
7812,0.2802331385212909
31777,0.5585630020705847
26629,0.3562582711265878
11736,0.7117556464959375
32388,0.5466616311020114
26797,0.5987653918026252
14840,0.4137155108662231
2152,0.3128247439493328
29272,0.7174254392600434
22222,0.3454434745983322
2418,0.36980359336050106
11553,0.2929693082458986
26010,0.43299337051862585
2566,0.3267042298764307
7510,0.49925583728059897
14344,0.3621671842932947
4655,0.4672095248038196
7321,0.4885471660426953
24060,0.46740966631288255
21702,0.336044392267506
5288,0.32855988317204127
2004,0.3603541171422228
22083,0.40941975898556504
2324,0.4601771458727016
23183,0.413448784458297
31057,0.7843561749162056
18893,0.5049208211538835
24753,0.34910117582613764
30936,0.37637563173098926
6305,0.2716337913687293
13337,0.594068235851667
11065,0.47169500257806696
26953,0.6422745440563312
530,0.4609751611180179
4728,0.42713393245294934
20710,0.484363798200504
13056,0.4888570986051812
30183,0.5842190484152586
11816,0.35395935517235105
26451,0.483501846672733
28324,0.29257838806427006
22191,0.2186478244263905
28113,0.4513312848751041
15018,0.6513406163719471
29317,0.7866054922192951
43,0.43217665299539826
12669,0.297131870227009
11200,0.19984624999656309
16723,0.40784832543341065
12666,0.1943394446552851
6873,0.6319338813008359
28602,0.34396981188606457
30052,0.8390864398008978
7019,0.18964410015972646
18880,0.4539886731543608
18689,0.34260119266532274
24783,0.6430759513908552
22556,0.6669349788907959
7131,0.43942678073617913
25939,0.6474430626777049
12584,0.43796086586109256
13193,0.32769081438311004
4725,0.5456223233060181
16799,0.36357431337966506
837,0.3345912811864233
12704,0.2810138002688279
27139,0.6047582305680917
10994,0.4294863086401581
9797,0.47009829619424637
15860,0.2696242750919437
20426,0.6445166516894925
6309,0.30806801839149256
10894,0.3993869537621524
3468,0.3957791664978362
24344,0.5172408626844736
29746,0.3551056028608995
29547,0.5876287197538989
21682,0.45072440300667516
6322,0.44046975575635744
9651,0.7900344059313352
12234,0.4120652974144044
29681,0.5364832739863786
31404,0.4394125557904824
24079,0.6420029429442843
659,0.46622265596303525
12473,0.41391147061245687
6857,0.3925492599799052
15302,0.49090986064708486
24771,0.39461218129137593
31257,0.280177407238351
14231,0.39371412920534765
18097,0.3334118211851769
5627,0.775052946865846
28816,0.6642081855799274
8308,0.2879256135773292
28076,0.49169905487854393
6851,0.45166275946015677
10466,0.5298782734035675
27489,0.32027079368635347
26170,0.6818307237865588
32524,0.399138265948072
1494,0.4598987811883114
22579,0.7697570618043033
4633,0.5487743477133687
20737,0.2762406953308197
740,0.42232774102366527
27238,0.7566922252413696
17589,0.35796900861178654
3109,0.3922825775518985
3995,0.4772620173487107
5975,0.6729437268370975
28642,0.32181056649579187
10161,0.4027776304280135
9913,0.44771626004889403
207,0.34014749832261115
11469,0.49497360981262745
23132,0.515881080268345
24156,0.6212566448012773
12613,0.4065727780032854
10444,0.7047365701601638
2591,0.417808955630037
5019,0.44400181783134124
439,0.4445071734731661
14894,0.5024338418081226
8965,0.30804771018675525
23829,0.30852945061236403
16843,0.45589952137149053
25943,0.4870033765316636
31881,0.4016399480788779
18510,0.6164100314578216
13180,0.4926001762500789
22717,0.7352469799104681
17258,0.7772170230100717
648,0.5475849476828649
11848,0.4612024426770973
5475,0.3307298742607206
1091,0.2940648362281894
9344,0.3863945890690083
6624,0.4002960469409338
29250,0.774049781381787
32717,0.46492248198155894
1946,0.5282229029110856
30857,0.5996705793649325
22217,0.25623601561557685
27415,0.606550075875191
19423,0.5322649547701703
8264,0.5295373027438127
5212,0.4609042243165206
24414,0.31929453681427666
20134,0.4701544596333648
11316,0.5473855965931305
21695,0.5891686144144166
13949,0.4906366547198187
8998,0.5370988271657866
31591,0.31375293858604714
13530,0.5060578412302188
10717,0.34084468362042075
26577,0.4119864965866001
2163,0.3764479878820095
24351,0.5306650916959026
30745,0.5665628581194295
17372,0.40658988989625194
25678,0.44731587562492586
147,0.4303457500344653
31658,0.4111701753116652
27311,0.439394754190133
7097,0.45656914959968814
3584,0.45160777660038715
30770,0.711155331979003
21432,0.28188113384900476
28783,0.5241141784500966
30445,0.3936830309493986
13609,0.475671741748249
8731,0.3283904223834744
963,0.25191189718759327
14792,0.41791275427840846
3225,0.44824838928599636
14694,0.5643207255063543
1662,0.49832771133187403
20811,0.36990890899663825
30648,0.41313505454577937
20770,0.4464982141268519
12923,0.26736263303322794
30557,0.450997470919339
9340,0.3978099323113554
144,0.5583330261823078
5078,0.47276154535354703
30470,0.3239987475027021
9953,0.39838162851564995
15064,0.4016319153932779
32181,0.2926012116741573
8136,0.33793445716343723
2846,0.32297422939453924
13362,0.3626823450672888
14554,0.7598025036233574
5575,0.35667480862651074
5648,0.482096772640816
25443,0.34496695978980757
15576,0.3578788952281059
4654,0.22027266340269316
2226,0.32562264049636624
11539,0.2586847538555475
32533,0.4151602790787042
30543,0.4510254737754318
14931,0.4378624616469983
28706,0.4363756026946683
3610,0.48580446102723807
28217,0.5905385669385543
136,0.5466440060952494
28177,0.29842595298451263
30721,0.3604742892123403
17862,0.5829115311686839
27670,0.4447133930474396
32555,0.6242485181834282
10862,0.3387785298328164
26298,0.3463860262142345
8005,0.7512754666952752
6981,0.48354904040384605
2345,0.4740929571314618
3361,0.4630687053006102
28698,0.747156413458134
30838,0.506876533294836
14628,0.3066665984045755
18745,0.467088976352978
14845,0.4153768759494778
26437,0.574883186039763
4828,0.7129609262520692
8711,0.4922641289087051
8521,0.5553715377833236
9327,0.3414720546020951
14730,0.2773424831466587
27863,0.4809670829603172
15753,0.6524542791282844
18664,0.31471843700899466
16128,0.5860213834376727
23529,0.4887797297130798
32334,0.6807080843415029
30409,0.4073483271369333
7648,0.49251074712979825
25395,0.22971839987087173
22124,0.46932861762737144
29391,0.7506621377400107
12866,0.3447705094825734
16057,0.13492094864720844
17866,0.44551442498143196
17614,0.43554758713240926
19285,0.5888157954154726
30064,0.5645753672846466
26618,0.4496394647150716
32915,0.40022194024358787
31444,0.4036736838967794
23370,0.5211421470639306
30206,0.5968810148582614
26735,0.27334984770620496
30810,0.5333926172419279
3037,0.4600933265122723
1143,0.4176161818734281
25535,0.570779069717056
2006,0.42008838553380723
23849,0.17183847033071192
26473,0.4959346188377338
28505,0.38140342388633686
23535,0.337825303501897
28728,0.4970420845728691
18752,0.8507982803447588
9656,0.288233961184008
21059,0.6014762046884803
21058,0.5375157083021289
4959,0.5194510185245099
21300,0.39389957718657076
29913,0.4719031557135934
10532,0.6459201838497882
17147,0.4464960040883534
2337,0.28658724386126283
30333,0.46183263679458986
12498,0.38615541282154003
9841,0.43358402639224053
27214,0.6777759257509499
11296,0.3072222766362254
31728,0.3468990573965923
32960,0.5565219347518242
28186,0.4446785448698162
21955,0.4430837685450653
24661,0.45351864715152224
22491,0.822277126923195
7516,0.4643168114341275
20287,0.3578086472150634
28666,0.2910830897801481
9635,0.42056984958389937
30357,0.8088061238406932
8662,0.4978197455168761
7753,0.2914474652809319
1804,0.6321976920810974
20156,0.7114478190153344
14550,0.8362666128474064
1481,0.4656361348906378
30358,0.4982576373854902
13767,0.27610142296133244
25777,0.383530121932405
13809,0.4472415227762499
7402,0.5126448540587882
5091,0.436973010006031
25712,0.6785350376915553
31113,0.6799059747188875
30523,0.284674650960945
14113,0.608063269441904
24738,0.37627857877296833
21839,0.5259438039886759
6006,0.4002092508308299
4591,0.3869113441120041
27443,0.383530121932405
4056,0.5565188856185017
3089,0.6399326454996527
28762,0.45839830230286466
18275,0.2704925038254246
26852,0.4105533439189623
4205,0.4213844655738199
12207,0.37700066676416344
16870,0.1922588196437322
18608,0.6036125817429205
27635,0.40889745102666225
23908,0.45680776549449975
3413,0.5360274529628717
22911,0.8136332792350548
28044,0.45654431452761157
24759,0.7075968890908839
17667,0.32331949080650196
20870,0.3613304155919314
12782,0.42834016359846194
8519,0.3762093348768094
31804,0.3395261854381791
27429,0.39845864403576486
6524,0.4655984193826063
31321,0.4307562213776014
23047,0.49438048029387255
32303,0.3899155537364299
16284,0.4508470689938084
27992,0.4750046941692199
29330,0.5626441203483922
10266,0.471984572365877
19689,0.6106263826257687
11597,0.5717352625797207
15424,0.6976383406579988
12112,0.4013828922288379
6997,0.4503358398713256
16034,0.39846744604356193
11900,0.5547702666571566
2665,0.4383973471081274
13406,0.6992495326888745
1393,0.5553165377799885
30753,0.7612573705064953
32319,0.23164898504069587
12178,0.6995401343989432
24051,0.2669577015371599
26237,0.6044745500567276
2184,0.30677451949856915
13954,0.43825024421576686
4038,0.4634327489269149
12421,0.6374944460000695
23352,0.40717299743932667
12865,0.2549805314210323
5511,0.43310170528425157
21861,0.7497815574427854
20413,0.20352567162586238
32673,0.41847691119174624
13787,0.35159822263651375
5782,0.2250610875671363
5021,0.4109808546157298
27312,0.7148176433247866
23879,0.36029217930706786
8807,0.3931108419424777
25110,0.27835108928172153
4404,0.34493273026685617
10637,0.30689817566093464
17927,0.714761363752617
29427,0.3888321976767191
27225,0.484021215863311
24724,0.6394050814185996
7621,0.3864084634959647
27091,0.3372916106585948
6779,0.5298906484065511
23660,0.3983166417704962
21937,0.3719878068773335
19895,0.512840409022875
22488,0.39006894799819164
26215,0.4438740515072059
29536,0.3458715079854109
24208,0.4151115746866718
14626,0.3218286122501976
9333,0.5994246891245911
22062,0.7412784833416961
12083,0.5737077949055306
12043,0.4769600174416277
31467,0.37754986609767854
24303,0.7297082090900687
11114,0.6119145644929945
15914,0.8330886503281899
26487,0.3883299420368363
13412,0.5238976261745032
25367,0.5382102658669816
10313,0.3665701355014267
16475,0.4631349589874376
30793,0.5251400715362347
6715,0.6575838285005978
6928,0.5095761423699124
11522,0.5503863829448614
3605,0.36530561520110355
7794,0.4283680105989425
18796,0.4312476894622472
4225,0.5244533933650584
7801,0.25963479466354034
30656,0.4716713958057408
26152,0.6919143857906365
21440,0.31224081306333595
24654,0.28866719475600716
31716,0.6867653403621645
26695,0.4023682908968276
27669,0.3881436986231386
29484,0.4026428830277825
1920,0.7758952510847759
20721,0.48713608127619984
4032,0.15762050652410534
16886,0.5157078502546601
10332,0.408983193819681
20384,0.7764911279965229
4013,0.5541369781948935
19730,0.4122871262218046
12580,0.3473473313454365
7712,0.35329762929312186
16514,0.3475801391423156
16648,0.3955552374023221
19937,0.37801020953279
28488,0.6291376371030053
12156,0.24087803911014855
7544,0.41581664542427926
14407,0.511296740309498
7430,0.5083854160168007
8820,0.36521435019531284
11441,0.41144237945667916
28616,0.3769407074115661
30173,0.4755905407323281
29096,0.4188071055269931
13110,0.4848923751920773
25769,0.48957581107806464
7894,0.4195632306025449
7738,0.5702415835405791
11011,0.49649825002497266
27126,0.5260558624153321
23693,0.5709320102543709
25185,0.367992292934109
19491,0.4249709861023284
20319,0.4629706149160155
9771,0.285672957012854
27661,0.4504820976546121
8100,0.2184922006861912
3568,0.3165723195680183
17824,0.2641131067946011
16010,0.5676401778673964
9807,0.21484450286227574
15222,0.5506863764952996
31329,0.5102358448178522
15672,0.3554106377888231
28231,0.38676764858386736
32274,0.28157970974637686
24110,0.5231662461820407
1953,0.37960853365531805
6607,0.5711951775501405
5864,0.43780557042340457
24363,0.2981477434788973
12479,0.34539800614491456
25553,0.38842874154686163
12840,0.4508388153746342
26732,0.34083262762982586
32333,0.4790949232347432
11596,0.478009103242787
4440,0.5730109158350333
2336,0.42068984423644273
29554,0.45485252503353163
8561,0.5406694861702231
20443,0.35168456848241303
27800,0.4857181394360992
15426,0.6992759076222642
16463,0.46006970568178174
21390,0.4726186126879255
9529,0.39321342569197587
6968,0.4158107611577317
19975,0.6620855289553588
28949,0.3969480094552392
6565,0.6492062729815994
27752,0.4330605529330264
8364,0.4894470235004689
4065,0.5155925774819105
30790,0.6954780168747592
20044,0.23361720999303534
3563,0.44250599515529027
32429,0.3888553129019323
21842,0.5123869959396922
14749,0.37383169303339997
15574,0.42121774517805344
20540,0.3304083600203594
4906,0.40874871544196834
29483,0.46515470421703226
27331,0.6316253309495954
22467,0.6314123315934709
27398,0.5993968068355915
27873,0.4438876336975795
627,0.6456750767178262
12636,0.3790951254315468
12561,0.49216803148276217
7179,0.3814605003022042
27289,0.588993812991142
18942,0.46813712398397395
25311,0.5003007960111082
12983,0.4258408280304297
23699,0.5924671566291415
4170,0.35035565745026626
31803,0.47483103143873895
7108,0.4095848768209785
21687,0.5244696420323528
13677,0.33924118868563913
2861,0.454573680457946
21425,0.49759107448379836
26311,0.4876375333362295
6701,0.34017546487176364
11729,0.2819493814732801
27159,0.40928047380122146
13088,0.6067807515775646
21709,0.35106523596892864
23392,0.4603182283877048
20285,0.4589672981990638
27952,0.736553337226501
10460,0.25807230057087055
32371,0.5180213686895617
31527,0.36065853491809324
14276,0.50848778694514
28384,0.4345151509029947
33260,0.7107105073625563
29660,0.27822229436359597
1078,0.3464489366521008
26819,0.46589930524283124
28679,0.42505793907762224
28083,0.3884157325008248
3971,0.3283284463194767
31742,0.47993932253080035
9393,0.5259937070217258
17527,0.2627418229719653
28285,0.6031981470791944
3947,0.3874444433212791
3903,0.6860282777505241
10489,0.4657913669754501
8869,0.4162487554405287
1612,0.7188721443749682
27540,0.3948448782303048
10112,0.47030758233339853
2457,0.4983876112767763
4928,0.2228461538974904
28461,0.42381028979148805
22932,0.4121459442959501
17444,0.37292036619710417
7092,0.4290714862460114
13772,0.5443868939712139
6174,0.404608590641608
305,0.4894451332861628
26116,0.466703682934315
20777,0.8089785944688358
5728,0.46999930766649517
22117,0.42857571656160043
6818,0.43891287845037846
32656,0.5440456082917587
8276,0.28008603141717847
25242,0.39637848728405073
26137,0.49702350878394874
31093,0.6697249326295717
17073,0.3953475833192907
8255,0.31367786758242994
12912,0.7695647670466755
3443,0.4414237267376054
22212,0.20722307334004147
8233,0.4824643679845568
10522,0.7872218319031415
25376,0.42345923407521363
12105,0.6813882874304185
27701,0.4667131638161767
25415,0.4944545940218374
31142,0.5507583926371653
12348,0.6336399600130281
5276,0.3846771508173982
28313,0.6391582219427525
31575,0.5353307514684877
13001,0.4916010007615594
14885,0.5624498737708077
5081,0.3057221029757857
25850,0.7087650468963181
2783,0.6425520167817694
30311,0.30421721392221873
2332,0.4337589556997971
30130,0.3205543904195233
14717,0.28622714341471484
32714,0.586368309911353
17800,0.4337721960400755
1339,0.6369496538445946
3996,0.44503396657041094
3718,0.5310790914126622
5294,0.43483037254978046
22706,0.3712185399043436
4857,0.34498132435718476
32841,0.4491518181160105
28807,0.48860299777340993
5067,0.5734407422474561
9266,0.4273105983581662
1121,0.3230069536484726
5662,0.799902245454279
9364,0.4731387072474139
7253,0.231503733713895
15042,0.6051008828062215
27843,0.2857563221685977
27893,0.695295595816445
22,0.42006739059566645
14051,0.507308061356407
2853,0.5468889713310655
16523,0.7113788967984596
12275,0.47055798508688873
10578,0.7312897225854511
22594,0.6547650872122681
16090,0.44418728460090073
10517,0.30887591225924926
4672,0.4784485589780361
12875,0.7666250132447471
27049,0.3574577179262684
3010,0.10987118861836453
6817,0.39811172047763127
17515,0.33177398800797214
28103,0.3631101600054295
3390,0.3099372670187363
14261,0.36867435477467475
22489,0.5005872808913082
12689,0.30045956074749036
16189,0.54076560750199
14926,0.5245277503958737
7543,0.43620661819563544
19734,0.3673448062263431
31856,0.2451098901185027
31521,0.39683722759937223
20185,0.48243099446291643
24643,0.3189479988041229
15939,0.4663829860747777
1089,0.48102706157720454
1819,0.6223621012262258
22891,0.4814626116878843
9082,0.311743672885154
11229,0.42742892511860614
18929,0.48244339648102075
28043,0.4894591639626952
10132,0.4017988488698876
29841,0.7537802556579702
21944,0.2443878587500076
7693,0.3674874107715499
29635,0.30419600591658763
934,0.481701382339267
17778,0.3695512051096196
31108,0.4843730789301045
1576,0.4184119646227241
3815,0.4843774085098437
8756,0.2822109602472681
29046,0.2669633040590271
26449,0.38568611678034737
1000,0.5261159945257582
31406,0.47789117563286615
8771,0.718194853585552
33042,0.45185243537395714
150,0.3523979948134792
27314,0.4197430824835036
323,0.244393818620564
7297,0.3285921797995571
25950,0.4241657947176444
23073,0.5287981215464104
2219,0.42751300177216445
21934,0.4329637383086731
26964,0.47684984156212357
801,0.42646698051365145
17834,0.5231505937531875
14925,0.4355308458937262
2506,0.3671713393277363
6506,0.5776933019711338
8208,0.6327821609669273
29514,0.46213997557996744
27384,0.42346633180071275
1171,0.3160827084418414
2002,0.7583930442682146
30462,0.4565370150389834
26631,0.2991240595254081
12588,0.7200602058744043
13291,0.519404585448622
32880,0.7240912365725142
2887,0.28053166699832427
13902,0.4704557493560559
25449,0.5459973103191924
3410,0.7842297795044451
20404,0.5181867139290491
26430,0.3928631949448281
12262,0.3663828776922337
13791,0.4021813688472656
9296,0.43511609679172547
19527,0.535788814189986
10583,0.3390660935959816
731,0.711803112640601
22978,0.35420640380246987
26817,0.4323405403170097
18435,0.6053555137817836
11784,0.6387193898665172
22073,0.25538493361756764
11314,0.37221622055942777
32950,0.5712537206512293
13324,0.4373353072593692
11058,0.46590847239877453
24846,0.7763428560315893
8112,0.5504254202053959
15704,0.4826026271722493
19860,0.4225997514388104
24273,0.39812827570490694
5359,0.3637543268633473
2268,0.2757488726921278
4998,0.5751722423010472
7136,0.5691179163285258
26420,0.473026174957737
17730,0.5124375796932836
4759,0.6899133448591359
32455,0.44821430777995774
32770,0.8044504313991174
4852,0.7614347188484041
31703,0.7027310164404045
23344,0.6464228980931552
21070,0.5967504985787824
3213,0.4475071019234299
17657,0.5637110673816357
23306,0.7148696768598285
13607,0.27224076513657686
17166,0.30575474197912555
24827,0.47766400364277123
14192,0.4191757407752733
2938,0.4715374551422226
13735,0.1538225722449514
21541,0.4984542649584467
17524,0.3486021766422298
3818,0.39193909340337424
17484,0.4228906174707473
31183,0.24237827411858542
30701,0.5948049406237729
26054,0.6365321074256269
9242,0.5840960726840052
13526,0.3643983182821504
851,0.46627179720008477
20480,0.25700995758418405
31893,0.6013343646370353
15139,0.4250004590204009
7948,0.5026056890573636
26146,0.49386113684238536
21139,0.525132090419591
32155,0.31252432199830116
15740,0.6798825505461634
19939,0.41522875048554286
280,0.7056568363490288
23737,0.3962126390125567
3842,0.36497348858371237
2106,0.4775350709783064
10544,0.6549433544966098
33004,0.41605698755430487
29886,0.5954858252138303
21204,0.3106809471103925
829,0.45034823944778796
13629,0.8115498336340191
1459,0.37500061467701584
368,0.42889884608908496
26663,0.46356117434058425
31172,0.693906804030094
711,0.4527868188194515
19923,0.45965195182468027
25900,0.39217771114229144
8754,0.48665727218861016
15598,0.5748720924040617
4988,0.37055513815073887
26912,0.5743151019012152
1402,0.47361206098703185
21155,0.5239470122370286
10076,0.4391129913954227
23009,0.4929706197108894
16848,0.6290565083334758
18830,0.38267820510319056
7242,0.5905211814321485
23537,0.2403048143136561
6768,0.704741760370653
14963,0.4768397108645155
31188,0.4154062417623805
23433,0.48495582348050215
28236,0.29695082647383136
29413,0.4797475002633854
24548,0.3500972856082768
24597,0.3751627657400492
27372,0.3123031691227162
127,0.6758362318604505
22416,0.756089340273844
30334,0.3646309152248384
1080,0.43836370574710154
15728,0.41631479852870173
26114,0.35304126308019035
13336,0.6872393039901175
14958,0.486627996495817
15950,0.514795978693888
20392,0.38618430530316344
17362,0.7112913372248262
28533,0.35153893261008734
20624,0.3987153473984431
22760,0.3573773436141022
24233,0.4006003226173221
28275,0.3467952037645803
6474,0.4252710563277301
16698,0.5357630544829765
1291,0.4613623947598158
18216,0.40487225046193226
6684,0.2225712339257798
18019,0.38954712397563224
26343,0.4074299038280523
30141,0.42565716791823993
25373,0.5522336634932083
17327,0.6829256183451724
31415,0.2918224992461183
23674,0.6279220235961535
11421,0.7721724769035034
28902,0.3925407036613272
16318,0.42259112815892125
25951,0.4546218169052991
30570,0.34481084364751324
22665,0.3315433384812978
6175,0.398195689960011
33292,0.6530563037546405
5299,0.46043803986308446
9074,0.4356836162212409
31879,0.4871265115312785
29375,0.5088821918554269
18827,0.5156448615195145
5503,0.6985225077661663
21019,0.36471286418966514
6813,0.5989372320133404
32197,0.6778070058912711
4878,0.39468122826609364
12732,0.3540002991697521
19348,0.5488195951816389
22672,0.3598816907158402
16289,0.7194827197239475
8278,0.38136124254026377
1770,0.5256591175888112
27820,0.44089096936798516
22887,0.42447629972230955
21523,0.3105358488830007
3137,0.3200385514757768
15466,0.49416235905875217
24688,0.5164656582347266
20006,0.4111504754931807
1298,0.634576363909583
834,0.3951621460796592
28266,0.561812841281956
14525,0.44248827764909565
32623,0.30034196785521844
12817,0.5049502017825197
26438,0.5517825319263236
27265,0.5384246877391436
28281,0.36689536738861633
7209,0.34027023097184644
12080,0.5507843172967258
27347,0.4470748459823333
28861,0.6802753430457689
18722,0.3593946462999467
31698,0.4336391316332803
17970,0.5078642410943536
4638,0.6536653623974308
29767,0.41547578018996567
17861,0.8274422657728929
11946,0.7921394603906896
3169,0.8015894617390439
686,0.46094073917298595
27520,0.4880595605883596
3841,0.4657035296807375
2123,0.1937111993538473
16405,0.5669558273751747
32323,0.3496959590501927
27508,0.36281492217110617
22593,0.5282644424777865
30041,0.6718694717652256
3151,0.43326936032140695
23253,0.4539129319296232
24306,0.4724092003899826
23478,0.5023186945173505
15995,0.31542762168175476
4962,0.27041998575010046
15924,0.2658515410949974
8708,0.5365408484250704
30492,0.4000743088917812
11859,0.260682346132084
18210,0.36535582298629216
18884,0.3931272653360949
22351,0.6070939220960603
30975,0.4890158320067857
22740,0.48181199159062676
9968,0.460141766362571
29025,0.38239045040138564
14869,0.2841139874791277
10296,0.37918971220978753
20616,0.5961250622496971
32261,0.5037106317819421
23988,0.4908522420747222
6153,0.3755028816642321
22035,0.4271851563762007
14520,0.5180388863719418
5913,0.4418011430457916
1279,0.3362328350976843
2394,0.3264907423174071
31387,0.2796029469910989
11097,0.43279458163730833
19319,0.3765957991119942
18083,0.49047709181687316
18911,0.5692681059020966
17733,0.5534009041693796
4920,0.23348461299546286
22270,0.44184984426517515
24029,0.5747359671605285
13144,0.4849522290430962
7528,0.49818193848432807
29745,0.6571736145133189
11412,0.5501681525912178
243,0.2862009076510566
20670,0.4806756033880387
12183,0.6138073690473089
19896,0.33894286378651645
23065,0.6791820194542426
21408,0.3157915873004548
18787,0.529552003559621
19979,0.41585429305617794
24676,0.5261689659060986
23785,0.4799935328223624
3183,0.20675709655705732
12208,0.4606850634173156
3987,0.511908600136055
33354,0.320638766724993
11395,0.43835531416139994
15438,0.46509810491911485
31339,0.23137196193434756
32435,0.49578722434924327
18563,0.5588166788367722
32945,0.5944712663312133
29939,0.45537443197035443
15856,0.4459730873001927
6029,0.40795958200569354
23076,0.5978021493986757
27058,0.6659610978821787
26640,0.38073834217293734
24155,0.7126988299119517
7034,0.5630317229710379
57,0.544721664937973
29973,0.4060166128887149
15300,0.6521712950645927
2373,0.2906284998445277
33012,0.4145953177725956
32921,0.5369412159073208
644,0.32445028554497923
21686,0.5165481597635667
12289,0.2558388294437019
5777,0.7999699602588202
27844,0.4147476223315442
4382,0.6982140689713573
5840,0.2851015749835598
15,0.32848603500847
15943,0.5152393142524145
10585,0.376556740664901
8420,0.5962763633012863
797,0.41757162179567586
22720,0.5350943190001907
20656,0.3744509348001743
16244,0.6082999452220682
20843,0.499130593111694
23303,0.5973105320797331
1452,0.36124293608743263
31070,0.5073851236809332
29641,0.41353498301204766
25377,0.42392478295142705
31078,0.6819294223562025
5157,0.7245603525947487
27321,0.2772344487510996
32338,0.5074649417847592
29566,0.26680893914097936
24599,0.40312346199151755
32232,0.3124709471774635
16578,0.32964421851964854
22121,0.46054829169462236
27353,0.4285982288684293
29013,0.7066511576537335
4636,0.2687476124854775
13843,0.349338765710609
12347,0.3305865661972923
32036,0.5439207152652727
25768,0.3323315957762878
13400,0.473012393960419
26530,0.3555255333313646
16498,0.3808501144807048
25416,0.5360949322786968
33019,0.5889577694483323
29045,0.5562193021726943
25526,0.5600313339474101
6964,0.4447246786044548
17737,0.7879994814159145
32354,0.438688636440343
5176,0.699371207093696
17471,0.6490607012162742
3928,0.5072877945052042
23861,0.4413126623610239
10641,0.2574920399710751
27934,0.4422660634606404
17316,0.38615093414892093
10777,0.2212149722101377
28494,0.49416916458959903
31226,0.42949542132927715
25681,0.3885413609543023
32892,0.33200703709158863
1129,0.3408390198662512
24988,0.817195162689444
24621,0.47207250147458124
17997,0.37734501442648627
12338,0.5041408291177305
30552,0.6095138922167287
31543,0.3435489309519994
12872,0.3940060839243254
14263,0.5410939634963408
10917,0.3188313484128231
6824,0.5957518624258804
22527,0.918995419587022
3098,0.7377161970887421
13188,0.4214655794331259
578,0.40262222631259426
12021,0.46734505112797853
16260,0.6153897831126264
27761,0.5825639307960472
25126,0.3985763747375836
29424,0.4432968070720766
13929,0.2956373064674394
17851,0.3698786760447137
23329,0.6388485827893253
6492,0.3625470259453343
23421,0.5240018273530943
14629,0.4269728452274158
5553,0.5502896894930405
30262,0.5312439214844143
22803,0.3177338546292326
6381,0.3766632031130518
30879,0.5145656972623682
2396,0.3343046399281466
1873,0.49684629405535735
23991,0.5829567132226339
28646,0.4941423891955647
10703,0.4534411968368011
673,0.5338899499986258
19883,0.49117627643601725
7144,0.7314786791754333
12606,0.39023821797915176
9014,0.41462832948837214
4288,0.31122816446964197
13286,0.4681904407365239
30053,0.36805533687445546
1070,0.4151488002311564
21808,0.6739578454105619
282,0.43519595948859374
13357,0.2737994014011194
2099,0.6464039232320292
30382,0.4673603567351588
6204,0.4589933080672354
13075,0.2919907112402003
25758,0.47180706059075933
2487,0.3398521587042511
5077,0.4861648734967861
14501,0.568289245980413
28640,0.42992844688866677
33204,0.3631157583819057
13761,0.42673663849705207
16011,0.3370224517774968
31193,0.4591598882033407
8319,0.46541007964837044
24333,0.6612925123390435
17850,0.2640199440863458
31089,0.5610802114181993
9527,0.5937655071162085
973,0.3432101420272904
14368,0.5205903709582963
2275,0.48266655761967325
21604,0.7327993178687171
10273,0.4690880897222992
26226,0.4302940790240077
32561,0.5202369300261704
11558,0.5790111974291541
20611,0.3936705101531841
26636,0.303440863554945
15929,0.3643463333311801
33025,0.7391059919960243
23393,0.40627897660639256
23698,0.4070576435536936
20838,0.3328225460175844
15681,0.34522459560955027
23209,0.6519636028545862
27892,0.3849464108650151
32929,0.21340939176983992
19577,0.27252373528278306
19213,0.5503221529603352
20688,0.6686537617282291
10223,0.5688295743358125
1915,0.31215561040203493
3593,0.5451418844507675
17842,0.2636339291790066
13174,0.37862755049199986
12724,0.3738067431942161
31517,0.4350475768938688
13837,0.3857640878651006
14611,0.3308433347466988
16952,0.5851511230226303
10403,0.476256319888056
26432,0.48587588685115685
17658,0.39506744228115526
18904,0.6019186882368023
29758,0.3508153372126798
15742,0.5369167698924383
12058,0.4243749424416533
25193,0.5673761664874375
9382,0.4145588012543977
10214,0.3905112658667332
25093,0.3424322408515767
28202,0.2650255364168663
3304,0.25491094519257823
16492,0.5056505190606626
16652,0.5137187379002988
9438,0.3657536423749472
28072,0.6449493014042308
21785,0.6194362526152729
32147,0.40234754329019046
5820,0.5097688482204772
874,0.40215366646442335
17114,0.6132440526369004
20660,0.2957984796941404
29829,0.6324192354639442
23261,0.4565928710941097
22933,0.39487955682930165
19776,0.43652198532837116
26183,0.6613353277699429
19316,0.32862880569821384
15296,0.43665408241770587
14572,0.7643880398522382
21420,0.2545917786933976
1661,0.7775308055721327
9430,0.34031571353093065
22231,0.45388871550028653
12240,0.41462213413789545
22809,0.6514549058183972
1995,0.5279510843257601
14676,0.37152921890174817
21205,0.4838987295415718
8626,0.3846390297978934
7958,0.4162598134063675
9002,0.4383381799874563
16297,0.5373485973945265
10942,0.8565584922345997
21108,0.3839755141549351
27066,0.5376115440427025
19358,0.5904224197052421
18547,0.6310493103974313
23401,0.28061596706278
20625,0.4520045698081806
6330,0.4207908096400865
10688,0.4486235932998981
29440,0.6996600925087688
11355,0.39092056757106364
32483,0.26017863436871025
1644,0.5538408004417052
4949,0.49396559460546896
13557,0.44260542447641227
3038,0.4812147569984625
20128,0.6003808350204415
5037,0.48998162570848236
22955,0.393231094122237
31217,0.25057321634733276
24138,0.20734548332631544
17265,0.36718641198597196
18692,0.37329199849695727
985,0.5964384538811759
10699,0.4337823942897812
17904,0.3740654747950806
31379,0.4529355251621504
4256,0.37631242241381974
11403,0.3686259435307091
29165,0.39630325309158815
5426,0.5246722899511039
31481,0.773860581983954
23730,0.6707515770990964
4424,0.4903641961458686
28900,0.4671815007832481
28619,0.45386730366544237
556,0.35558682256630814
18244,0.47468681855298916
22436,0.718298711116731
29131,0.19220186572083037
30742,0.4112994860988753
29112,0.4115026224328346
2132,0.30727671401363293
31056,0.5096609480348346
27983,0.6175734770865733
2654,0.6614814398587665
25559,0.42380117486858976
2139,0.49247949399386376
29494,0.7261359918737712
14969,0.588109641947724
4704,0.5596909963454761
21194,0.41028829888725216
11789,0.3916916320481509
9142,0.47978769741496025
3833,0.39457930184800133
13081,0.7773510132312251
29079,0.6045629833610744
28670,0.5847618991285001
31554,0.45058061200559446
24991,0.7227032834775058
7874,0.3797384395863522
10191,0.6101560160483249
31249,0.483915666436613
11519,0.43914570858207713
24415,0.5451916499049785
8574,0.35446354392230345
1795,0.5326680603056968
31111,0.4064056448601958
8113,0.21530293160944355
21564,0.7853263501577923
18272,0.4624836941669165
9206,0.37819096227993193
1163,0.519576140370621
938,0.5171110594528613
14089,0.5310944345391958
13284,0.6174512614859204
24294,0.3232284050646806
575,0.3426434214215121
19123,0.42082650454072984
13856,0.34102034755047866
2528,0.534100596999441
21387,0.32753360110713675
17982,0.7102580014683129
7722,0.27705545649572527
6835,0.160793478852156
12017,0.2844845334796079
22618,0.43916263168779
9614,0.5331557957477941
4580,0.6149097102203558
30655,0.7440524456597642
17507,0.5879975006117997
20547,0.6690566215470487
17638,0.5336043046505495
30831,0.41633414281617276
2927,0.835950943039551
7038,0.32724443629261535
28981,0.4290784976761762
21235,0.36307094833581677
30096,0.32554453727603844
17396,0.45258956612928875
16273,0.7852803870017306
21195,0.2708416199305525
27674,0.3879102085581772
15162,0.47790414233147727
24011,0.479542127042394
14562,0.26983012665161527
18764,0.42425092775285006
5198,0.7075531681379976
6922,0.33103907147861883
626,0.5041763893060625
19404,0.5307129036461902
11701,0.2291385901082502
17393,0.4257208965912335
21998,0.4912340904864282
32884,0.7874971909608427
8732,0.3122752488292624
5209,0.6841348443784583
19612,0.6016098297596515
6503,0.5808713879857353
11566,0.41841721736273946
22138,0.5731178208408242
33218,0.5821935973646826
22094,0.2687788989555864
8174,0.4116834826689233
25682,0.36012996028413957
26026,0.5269680855715937
31384,0.318276223766574
7218,0.45367224443445575
16513,0.497752357244136
4946,0.6561344599405009
24366,0.7063697695359255
14470,0.25898440592282296
23473,0.819877941926345
17710,0.3829270195087443
26192,0.5530875412524887
30544,0.4002876791551119
24650,0.4402387625791077
19459,0.4774107128971717
29894,0.67811325631845
23982,0.28254948043031536
32190,0.2639269998941205
20411,0.6496251708052565
24641,0.3746414294961804
16474,0.4163838242867357
3391,0.46701008195605415
13548,0.28236640871882634
665,0.4800675665562785
10318,0.6755643559310917
26453,0.46232597210592946
6274,0.5980677710677101
30537,0.5415687583332559
26468,0.5647212201052776
2458,0.48538898798028507
23457,0.4857660215036706
25540,0.5371682691512784
27209,0.44131723620763347
12520,0.5006716887568452
470,0.38133538593988153
6882,0.5334217029532159
6419,0.4037483230508574
8583,0.5138961426540807
22692,0.418853048432351
31196,0.33578168133646
30641,0.5227841496154754
31916,0.6460237751988188
11131,0.5060478705091922
720,0.6019846704804592
435,0.5539115488041557
24290,0.3805748876312828
19790,0.28436112203149994
31924,0.6329302369864904
4660,0.35601264017556294
20586,0.6299400514128632
23606,0.5973282603209369
1429,0.4125188992612159
22086,0.3909814186583224
9273,0.3999478704731568
870,0.44050164224314703
32971,0.5117971437951128
9812,0.23905120159275017
1275,0.4982213754266185
14942,0.5194907398473948
25269,0.39108427688750497
19209,0.31099628672008883
21478,0.5904896499050503
7101,0.6077900933356476
18958,0.5575091472029245
13136,0.6653306835903847
9549,0.4667729883330324
32549,0.39918143422240915
24735,0.5928910488264029
16149,0.2828739248659096
13635,0.3824528047314943
8911,0.5100625349451718
5065,0.488725342603261
5047,0.4554251067249858
2666,0.3931169302081274
330,0.4095018991390231
13306,0.34592014151718314
29827,0.3662554021187896
31006,0.4449511303240537
7005,0.4429478596878289
28588,0.45964768416038065
17547,0.45190694712255824
33040,0.40939532430452935
5253,0.7116404691694438
8665,0.5309483221960586
2259,0.4601304151448239
24196,0.345833961428487
26915,0.41474794709756024
8440,0.23960281879133816
1874,0.7378221357986017
8218,0.47878490454074385
5455,0.4000490071939425
33209,0.7005949372915621
28136,0.4208618064081926
8116,0.679714405993384
15711,0.37164714620399375
15086,0.45546868578805727
28515,0.25637904307822
23226,0.6157706797193395
19221,0.7587634087090463
7320,0.5190113418227821
17045,0.33085645675541814
11679,0.578286926242245
21528,0.6940556898338444
3894,0.5082064237023655
18479,0.703171420335076
10662,0.42644025030774324
28303,0.3845899204304168
11437,0.37944705282267965
24418,0.4886142195075557
19672,0.1787665701664062
30875,0.41632905431729095
20572,0.3547670547026224
14772,0.4743991915180346
11632,0.5265430593558632
1796,0.3298953025932791
29389,0.24651530770716182
13592,0.3890224653726313
16304,0.6595535459601474
32419,0.25949693602869356
11949,0.46320129259557785
28282,0.4019040856356164
18193,0.2727078468769729
7618,0.36110843255036384
12303,0.6205966358436776
25397,0.3774748447979872
24053,0.6202651961372511
18960,0.4033569283310394
19503,0.5037065577943816
18505,0.2732274321948547
21493,0.34262606582412203
18728,0.34987965005741023
30561,0.61422250198794
29799,0.5930687457504421
21343,0.23145758341726158
25658,0.37589724751104664
14972,0.3680078416883959
17542,0.367766283288591
33364,0.36744708350920563
27552,0.5901426181846214
11042,0.6595107999166204
24148,0.5296603978355632
6769,0.5208238784148547
1852,0.3992796750257159
29069,0.24722730037238275
5074,0.45690885970612394
1941,0.7019152222422178
15006,0.32640582298599874
32764,0.4803571203583132
26965,0.34219204648729645
5222,0.4202401863418442
6982,0.22545888644781537
29700,0.7676445555210465
31317,0.43885991804194224
18735,0.4181836010519506
13335,0.23293263778356868
956,0.3929437973555859
28837,0.538995532843501
22424,0.4961077384543027
16088,0.7056632498399508
27053,0.42808302729554754
1562,0.7179930990607881
13826,0.2898871323992272
31823,0.8154187417661464
19645,0.690181450973127
4377,0.7558432277317834
22608,0.23554701513671886
29672,0.5878243845856848
8699,0.3029862488531237
20358,0.4516574319285779
29712,0.5021939524879201
4113,0.7053075736770625
28073,0.45122705593891643
22925,0.48857636359577555
31045,0.37337986063877077
7663,0.43304250962555124
9865,0.2548996572041462
15434,0.27177542256670617
17845,0.3585274339191799
19602,0.5384497522393041
24151,0.6746813458965557
7849,0.43294836413249
23639,0.6354392300178411
18141,0.35797495643923194
2271,0.7710919290518323
16024,0.30572026533931984
10796,0.37963602231795296
21459,0.5079239631748605
25605,0.5951688433913455
6280,0.2359017610214118
25047,0.3076156816431834
32070,0.5252776880916953
16054,0.5930552201889391
3460,0.29777040352423617
1967,0.2572581108130024
12100,0.3873653576856236
10499,0.7547991298579202
32902,0.6197924319876005
4785,0.6327369111353638
17648,0.2603987434391364
17082,0.5086716590556408
5049,0.38041190846106493
21136,0.28068257718212847
6347,0.572448200175847
32949,0.4174201743240768
23453,0.25949684494186936
32122,0.15736638175150267
20108,0.4456037965188186
16496,0.8178621684387148
31541,0.37637274572328155
23070,0.5132833084031991
7308,0.4268324684595164
9226,0.641700722150354
18179,0.7460087312950723
29354,0.6362313660090246
5076,0.39593454333934974
21668,0.46237725259635387
2743,0.35193768018968596
22022,0.35262074591962095
31994,0.44467511067893684
28683,0.5161744122207732
1840,0.17176279842410858
1205,0.6324392182631166
22354,0.40593082195069946
1526,0.4187572682005244
28545,0.5354671771993994
26389,0.45393515760677133
2609,0.5021014594743357
165,0.39487711777307155
25729,0.5258716584204706
31785,0.6272032333001215
3375,0.45769976122140704
32868,0.331608105571821
7680,0.5293914461114676
14066,0.39089788597388153
25685,0.6206328378928376
5026,0.41622544839394604
32664,0.31320796502394266
23688,0.3134062779096944
3019,0.6208630911461638
28802,0.36972274075783657
3698,0.3303739583008352
7748,0.4828781934775508
20422,0.38046389807769276
22553,0.7595726894558597
261,0.3264149725093066
12881,0.5079173025355577
18552,0.6405794446131174
31878,0.420995811538267
27749,0.4141845522869344
31375,0.34302820567676
17709,0.478022723395567
13282,0.2979544192861575
30891,0.43263656261417427
10062,0.5793924690372511
11267,0.4101550824315102
11708,0.39134422864418184
24413,0.6718171447664621
18666,0.4675125492952309
21326,0.6936014765994151
25686,0.3424748864805418
14236,0.38273963118477733
32350,0.3274812441655443
12416,0.5000089460835304
27626,0.3134310554640904
3053,0.551841924658089
25323,0.34915502313431257
10874,0.4070222631742643
28959,0.43260443878610483
939,0.40121933212484046
10002,0.6418642333855117
21824,0.4365442845299728
24264,0.6401504013329055
23710,0.48542534361887907
17228,0.3688164883693507
20766,0.6681121493297701
7785,0.6780061661718207
17969,0.7664728741739142
20515,0.22344708831085858
9343,0.470656105051704
20809,0.4203093546629893
14355,0.4904467092856289
14001,0.29751416835169514
13969,0.4977458696392784
29915,0.37765870108675587
17788,0.4478232692478753
24375,0.2968790887060117
6714,0.2723001355815515
6215,0.53021416048897
885,0.19085619700630707
28092,0.5047701511571573
9269,0.4044323256983939
10902,0.4110421491735632
23675,0.463349035007498
17876,0.2629763718374422
13657,0.3109736436180647
17832,0.22954077560604705
28395,0.39732421331865475
18406,0.8273520965389246
16476,0.8150018919095063
27237,0.28089142677236567
16722,0.3794764983845064
9317,0.5065549397678397
3268,0.32632752007486426
16629,0.34287971488067964
18155,0.421508613029348
21346,0.6541203813698994
20790,0.4420690127420687
5311,0.7592538565688597
15254,0.5053677882006474
2419,0.32713019493256934
2687,0.4652205652975566
866,0.5547930818030967
28341,0.3876972440672102
12504,0.6491258482311125
9805,0.40689507744947845
12758,0.5358878934347967
27675,0.32445832209381475
19911,0.4344500813088874
23733,0.765641339071399
23786,0.30532505774505503
23907,0.42766989444775044
669,0.34497166519622985
29282,0.3356072469852694
24449,0.7061527624915361
16678,0.3375969341201406
4500,0.5766415998618054
21852,0.41641410881397467
31903,0.5446372640358925
8429,0.40633911579694915
1018,0.7054840629502652
21350,0.41250011536665687
12197,0.45885386538911627
11494,0.41542683294614996
18800,0.2916352777194234
21670,0.16886903183250435
28877,0.3876905612523138
16521,0.28935945529798884
19372,0.47601778144518103
32513,0.4416291009444155
24218,0.3914928090019971
28356,0.36252969864394297
32268,0.42166368376066954
714,0.5490837401714471
1419,0.6157890579571831
3069,0.4433579448568382
11325,0.5847051477169845
3117,0.45638771539627276
1699,0.5188568913201339
4447,0.6069478700919307
29500,0.46624448015229414
30871,0.40749496343247177
30905,0.47493372584521454
15467,0.31546524172530643
4129,0.5468591081905955
26802,0.3219790836981358
20281,0.5339032820127859
5229,0.557686585740034
20965,0.5776335193633315
27393,0.38912212915450534
32775,0.3367127283717552
17999,0.2917980587666447
20405,0.82148863951189
8305,0.36090835446835245
23007,0.5984006229836586
10151,0.4657232511498292
8808,0.5655959969117592
30270,0.4991220125810209
23838,0.4085056060958864
5565,0.6052155573480195
27399,0.31375277182240846
9502,0.40526608068988135
24315,0.5476269199048237
27989,0.40761322644998194
1366,0.5827437429142014
29942,0.22182565563388829
11433,0.4283274008012256
9745,0.7235521880737144
30369,0.39069076910276984
26724,0.3283381345149799
7885,0.5494179912101221
5169,0.7080481939676035
4024,0.36592370402496277
5108,0.795805848856011
17555,0.7259728587570841
24118,0.8091813685368228
5655,0.3362093113175498
30204,0.7053483910296668
33002,0.4224617158947676
625,0.5076643430697043
7861,0.4736140761083444
865,0.19009989802171698
19710,0.3385423358293252
8256,0.5461656504069771
30265,0.5338843741199554
11501,0.7157423083448822
2156,0.5821269123716003
5850,0.23166819182652357
104,0.4299482711720892
16580,0.4776510928742985
16008,0.7685476339355216
22125,0.3090036982435293
4825,0.6949909905158743
25394,0.5347588965069616
21849,0.7337798567203994
22866,0.4923735106070223
9175,0.33064442714656533
16824,0.42262869848605156
2644,0.6036606944374984
5564,0.6716405249268579
13119,0.4697352259555227
14108,0.6947220443691274
28770,0.44528685730646894
29654,0.4556984893029155
32635,0.5063789749584199
30120,0.4741279853155898
30367,0.5818037892067401
4270,0.5176461751284651
18640,0.7628011810128701
20233,0.49928315583950733
8781,0.511733643842239
6657,0.3274198175252056
33098,0.2413374585819444
12542,0.37775084236699036
14920,0.6550734328937656
32845,0.41986496862676287
13642,0.30608144172822943
32480,0.4484809453337794
1232,0.36644886944425825
22323,0.3015760804868667
12656,0.5471369953589745
28548,0.4297711136849554
8666,0.4604882419983756
19234,0.41606484435680835
31882,0.3283341381839882
22133,0.46461055955362085
29588,0.48255828874741563
27950,0.7303133480788533
21422,0.4864254733227206
8835,0.49423059609139647
28178,0.36841739393240874
32151,0.5338506556392788
5073,0.4732330761559754
24926,0.4425628855411872
2512,0.4540473166195302
10241,0.47176065804927864
3868,0.4600873908827316
2604,0.27533061355136834
27105,0.4544579227455447
8238,0.8852739297287421
27479,0.4182392851346606
10400,0.48455429862539223
3806,0.5445317375650452
18696,0.43045055512353625
12924,0.12833586769940442
749,0.36924006873989784
9897,0.26777337809764085
9677,0.5542626209696346
28593,0.5759905830361902
14037,0.37977615993042163
4357,0.28549018239424906
8799,0.7107605862691498
4401,0.5039998066025522
2388,0.7367773584538606
1255,0.40701592103421996
8226,0.4558068585247808
25699,0.5095385686838395
21590,0.7849503690000729
18993,0.6789714874757132
820,0.3389449857432785
4388,0.5516666020696911
19182,0.48893884972713675
9820,0.4856954590585263
25008,0.33205932279611605
32616,0.5056118681916321
14429,0.19136382489751172
10408,0.5612653241614173
2445,0.333126981182706
30140,0.7170041955014189
33248,0.5326365451481552
13666,0.58827064749425
22938,0.4308004349335205
68,0.3827911633936577
32732,0.4423419892701492
30718,0.207878768968256
4315,0.4015211407416084
29571,0.5865592072765795
17698,0.49201242668847023
7105,0.23497191190336494
17817,0.4251673560079764
30487,0.6194687950021347
31661,0.6173905002188925
21805,0.4052515050717526
29262,0.3004299092295447
22460,0.3820819382008933
15788,0.3999901153057752
7295,0.4905520752609194
16424,0.5087770945977461
3723,0.28404354063985326
32278,0.49861003755943434
30207,0.6167844189510437
19184,0.39992768009330465
23756,0.2873412388804593
546,0.4633222901864899
7343,0.4402189238009888
25657,0.4564663859114841
28712,0.40570593216212425
15918,0.660784174932448
21100,0.5410437744710773
26407,0.20497023091074992
16943,0.29712781478420963
12961,0.5751044796678759
30658,0.3005983865379555
10722,0.322316733888039
23479,0.7856403050734334
2642,0.5279605577106891
7351,0.3899189130762101
29578,0.46012357361020834
565,0.4630551313652395
1706,0.4966250762640261
28225,0.42884311106526896
3750,0.5313987762689555
1811,0.4921820199839119
5066,0.21909249401823078
24927,0.6316615030263488
2113,0.3213070174591551
27501,0.2332851830030765
3245,0.34763885216073764
7107,0.3794381098421756
13639,0.35466078729441836
11878,0.4013770018171995
16169,0.6428526870276978
20402,0.6953686069828857
298,0.3453474255087636
29040,0.5046004484531054
26314,0.6743999604251862
11128,0.4837771683271201
17162,0.7723597254047372
6050,0.24650468203007347
32102,0.5246867057950871
2813,0.49975453799546665
26276,0.563518551494542
247,0.38920092380210564
456,0.47737120939773264
5152,0.30505951203781984
24068,0.7398537718827455
27745,0.5891847545662883
8324,0.4102211187749196
18205,0.3867245677316162
14777,0.31375981318447355
11943,0.6841484651548928
25680,0.36448961963314086
28059,0.37902393534962986
1658,0.3965523949277788
3266,0.45440660732475235
14718,0.627821176416646
17164,0.4383537532906699
26527,0.35789836569482353
28693,0.5332926634601065
15930,0.32082260037686305
31209,0.5371907333108943
30583,0.6172506507846466
15005,0.5935274173549024
5400,0.3815456559821932
28819,0.5600344341001713
23347,0.2959328815199573
15463,0.8281962475013657
5305,0.6489452712019681
18152,0.3909111100352069
17453,0.2617495138590144
19900,0.3982176462046545
537,0.49921560456524283
30359,0.3983396870826382
13995,0.4514674226249252
11006,0.4812431928372107
32905,0.6730407579859709
4115,0.6261996217979268
9205,0.7106572083407647
6112,0.5119338807090236
8032,0.4858587387615901
23564,0.5915940425827466
12390,0.6307316614351532
12858,0.5650945342637568
16760,0.5694398400984944
14369,0.6253341214835546
11710,0.6759284183536014
10479,0.4129792777964521
3786,0.4222042654699791
31760,0.48772153766438103
14346,0.4062635549047581
13082,0.47751755693975934
6238,0.4039356768041364
23243,0.3775000550800411
22529,0.37244580979360736
12634,0.6617181981212772
29078,0.4840200042313957
3175,0.1995827580862142
8859,0.4817172316804141
20270,0.4676786860031522
8343,0.2189026801131997
14215,0.25115461906261405
21897,0.344675211643389
29613,0.46768166616407747
19456,0.8399755385255604
12913,0.45880255902046296
9239,0.5012489209694428
3181,0.41788526361135475
22879,0.4511389153325175
28867,0.5321466753073357
9330,0.42123767456976996
2626,0.3793467340377663
14230,0.6635685314735785
25016,0.3930023013175184
9796,0.42250176039706044
27642,0.5660472332191462
15979,0.513937239713856
22028,0.586988050577472
18203,0.3276702909488139
30766,0.4911689096076705
9580,0.5391434736229965
2174,0.3253588355499917
357,0.292477500796791
22646,0.42065847427858283
2788,0.5118239741745743
9680,0.3867511978701405
23214,0.41972935545111173
22263,0.4142864364284129
6061,0.7462248883595373
15539,0.37927964571825074
14563,0.7665809066308846
26196,0.5319954140181623
9914,0.45127614066344063
13371,0.261015732012811
13443,0.46377445839303627
32519,0.4387672368146895
1744,0.5119706129387204
5819,0.2571136831660344
25811,0.42399147780050495
1072,0.4018833739723646
17899,0.5677909316562558
9816,0.39404867110207437
18531,0.6470860854955575
6944,0.21880743088883123
15802,0.2790458797074528
15510,0.33563326751808786
23266,0.6326970222055581
33192,0.456769815239095
1866,0.6553910739742084
13835,0.8082108648091604
13064,0.6847214153373868
11588,0.40690024977369893
10740,0.43670953060677964
12423,0.25697660809045414
30582,0.4403664456726922
20250,0.5308175487291578
24124,0.3586950618891184
20980,0.4593302240484635
2668,0.4733745314143646
25925,0.30783781070169536
1347,0.43821279925625584
22415,0.7327079693197183
21464,0.5488587727127108
21688,0.4819699961465605
14388,0.3587992663905746
6755,0.7719352917772065
25151,0.4990844726511771
23746,0.3488820487104148
30789,0.3333905393152555
24077,0.36796662580005907
11029,0.4380039728927953
22724,0.3101696298323078
18440,0.4081253107455422
197,0.4574362374017205
3892,0.5148922087066248
20778,0.3993015643720676
12157,0.31539497617660545
23565,0.6149203492736143
31158,0.4515649694708488
11918,0.6343611546625013
28652,0.47349542797768085
3474,0.3978950631054033
14739,0.592100687713958
33145,0.3545720533734151
20899,0.4951873806874634
5286,0.31248528546759297
9490,0.4037058405594211
26036,0.6198555049218716
24746,0.3654765951696382
14477,0.6251703788243932
8822,0.4680738635441767
19011,0.41270510956283846
16745,0.49498772298023114
4003,0.3073633682629108
24201,0.6994367200364443
22695,0.5460415490355143
2816,0.46388544443812524
31433,0.5951915856210841
11882,0.49795477547284117
17607,0.5262867062220459
1155,0.3077513942089571
3484,0.5403135991323881
9441,0.22850770261178696
7999,0.15775691263182856
29423,0.20540273893542546
8000,0.32338101529546487
21154,0.4662327859620513
14810,0.39399268686895655
21223,0.5235377500997316
9196,0.34784787809281303
21282,0.6088017277632676
31191,0.29761657951303994
17353,0.4298448496095376
24081,0.5865619776427551
2917,0.4038826604987057
6914,0.8588498122112365
29113,0.5038213619002321
16845,0.3065758481973157
27895,0.48073165438266663
13591,0.40228071918430397
33372,0.4292404445898838
16500,0.6324532076479251
29298,0.5338364058617165
28331,0.47275955059648694
30433,0.30765461168468805
23978,0.4893323403255685
5156,0.519431731593708
14893,0.5774176068123152
926,0.40068410238838653
18966,0.2407357096973307
22095,0.48153847262513055
31450,0.3003012164234398
15348,0.5427727427299757
31545,0.42302823852595517
17506,0.38065373385578
14586,0.7582191899647109
25567,0.5175146394861119
4996,0.5676417484497736
8326,0.46831412040720594
24483,0.223962247712865
10882,0.6843082790065166
24583,0.44842640790485777
16757,0.48612838375714285
28216,0.4877018904025697
2659,0.40454704089468974
6650,0.6034710515663199
24223,0.7123568252494105
9229,0.4603101095999074
26454,0.46118192898503413
14691,0.4165345156300465
9692,0.3886920383703395
29340,0.38203378386037146
17110,0.5575291562202676
17724,0.5020821775510687
536,0.716904458340594
10712,0.47607134323233785
5905,0.8109757855133759
1768,0.4655521978331583
10879,0.37389550199902666
2951,0.720712383134999
20484,0.33573414488564063
31574,0.3273486204332546
22785,0.3766848833160163
13998,0.35782900745834434
2368,0.30962185360254346
12259,0.1802464933355722
20267,0.46655280520300724
24061,0.5698233145558605
25359,0.7196607959923088
6338,0.3072647764279476
1891,0.5358199257961532
25623,0.6923879492499845
22395,0.7420436774250229
28913,0.3503304858930238
3280,0.5379399210375178
7418,0.48341050063843827
27689,0.385240642032835
30242,0.502567661288204
22353,0.45498588781676325
20192,0.4381956308172076
7986,0.25887231798542054
58,0.6335069510221748
20339,0.5998079641374513
9003,0.31081560659231877
153,0.4839217071517897
31050,0.478865337325601
286,0.6018779224594999
13807,0.4288246167702043
11287,0.42868334085171184
25640,0.5435115498949226
329,0.3783094009646099
22559,0.6975711277487086
14425,0.7089281522684456
18364,0.46239965831344465
11925,0.7245734869593072
13417,0.7024098396282367
25140,0.519336319281903
279,0.32531582114682234
19536,0.6382530959104131
25762,0.5786853694351481
16807,0.5891477184417292
18378,0.7708892049811118
5596,0.44949970422867785
99,0.5712911425290784
1316,0.3023472993175736
28549,0.33711421622526544
5281,0.4587278711794545
15472,0.3063514409642766
14592,0.6804723100098913
29965,0.2611115513207417
6912,0.3277499090520774
16671,0.42071696979747053
24167,0.1407666401420494
26474,0.43344441735009837
19980,0.5539685804126994
32100,0.4926492217858159
23539,0.49316635150653126
7616,0.491722488661584
27071,0.32877033527811456
1028,0.40553032606298006
28513,0.30072552790364904
27541,0.5988585475717974
5217,0.5914595029853643
19267,0.3948561960567702
20137,0.23976343369405262
10119,0.37176622099567885
19550,0.8262864152672412
29863,0.596134627921095
32311,0.5193932971207408
24551,0.5705451468422783
16852,0.4363512227818376
28496,0.5099083640255725
13395,0.5046573138733799
13314,0.7172517848796879
32346,0.4383904135604163
7349,0.48999091886995877
28596,0.29724154707701816
4553,0.6449540308160768
18657,0.4703399603559604
8737,0.39322859451992
10968,0.41539552905550226
11378,0.6269795661894929
18325,0.3185821840122774
14844,0.3258194828797379
14275,0.807437631154174
13967,0.7062253653997262
26014,0.48100692064838435
13040,0.40159342040449225
12574,0.44728235418360646
12645,0.596050296951395
9033,0.8215488707744089
22568,0.6414532069173661
25504,0.5055123977574716
21394,0.3443170498388046
24930,0.5904431054273733
2464,0.3978811064254489
16118,0.25765282510636206
26031,0.40320718883141166
762,0.319486491459072
22711,0.2301843615164781
9488,0.3670777816485791
5688,0.6237256014947079
17430,0.4439845436380556
20782,0.4447893063563335
6699,0.4048209879105404
10014,0.4835260388838738
10330,0.4175295262323108
23592,0.4578138920714225
17277,0.47085865481475053
19680,0.31219832462285585
20548,0.49131310026525205
30856,0.22095671581947984
3722,0.7065958242854383
7456,0.3511891091551673
10248,0.7439039228114227
24486,0.3868992541938828
17487,0.30189560797686465
23558,0.6113955368439373
24715,0.39776128613578304
17808,0.5657372725007964
1771,0.48018931354013694
22361,0.6593794628953915
11324,0.3953015419334424
6641,0.3254719567094484
14701,0.37387681404134643
30020,0.6081469291063274
20111,0.48402060840798145
3637,0.5906323892336328
970,0.442984229920855
21361,0.6960888786978614
15350,0.47058539419510825
19995,0.5247578912653983
25775,0.45679815192323553
14468,0.4001123908189337
18676,0.4694057087736665
3130,0.34769547958272934
25522,0.34900703917929504
27842,0.40582274892109454
11126,0.39272129301102104
32090,0.4117741913437479
15748,0.3785229934022545
26285,0.4568899524402774
31002,0.5696184633267282
18585,0.5512520462194646
28812,0.5480000296224035
2103,0.6229858972699993
2531,0.26699165893591803
21610,0.7462168458966436
31791,0.315789662352109
27801,0.597523952723499
29940,0.3533039879895464
8685,0.370878197758777
30886,0.2823292871226494
15626,0.42260290055115396
9665,0.4169691517766321
15072,0.3650097734577724
31722,0.3062922313987354
21099,0.46779988479382734
24872,0.7358216873846201
26723,0.6036806336091995
26554,0.5169246143809227
27363,0.7313446288864395
9991,0.3473085901247077
2266,0.4370794118598445
10446,0.8161726879188408
4932,0.41071401447294403
5161,0.6852992344220155
9395,0.5158030899893862
4746,0.3537043252951376
28025,0.4403300294300055
3607,0.5778674872242562
8917,0.41538650120700277
10447,0.4482159898463992
6026,0.3839600327813251
20300,0.5966248791637891
28599,0.3241622500417577
15256,0.48423538536678956
9739,0.5828477107944048
9416,0.3774102666758286
11650,0.6038968769104532
30460,0.5091093048250935
23335,0.35340786794655216
7001,0.39179389803408027
10052,0.39534605198194295
14863,0.41946639649384476
29291,0.629949994053879
7060,0.48824123197195496
17855,0.46253411141285417
18866,0.46648409570396226
3283,0.4234648001804699
2146,0.29652093250148553
31973,0.2836530219651638
9878,0.30289995910773354
23949,0.25509035067007974
3925,0.45017145872055875
15021,0.47868449240929345
7330,0.5228345065350827
23364,0.3161433087773612
2068,0.33533708243492294
29465,0.39467828840777847
17764,0.3590789272306021
8617,0.5557500567971723
1777,0.6318143252731199
25942,0.29463317782216597
12708,0.49025405358693663
17903,0.20694109513484565
5372,0.36566542556196785
13272,0.46789632642687484
23218,0.520801631562156
32227,0.5952299853001827
28000,0.3271785532151166
8567,0.6255313926940835
25688,0.34701420751000367
16985,0.5483910660468373
13182,0.6026299535885093
1558,0.5000763900474137
12927,0.5787488062593309
15493,0.6134142424162435
12668,0.582676145274718
22494,0.6029055049467932
17096,0.388993817851782
20504,0.40576870974270773
30996,0.28288869658781973
6748,0.23914411580238185
23973,0.5362957720971195
1621,0.4171642067908851
10327,0.3472793537543324
23943,0.3881727422670175
21260,0.790344420354815
1807,0.39931215169244677
18638,0.3131309320550745
11830,0.49515488636899185
2077,0.3878461076119632
9050,0.5225015421649315
6117,0.4418629505523181
28654,0.338271357237185
28526,0.462159997056124
3084,0.3215673349876051
12442,0.6207189983510838
9008,0.5766333670212513
33208,0.635997221070393
4262,0.4302806763304428
8431,0.49313946193355507
17908,0.24368709198007593
1685,0.6253826591686196
24613,0.22958354349339463
27837,0.4100151154040208
4768,0.5451504608080552
17759,0.5150999049499874
12235,0.29160387606479415
1189,0.6464126984087448
2454,0.3222126517996848
6801,0.7348379187094404
13846,0.36629599492353593
10297,0.5569220766333774
11755,0.3032324263847269
19155,0.3992323064003251
31606,0.4604590618961902
25661,0.20360479992688685
16975,0.31911915423118414
27672,0.42560596273759954
17989,0.37026438159831726
32867,0.3077311220028288
23318,0.3991452894866263
28470,0.4332499211595265
30442,0.485884153022337
22992,0.38737912315859985
12273,0.41819129702724805
12903,0.5063899791502905
26981,0.48948581936033086
14884,0.5210959686567019
4947,0.5787178034152227
32959,0.4365799821978437
7697,0.46662783686826165
7289,0.5998811968813941
15201,0.6771791374642109
12265,0.5201624257623666
19774,0.4102654819280907
26213,0.38760807540289194
24409,0.6238705071195928
9075,0.5384495838511489
15712,0.4895888225672219
687,0.31576058333010976
23919,0.3027421064407541
18140,0.4440392711663413
1668,0.5400226981261368
11844,0.56029624633479
11363,0.5974989846471598
4485,0.7429037177017159
21311,0.8104584878049695
8532,0.48943187868343707
23541,0.47776015954237433
31028,0.5637931005856486
15861,0.43738178008037765
8659,0.5622867059528447
9157,0.30691266295341085
15258,0.20977898958520091
31185,0.28427504928235264
2447,0.6148577528768936
28782,0.589307055281513
9173,0.3181066886924536
32602,0.39918481332377137
27706,0.4002868076321236
18413,0.5756228137564934
15506,0.3917236607233933
13386,0.7230666184542908
8517,0.4840858322812426
8197,0.4681327494386514
17343,0.8162312417519249
6883,0.5035529251844918
909,0.44636813736012126
20164,0.32828134001885584
11367,0.42383503115723187
27192,0.39988282957920385
31819,0.4137829851573371
32087,0.5186781530462106
16300,0.7748381725180077
29288,0.7413052238296848
22026,0.43543262975723446
25070,0.4951278955051799
6547,0.31016346325679217
29410,0.3855155963269454
15442,0.3395370035242272
33026,0.43502895207910536
17644,0.5896088558805597
13549,0.41330431683615476
1009,0.3742588301107236
32866,0.49973032151388513
27026,0.5970827867080232
18053,0.546832206087149
15599,0.6007639790372999
5601,0.6968478507092669
26500,0.36122299813926195
29455,0.48714529044739613
779,0.3550278683452912
12736,0.3012175741181337
8354,0.6480180884858386
23774,0.5510425359378923
7296,0.46345728006150927
21479,0.3700116165288738
9978,0.49968329819775803
21890,0.7302082335507284
27438,0.2587854922724306
27475,0.47125715792815237
2427,0.5097628044365219
20523,0.4556491277414343
15107,0.239787574658038
16454,0.2617753477830359
28347,0.4827444488244154
29335,0.6163690495493465
17426,0.5271644995227708
3768,0.4019540096427056
11578,0.7540016655564785
32850,0.4067827722538434
5636,0.6055632978465982
9425,0.5152101770923752
85,0.5950517628363818
31218,0.5089667879714779
22726,0.3772631971779406
32727,0.7656351388299836
5371,0.6763979488041515
12054,0.430279771279875
6311,0.3648462429382621
18791,0.6224594493363594
9445,0.448955044998856
32094,0.4162528338535971
12855,0.428536311468479
878,0.25653126064825543
16238,0.6476920753726666
3309,0.539871987250696
14679,0.3081372698934303
212,0.4202590759092572
9310,0.41178244390150426
24968,0.3016662498028588
22077,0.3723270568045406
2050,0.41665966239583235
23359,0.29841945406516585
13745,0.5662324950042705
27657,0.4573379143976635
3732,0.6133457109628027
8904,0.4873596740428772
475,0.3396821559554115
24166,0.3326270105955495
29122,0.401474701103967
29240,0.48003816110621655
27416,0.3869317367912781
21513,0.4918236827080213
22038,0.31677227500553545
26509,0.34065672009917497
9257,0.3187029917163247
5550,0.2615169874084421
160,0.4219067348851106
32588,0.6173827307133559
1336,0.32294818896530936
27282,0.4094872992926163
1860,0.702689132715772
8016,0.42957378062457124
3237,0.4273110777644273
21815,0.696112386946531
9073,0.20723743513022608
9899,0.48371231886944904
29738,0.3789338005958194
31269,0.5552540888433528
31285,0.498675581179936
9810,0.5294612063858898
7453,0.5472697651611275
28321,0.5799101290448974
1674,0.41508312600090425
8024,0.4157362945029566
8791,0.4470612049340609
14900,0.349885074272768
17921,0.41873126934139043
13147,0.42576299858624644
9136,0.3387917761074779
20042,0.3750311750128044
2383,0.437003725142674
16162,0.4859972114736691
14498,0.7100268162844032
24354,0.6239193848265039
7765,0.6251349312888246
13733,0.460169132262617
4431,0.49584880692260525
27403,0.4937429933351219
16774,0.4806227115663815
4981,0.4897680130648002
17860,0.30973749226183245
16840,0.2877828846104919
26109,0.2577480805771614
15729,0.3705717011729823
6703,0.2725041846506154
15216,0.3651884979652039
13688,0.6727536973093843
18263,0.40101903708596914
3675,0.3698123185952719
30350,0.5176106961077204
13201,0.4012797454833537
28564,0.2700407477934439
6617,0.7773589526447067
21526,0.7033868037909287
6568,0.3182475533542611
1284,0.40245946590153575
5143,0.5398367781964021
10137,0.47128989763494783
9834,0.7057944504271387
22561,0.4003355900349068
8884,0.468234116897443
20891,0.309554642156372
32668,0.5273108747788346
12941,0.6453776345598574
871,0.35837784751903745
23106,0.5001306250829185
4365,0.561810914843892
30352,0.5071110313698572
25468,0.42296986106896794
15807,0.35581178257296275
28972,0.7012438246475001
19908,0.34061115024642774
32977,0.5320720394155533
26463,0.28154245035508524
2444,0.48419731972761976
21466,0.6695476230002725
10373,0.6640490565437853
645,0.4530920827672983
27298,0.546628742348821
14847,0.7636569129969345
8193,0.29199090118867965
28594,0.2894604320701922
925,0.4814025100195523
7204,0.3205950309392595
31633,0.3964616224929684
1963,0.39387849139177755
28943,0.45697312152519926
7769,0.5371647383836209
2105,0.6280522839836019
23437,0.7431946119042423
15843,0.35644141427337206
7298,0.5367174091448697
941,0.4244529048018073
27574,0.5836097715359928
10562,0.28337122276021415
619,0.40449419644293866
7181,0.7021294381923467
14731,0.36668040411297864
23337,0.3094986895972611
4814,0.5170553900557096
9137,0.4635839407264526
11416,0.5249109344116438
14615,0.5016715100928906
2725,0.41988304893310835
17422,0.6088351642705548
4511,0.4448892068037961
20297,0.4630718469951293
31673,0.43261630258234396
4199,0.2428557641557402
29704,0.6144061885389254
16717,0.5470255442939045
5561,0.48475033332271844
23138,0.4111642695456818
12039,0.36018871237914835
24563,0.7432250126632005
10387,0.39613211668569726
27679,0.4102483126899815
16261,0.6242610150645652
18293,0.5404916591030878
13246,0.2617607047251156
7570,0.5785485608659836
19547,0.17833906127007676
30194,0.36655401984730124
1748,0.38547635364827904
24500,0.5388574629170886
15218,0.6576257059051033
19976,0.31885952900238235
21206,0.3258592865885593
12142,0.7768147571830174
892,0.43779843211353253
7703,0.32895535136835435
27658,0.4602051022483451
5289,0.34974169765128915
32796,0.31725006146928314
32444,0.46048468118608094
31092,0.7143278610434053
19887,0.24644144785558003
27044,0.4448872258828446
15388,0.42862562419758204
14784,0.23182746762177486
798,0.4741630953013958
32242,0.7472984117295556
10122,0.6541000778063136
2080,0.4596834908318241
25845,0.5747530684088159
894,0.42754862115770326
21958,0.4142696336576425
10941,0.4724850088450012
12936,0.49304226300754794
20302,0.5759759802874145
25218,0.32001480089106593
13918,0.40784768370875407
15874,0.47393322246664105
30238,0.4815857067352296
10428,0.37486850901927243
27502,0.5024207578532619
27296,0.6280150898993628
25871,0.39511406116988534
11016,0.4610423206349884
25633,0.463940787442884
11619,0.7962385830025476
8147,0.6572966102086946
9139,0.4148197437194922
10647,0.3179030981861033
2696,0.3644356831537821
7584,0.5037132795658275
14420,0.4596644845473515
11315,0.662009303577609
16530,0.45623683229683915
20425,0.40102487723182406
7410,0.43437071494161944
1195,0.4238228893917912
16380,0.767917039301383
11867,0.6926256717278017
18916,0.4060445581807083
26263,0.3661666514684045
22027,0.23074616190807878
13839,0.6625444963387641
1908,0.6185967822460579
15951,0.4094452758765641
8080,0.7277870243333243
20541,0.7051079462933906
12283,0.41052171602690063
1910,0.5072493147011508
12242,0.4261529108254758
467,0.4017021362487929
31267,0.4544767428594205
90,0.44719207203562167
32263,0.504484637446581
4902,0.3453482782602698
33286,0.7656963951285005
5328,0.4230368365955361
8396,0.4599344528160319
23242,0.4320171789972552
1404,0.31711330990521724
28648,0.3118297943866934
19836,0.3220237625147732
7117,0.47957981862801996
26518,0.41511417766631953
12025,0.2919991408018922
21724,0.3360315628157216
32587,0.34136841772891885
13874,0.4363788509046881
22221,0.5207327206220813
25774,0.43611282748455277
31766,0.6646895361142235
30927,0.5013934438250334
13842,0.32892423546841987
5830,0.47493634584894284
28656,0.5553310419982248
3980,0.31334038146803245
11007,0.6537628733344444
26062,0.4973796012487358
13861,0.2694966562023025
6892,0.4613847690396827
16258,0.388425741846062
21349,0.5715358871307146
11228,0.5807426166519185
32380,0.3768094378496085
33359,0.1731076873268094
14643,0.2334335952979124
13131,0.4929287991183923
18843,0.4575646739846551
12091,0.2238147953524072
11261,0.34171876132538703
9489,0.36451431033588483
21637,0.4224008883348627
18476,0.6956489387499529
26694,0.733902218529386
2207,0.5170362050065278
15403,0.3889332704645554
19868,0.4897755108202975
19082,0.5157651430270708
3991,0.6061898197784477
32485,0.41228826704443305
26373,0.43826151819951525
5833,0.3680729849709169
14348,0.4974718614557428
18171,0.5589838380655083
16179,0.4852573290578793
2422,0.43017300339508285
24334,0.43936373091340275
19296,0.5341338875064209
6972,0.5657937555666849
18988,0.2772824306445819
26710,0.44167779233804405
7786,0.6086823559934904
9011,0.509847576395691
28528,0.4779605756550498
1631,0.4927457736958427
6095,0.3142158614972065
3148,0.45431105726120463
27176,0.45518580234350187
2161,0.41617753921891715
23174,0.7198283965735847
2576,0.42422057991101253
7976,0.3308463813460286
21681,0.36689421893059593
12599,0.46324353950556213
14618,0.39485239568136676
15648,0.5275091676813758
22329,0.481479726894547
14015,0.4741570440519349
358,0.4960444734807425
9863,0.5910956798759094
30785,0.39963456373833767
14944,0.3899910481528609
5440,0.44211688510684694
3884,0.39634177337200843
32556,0.24692618293205082
2579,0.35047021653320565
2199,0.38187473815952727
1474,0.4573107594195418
21107,0.521195550878044
27299,0.7114195573581884
29355,0.4822932492595275
379,0.3592974375181541
13674,0.4718686696279962
1108,0.2566721223767543
1182,0.46591066591294233
29297,0.685605395450103
6822,0.5247631481718144
17821,0.477781712132193
32655,0.8007674818868867
8993,0.4891058832888721
29394,0.44780984178071
28826,0.6485633352245239
9088,0.7609770448797127
21672,0.3742794043123906
24869,0.7225056483968157
23449,0.3494275187402696
12109,0.5453089681511896
13249,0.5600901526894204
29869,0.3713130385474297
29979,0.4248342424661904
24543,0.6685909172084814
26779,0.5731980937562716
31921,0.2728193646561791
9976,0.42961497680558924
32731,0.569906508062056
24275,0.37631594158918247
15251,0.5414894143320872
10971,0.5506222530699701
1628,0.41341247058717084
15581,0.4558584205028027
10861,0.5291171149947806
29345,0.4464466398331942
18286,0.3307296040279754
27797,0.5083042559944192
20846,0.5064095149006403
21881,0.5033849675642913
15984,0.375383062295094
33363,0.6646687158356103
13462,0.7513735737337288
22846,0.4384450701549744
16302,0.39344377104470085
20700,0.2754045561393222
16631,0.3769064605753644
26260,0.5969892753025144
33063,0.39941646133835895
16905,0.33759569672229306
20318,0.37598775719718747
2729,0.36368010030079734
8890,0.4918787030549016
7215,0.5238413327560848
28692,0.5969248349316124
18162,0.24715819293981658
9031,0.6514003151108786
26550,0.3844649267253438
29546,0.6119236948282221
23402,0.7000799012403626
4088,0.3327143078916776
14771,0.34061460170286584
20403,0.666129190742869
26553,0.35555438796879707
24647,0.33649693486320814
4293,0.44908441761030216
29059,0.5681446572289947
5330,0.8191713210333339
20262,0.5241544535059683
23665,0.3056967778633179
26088,0.6972915744642348
17760,0.6803040301693137
20690,0.4528991759986537
32364,0.5399327031539367
4610,0.4691388918714992
11994,0.42339532151306264
18721,0.4336589286070348
31723,0.35526081055503334
12751,0.3750668539147563
25117,0.44804129821709754
23216,0.44729416765154656
22502,0.520268619611884
24276,0.7409866554620024
32486,0.480577350077641
1870,0.5330926777883098
16764,0.4522669360394102
33121,0.7235411259608848
21203,0.42289608456615835
22893,0.6081848089342942
8872,0.4491783961416285
26224,0.5681698133792503
10252,0.22207313222496589
28326,0.35393864419783905
27021,0.6807015878750987
8102,0.5180463512329287
23038,0.632336184456304
957,0.6603431878636278
7747,0.13106963517418044
10474,0.811929685133941
1449,0.4594194331178108
5254,0.4472464889283601
13946,0.4600105927464621
31307,0.45472004910443614
26600,0.3160339551757811
752,0.46617518780348444
11195,0.21991208884862118
6996,0.3957566688327897
9450,0.4446766050776559
27648,0.512386639908073
21016,0.41156205077497887
355,0.3951694089575651
16198,0.3340816064724218
29553,0.49194366438857134
30347,0.2523562243343497
23794,0.45066541023285994
10109,0.3404030099408329
13014,0.31440916520177375
12947,0.6543755445765826
22279,0.49295072687948566
9694,0.4183304689719003
2397,0.4492835957987572
23561,0.5369458835903367
13162,0.41820440974259315
15376,0.5547880351373052
30336,0.4275688713379343
11221,0.5592891063878616
2649,0.46814917316772026
16262,0.5027125073742781
17099,0.4781445634790423
21135,0.3761027405701473
17452,0.549785578303951
4057,0.398902565328681
10696,0.49742676608016667
15568,0.7675861649538913
9469,0.6930610965123617
5843,0.2626770160474871
15958,0.5097084458984009
21243,0.563574619392142
10623,0.7147123099850304
28979,0.7174503327557064
7581,0.36367042144760015
11390,0.44664816305761146
6619,0.33364744068041047
18135,0.29234280229891274
10997,0.43840659432071094
17804,0.6394557582623811
1094,0.2751214981661246
24210,0.3016469462560867
9283,0.33742119711499274
15769,0.48279685120278265
24556,0.353821253304758
15831,0.23886029518594296
4099,0.4709940726406109
3306,0.41831869942533506
5181,0.48921465777415035
25010,0.5627583893785433
25166,0.4883846155126257
18889,0.308335649705606
3020,0.5344486789040713
33226,0.32614005731204476
9910,0.21917223750918272
13454,0.6651567343417021
16773,0.35959548363263605
20074,0.45639523351171724
9770,0.3793271415325524
22097,0.2385255514216941
18864,0.35186316979044846
11933,0.5320878352120715
21481,0.7038850036523518
8546,0.5728824845235223
23088,0.51421611789468
9952,0.3252739524087741
17081,0.42034817421869086
14002,0.4940463966996237
21581,0.3147368754518119
10646,0.3778924666689417
8829,0.17797270401516652
1186,0.5139106979597583
23843,0.4839240592331447
4755,0.7441687837446991
24635,0.3560599159393768
10195,0.42221176884466166
620,0.29785199742642565
29218,0.3926007865195921
17158,0.3228394752223809
3573,0.37734071834723176
26740,0.46505670224696427
583,0.5226319933189116
24484,0.4220589004206083
7382,0.4963480946300697
23267,0.6355600770406465
23523,0.4427049475042886
28980,0.6260760886296811
20939,0.4582971508610273
20424,0.3638978999789911
12447,0.2972914895527734
5992,0.6079843151330502
29155,0.4663913478599429
2805,0.3042811384440047
18356,0.6625454187899966
12605,0.502668970881643
9164,0.2626760587382174
11119,0.4434298212047189
586,0.3550531243760121
28865,0.4529769820946994
5413,0.6455425940600543
31103,0.47415251803217184
7385,0.45893243679206863
1010,0.4476929772629181
31869,0.4390769834833087
9255,0.36558920998782984
3351,0.36202275025552266
8370,0.7077730020048204
9725,0.2799696611420209
2430,0.6353648414958919
9056,0.7472132006090175
11947,0.6960029783347059
16811,0.45818017514443243
29706,0.4676252877865354
21840,0.3440234827776792
19596,0.49956407737547975
28343,0.6317754119428073
29043,0.5767513260197481
949,0.32307827410229756
22326,0.5149195978905583
15316,0.6948635691806384
16628,0.6817872655353464
11620,0.5642925966468441
32856,0.4665577296078334
11091,0.4995656969263843
21823,0.5044666302796177
29705,0.8046510697315755
18060,0.47044948797657365
31095,0.5744727642424344
2565,0.6057628572518402
27099,0.33302037608378676
18202,0.292219520929986
249,0.4359555507019047
21900,0.43035812038678334
31386,0.47045542671723706
7565,0.6521745458231903
6461,0.38339128372287773
18985,0.3412004215258454
30979,0.3233896146478842
32370,0.3708848193117246
29070,0.31642675436909834
31767,0.7746024901738939
4911,0.44052595865212824
22511,0.16828026303869967
15320,0.40375513089441517
4236,0.4025857507928835
21017,0.3936295226621268
28268,0.43873196489287397
24584,0.6308601454465457
15023,0.33651212678436504
15841,0.32939784456560744
30383,0.5059043739278924
24013,0.6780861868760925
19650,0.48086235241167746
5416,0.3984505087055218
25491,0.4337372887813965
1410,0.6016641458112557
9839,0.44843466580725955
21472,0.7322721512543441
7213,0.4563132008668363
4543,0.5123585731631127
7195,0.503409709368906
3317,0.4157432996827514
6596,0.5981530071759619
24120,0.3038126261962868
28503,0.4458756874278797
28009,0.3734851478136894
23865,0.560405841505678
25492,0.4882273879060001
22773,0.47039482740069644
2854,0.4804363837893506
11077,0.6307528064866794
12322,0.6332221338460099
19341,0.7473238389298658
2970,0.35731586613603433
24790,0.5386477680525148
15171,0.4330970245357886
24748,0.42969042225166587
1914,0.3063405465697199
7931,0.37595632198159895
16961,0.4788698491743176
8615,0.5339030010725117
21768,0.6735402987269186
32694,0.4857398743059129
16224,0.5082040155206295
20375,0.5916487673330649
19834,0.5380550955491484
5580,0.4236458381341101
10995,0.3588364091506828
30153,0.4697412983732787
9443,0.3529845414734068
28605,0.39189826835742214
19999,0.4376225800176897
30202,0.3842003355478863
19516,0.4160948142170998
23365,0.6032937455066798
31448,0.30009176722162345
4908,0.4875714010259919
6100,0.5148313315884356
7642,0.5035778666594438
13596,0.25409488668795716
13463,0.516401772678325
9301,0.38341951462699814
11485,0.5844503904884005
27459,0.36285857429031687
12557,0.6368924604254057
31749,0.517838903319875
25433,0.7242030185624274
1058,0.4210747394423898
24541,0.784627191377763
26642,0.7709135115883817
12601,0.2851466814803712
25090,0.49811076271185867
6076,0.4687984125872546
5797,0.4524344803127652
15832,0.5540358734748907
27152,0.6935558076095132
14433,0.492568318502326
11151,0.4613209800404513
5249,0.3355394002579475
19815,0.3405090942886068
14603,0.2541678701316908
13044,0.6287217257129952
25615,0.264256110636276
11998,0.6041405088571176
27572,0.39301844231829824
1751,0.42144900393386553
33093,0.5822536953254747
1664,0.8219273864269081
24212,0.6322925342756446
9510,0.3033043628751051
14081,0.4568753146472593
31363,0.4385266328850704
32835,0.6291932396834327
8609,0.4486123089264768
31304,0.513678155171509
2111,0.4746806121062907
22900,0.42028490395481966
7573,0.4053676533193775
13999,0.5887768087984333
16482,0.7010688987071969
4744,0.21163921627391652
9609,0.5744660841566862
12538,0.42251323993175005
30195,0.36983512616422104
11692,0.3788956079278403
4607,0.38701485485132725
31252,0.7445492947092538
26312,0.4193120870387667
10401,0.5344882113118776
3422,0.48012384449057205
20695,0.353012784065811
30071,0.297753578074666
3646,0.44594882299933863
22582,0.4190627526851688
24327,0.6745396293145212
19237,0.39293882619475273
9974,0.3190793429823178
17888,0.30456241920482363
24842,0.4235664500084999
8983,0.3879221050656275
26076,0.5495007769671169
5251,0.7616482242610629
20841,0.5956694734100796
24995,0.31192558213386273
2136,0.32462895465912633
91,0.3471839124736942
15732,0.41104192609453005
9967,0.40320815148042666
31730,0.2614351058462745
24470,0.5350893566507876
18632,0.3291259055508135
20538,0.40498819599038216
30690,0.35024677664149145
29322,0.25968259787310727
20020,0.4079694570924708
5437,0.5771156404411747
8652,0.4330765946901037
31377,0.39666010181488726
7677,0.37879296330636314
19742,0.44172516209121776
32180,0.43933495424981556
7293,0.5245381109210115
16290,0.5178819129308205
31077,0.7434388874101144
27605,0.36012237697939636
8333,0.406290190820445
16432,0.46207890890714076
29557,0.3689717666533211
8618,0.5119283441822658
1373,0.37423562476185634
31182,0.4344620076453982
7511,0.3235515941881345
17983,0.24790693165783717
21202,0.3991327503941823
27817,0.695392837479863
7356,0.2743149043803941
18808,0.5622943651396022
10142,0.5057391740092336
25901,0.6635550714123807
4691,0.3142517666565472
11744,0.5558213585354828
10650,0.5588582855615352
3398,0.4540063645623919
8601,0.679757106994087
21739,0.8331925540288347
8593,0.41841560347244416
4189,0.362807719478371
3234,0.48673176519895195
31839,0.4122569424012769
5517,0.32181890408360875
6291,0.4183230807671447
21758,0.48800533905382826
23108,0.49479199918449784
28730,0.2613161813534519
30136,0.44863101086395873
6638,0.43297024940584017
4456,0.7236945590047227
1296,0.37928778746229586
23767,0.3348454194426274
4761,0.35371611436948885
24023,0.4570245755903753
19721,0.4233875629347587
20105,0.6731756256523567
16,0.41426809505964246
22344,0.753292652514721
17593,0.44154915932688127
16026,0.46883714337216437
4036,0.4969839777077359
32922,0.6834959975480499
3359,0.629033873617361
21792,0.753124275495564
18201,0.573619477118494
11340,0.3198453798271861
13678,0.4367866458911628
18975,0.37808237033925
26128,0.38793692150813086
17685,0.22681553103954055
15745,0.3092007035833974
33006,0.2517289839175512
33110,0.4016765372104343
4516,0.410033730625867
22801,0.5148375652361031
8029,0.47454062387583196
18102,0.5325265331359716
32912,0.46808741087201283
12741,0.3871884472236348
14178,0.40290318697218613
10263,0.4039397356017433
25627,0.47110597546749594
30287,0.7293482989264696
18946,0.483365843636406
21146,0.41965886207060055
13296,0.7131861901666413
15437,0.7228759180470091
22566,0.16442356230923436
22990,0.41981008772683254
30862,0.49448486665546976
14737,0.23956528018779144
7691,0.27554492424921606
19821,0.42334374882804066
31163,0.79331938391922
12471,0.40480854430363905
5219,0.4320089229833664
21005,0.31802347318615815
6270,0.42172925054805116
2965,0.34087047339495574
15879,0.40992428868489605
16351,0.5553310708712276
1746,0.4557544963239525
15288,0.3057359195316768
31371,0.37393592038916806
18367,0.5517285125624194
25417,0.3739634507048183
12000,0.35153110173385105
882,0.5640503235581871
10616,0.4234890887737418
11452,0.6903897239610666
32630,0.6228927010021531
4537,0.6915535923518804
19981,0.40351729363190486
29185,0.19455716651550384
32838,0.6121466371429334
29222,0.5793103256285129
33136,0.7309613251629491
6374,0.5766664731143956
24741,0.4024864016046483
22526,0.43324099985399367
12917,0.36411928646905345
27216,0.7989597540980353
30630,0.7893725897491162
18421,0.48139711840536115
10118,0.5308175487291578
6084,0.4122912154370048
26885,0.3383211270607828
32356,0.3117507397133149
16268,0.453146000860636
31992,0.27250046606259165
31393,0.394949488328609
7081,0.6071751384183786
27945,0.3852240393831577
15452,0.7005417469068463
12191,0.4479315184524711
82,0.2986371433027534
17062,0.3025245714001707
31073,0.760646511298388
31174,0.5655506247861884
12857,0.5780124808380319
30178,0.40353397302366534
13426,0.37131373718159094
21766,0.3198169610531282
59,0.3513943654317144
12266,0.696577784115869
23383,0.36675752635750325
12079,0.2373948257008703
24298,0.28456875765922535
30840,0.21530716818610626
31801,0.46609206318693963
27818,0.4348419308980933
25888,0.7036253912457333
26441,0.5702287790840104
13619,0.24560227833802883
629,0.19185977008589933
28387,0.37468244322441313
3798,0.4724372156041138
12120,0.4131192843169566
21396,0.38710561804444427
10500,0.5231092931043735
5419,0.563864873745951
25471,0.28616691591781607
4295,0.5437488757082073
15693,0.4748065647164207
588,0.5162936637717582
383,0.359847264113184
14190,0.8610221823077086
14879,0.56932783475544
6509,0.6652163282753778
16020,0.5103270995168504
31215,0.49163090850001534
23432,0.5083769319098275
8556,0.3761122094501538
2808,0.3193695040927431
30530,0.861417448423165
11408,0.4520073262780549
23745,0.32997920241297085
14805,0.444739606518024
14836,0.23768773922252887
11308,0.5161392329627916
14612,0.6850778630749985
33346,0.3355118250710853
14506,0.6105568686228826
32641,0.7812113903588054
