enrollee_id,target
16548,0.6737727632776825
12036,0.10456785565831342
11061,0.2506234088666482
5032,0.0874073053692288
17599,0.04877928345239597
19314,0.10013271952544556
12365,0.23385613277666667
22696,0.10209396533920828
16083,0.07477197927810898
33240,0.11189229926556744
813,0.07199823722780013
1362,0.07612494680711912
3821,0.11217462636518884
26316,0.2119477220253228
29269,0.0964212755903892
22524,0.09508320173893729
30407,0.09375930471427639
863,0.07145516918904424
27743,0.09285056070175028
29303,0.09014438244141441
1019,0.12011653397112995
8819,0.09140150863862216
5397,0.13302371553668005
14697,0.052549774506615694
10407,0.12939518231614044
19224,0.11163382338196949
735,0.08079431274114043
14106,0.3095870030275458
858,0.0940711350053749
9061,0.08412854520872284
12775,0.0737867691797996
7964,0.08863997351115778
30781,0.06875467952605964
29346,0.16288790183793772
17991,0.12277729554783504
15768,0.09933075849515824
15378,0.09489356553758528
27248,0.048493289441587074
5931,0.06975376856706607
11897,0.06893139055987695
10606,0.059616891128322136
28368,0.1207352699369562
11081,0.04950569620868824
19611,0.10027659133577721
1283,0.1387442664405258
18590,0.06947873828060817
2076,0.06175528998875242
19130,0.07635927375223155
29874,0.0740196549417549
16387,0.045687560294512375
22536,0.08101914524678824
30268,0.1953190039162385
23258,0.1123761429651124
14201,0.15232612005987095
10551,0.08431331585101462
28787,0.09267061006103093
23340,0.2836536709089516
26020,0.08697276250200789
22989,0.07676048646574084
14594,0.09152368181336229
10127,0.14977095400974907
18684,0.09808344096664502
20163,0.09629480106016589
997,0.10573758804196673
32505,0.2937789895931755
28948,0.0800955797814
19793,0.10609996045230548
22487,0.15696033767474976
28765,0.0751093859075633
28078,0.11809671949541395
3780,0.07701635256313848
15396,0.14160179332025308
31167,0.08199507359708053
8834,0.14686871897070122
12051,0.05231844756269972
29453,0.2592662363673086
4305,0.07420884731580364
28298,0.1479765888758007
33189,0.1182343369525469
6611,0.047712308046901776
4763,0.16355779429057826
11459,0.09542491678147658
4870,0.06954908132544946
12630,0.11331963762493555
29618,0.050857211064476965
30033,0.13844039865445396
25404,0.09479640003177298
5522,0.13924362830726633
13026,0.1420161914821681
14788,0.13137563734064933
8450,0.17907974263004722
15425,0.06709710524110779
17221,0.35540061043345
32535,0.1594251874903867
3356,0.08051026536062986
6938,0.1031728488816291
25715,0.0999550338323699
25064,0.056035313433844776
29805,0.07756925507332797
20608,0.24118188376273528
32283,0.07362482473662212
17793,0.13386782554863522
1525,0.13105069281466952
3579,0.17993107511494677
1704,0.0624474913727227
16657,0.18586193969737574
21066,0.13564631319565848
32817,0.07393665404279606
24938,0.12575845372425415
2837,0.2593143003462603
1157,0.04780080778566951
33154,0.2594356408386293
27434,0.14169021824078387
15056,0.09178681877427289
2555,0.10408285655363891
19701,0.0442970047666341
25529,0.07072920005617363
17070,0.1261981625451933
26053,0.07097913582980615
30684,0.06070269342181304
2815,0.12392334967383233
31291,0.0540022257079932
26903,0.12507065232982217
32889,0.16347265657476728
20873,0.07793863360385833
27921,0.1215606595612776
16150,0.07273371594441848
31345,0.0949072178499541
13375,0.12305896527144868
12369,0.20309247021583482
30180,0.0810791080453478
33355,0.0644367291446059
2417,0.06529823738188967
30481,0.10658045279003688
5540,0.1269468521084499
32713,0.07475839154055697
263,0.405046268224262
20373,0.18285917068708243
4991,0.1453530313929536
24045,0.17431169477202144
17697,0.11874900764484875
30866,0.11636702353973806
12996,0.12992779914741792
25973,0.034010845314654294
18035,0.2379547628802
8980,0.09540083508260637
6515,0.28177284218505033
24754,0.09278281685429457
3901,0.10460621763066841
8499,0.20966165505511283
6139,0.05333921968070332
31696,0.07152778867059387
24611,0.08531785667138538
18882,0.06822629307568864
11713,0.30875965395402716
7027,0.1307245237067224
23513,0.08802666530643002
3013,0.12090532914943097
11584,0.17907032206191512
24451,0.1472593514828792
17738,0.1999878570235174
30028,0.20804046081005342
9366,0.21667885026720685
25896,0.1156808538752079
29281,0.15002746573344547
31222,0.11684436989540302
11790,0.12735012677865107
15533,0.21124500194111945
10055,0.1655161771315695
32053,0.20455370860670422
9977,0.14846212669648653
30111,0.1403102331776255
20140,0.14015004866173128
24780,0.1078760198556539
33097,0.08865478434308714
1312,0.10537197068522519
8694,0.03577372701281107
14127,0.10715010268603645
29904,0.13029059367209037
29099,0.06740597694508321
18616,0.049680758674876875
31040,0.36674398980879336
28643,0.12058841996273684
7132,0.14943641034633365
30579,0.06285586492765641
19419,0.12358151251290966
7835,0.04692483146205401
11957,0.14202282912495143
20303,0.1058067373563219
20120,0.08777994021216777
24434,0.12745705749009797
25972,0.055006222725676866
10442,0.10241706888404642
24285,0.2642907617085049
8925,0.1635382256864689
26227,0.1335172158304373
15960,0.08756189317132047
28482,0.17667262878441925
23555,0.07261417613243862
10319,0.1155217950333223
9717,0.146564948865528
24606,0.3613377371496028
4545,0.12297067996656881
30371,0.16606096711717683
10309,0.10519705157485452
11076,0.05676894469527381
14411,0.4361548116729942
18403,0.07626351832522565
30763,0.21551251910165867
10772,0.05304524816803411
10597,0.05412363072552439
6940,0.08856169509333384
14149,0.3512178034771315
30682,0.11962263763995298
33089,0.10189475533683788
28300,0.11101308347731187
28024,0.08674163860115651
15923,0.1291118726814535
23021,0.03481748383937412
9271,0.20719035270229658
24649,0.14796403932562874
25717,0.16730114140824975
21247,0.13384264567764262
2302,0.05494906737054842
32609,0.1150890471971719
27506,0.09381544934913451
30403,0.19302597469016097
6612,0.110298169487111
14011,0.1332063903521077
22398,0.07695633790072884
13659,0.10630617501175568
7087,0.09195619888422907
33044,0.09769813706553114
29659,0.17512329683587693
23199,0.09546580907016303
1093,0.10556913840158032
12165,0.07823303902566303
27636,0.04424168242293506
11850,0.2513676204747054
1929,0.08845918657689754
31747,0.2728792067456522
29506,0.13004913754113345
10320,0.0947986803825374
4209,0.09173988382999122
28190,0.08441024680333768
26665,0.232928434120196
13817,0.1422235215198552
2899,0.3903624914755121
8530,0.15049810627362023
28742,0.12182594608795162
4944,0.14588222558665515
16458,0.3664491868857633
23632,0.19298497524786018
7422,0.1619271507750236
14564,0.07716340381686601
18967,0.14119812920619662
12862,0.1689948357819465
18021,0.12528667845433922
27748,0.1428225078822184
1683,0.10736768694093132
13043,0.13934976036387922
274,0.09596389081677431
30001,0.05329757903108159
19300,0.23839455938085535
25154,0.15645974508546165
1387,0.09878473277405503
6261,0.10995028786795374
22427,0.2374002174720411
1348,0.1078327742186517
23959,0.14551548718585666
24455,0.09344988446071317
6441,0.255039995504772
13576,0.08479158862191069
21421,0.08769019477523285
18542,0.09681107318084968
2303,0.11652882441527179
4541,0.10874043204596724
22275,0.0683465331388063
14004,0.17595375759479728
2246,0.09409018632481139
23304,0.22141815336259366
28181,0.11666177034231592
28971,0.13930650549813278
10488,0.26862708768483357
23594,0.15675312259584784
25132,0.05645676307151516
11381,0.12215900925627764
8885,0.09056914741155538
23577,0.06063003589030509
26207,0.10249282178253914
11901,0.146564948865528
27544,0.133368816980801
30808,0.038488459654663396
4629,0.1312067060967846
8110,0.10190115058301162
28621,0.16082981690649864
30647,0.07199847979268288
8427,0.056358652744045494
14577,0.12690551610442993
28792,0.2093115158468576
17562,0.11138852932969401
22218,0.3317840127078151
4942,0.19326084375101985
29970,0.08796807972484275
5829,0.1630366689940547
4243,0.06852578102078115
7600,0.06799345096219292
16780,0.0645835376329329
4979,0.09365651171534477
4473,0.1865395986978397
13871,0.0791585080047731
5314,0.1398730823635171
20327,0.1393748515491826
29210,0.13477044737449764
10237,0.08034632803951992
26825,0.1300024321827442
32970,0.09912762928239
13250,0.38506939047688604
7381,0.15126789402444818
30473,0.1924807282438376
9636,0.0842591939101406
31683,0.14999945307233437
19525,0.31254406481623814
31584,0.09043749516931655
18901,0.1823193057930874
340,0.03471217837248218
28881,0.2957174035953658
29003,0.07775706100230753
23445,0.31970754453289024
19486,0.12521371597739483
26531,0.23301526507337672
15476,0.11470404558913391
8078,0.0927079041438154
9731,0.17078722025323856
5959,0.2227598831729802
10208,0.07640005626076778
11322,0.13326978692436547
1118,0.07689217847400996
15482,0.11699397146949729
14191,0.1706758844008899
31824,0.059505982143110495
9215,0.37057407066746156
17787,0.06191395207926396
18472,0.24057836991127587
1142,0.04400763423101588
26038,0.12699484520496113
31976,0.11034242503342846
17174,0.0606296586794826
819,0.13227420911105722
3189,0.059024276569136676
4734,0.14425943281849474
20936,0.1383904254965921
10966,0.17271331634375942
21084,0.08771683564663567
3171,0.1398736014171734
2483,0.20859068119004093
14282,0.09219297717000757
5863,0.20010629046225026
32830,0.2725851717220857
3333,0.10220612723965673
16152,0.11605995086843328
9535,0.1403222184765707
20776,0.10124152361043173
33351,0.13145154960274985
19444,0.230452184523571
15447,0.09928951077903371
17912,0.11443605641820569
11109,0.08826684078502738
21309,0.19542192649913018
29469,0.10996630090696895
3648,0.06555373596819683
11115,0.10080329655079143
14807,0.10630199307856948
18390,0.12923694988852555
27682,0.0939434699609972
25516,0.10332430981355593
27042,0.09634081276561732
9707,0.23128623854114364
4098,0.14866646232630149
16288,0.055868580176962675
29114,0.0994580877649069
920,0.10415575924722123
7015,0.07844836233735276
32618,0.11912918230487145
23029,0.15244342269209993
1273,0.2189256118780333
1154,0.14512880741672368
3382,0.10753732370373763
22533,0.16559800130766694
16613,0.0647353357912697
10591,0.18471242739126784
11702,0.24215529569984015
25036,0.09213924207352944
25908,0.10113689986715241
9328,0.09856141282876782
18570,0.1036099798600233
16377,0.04949276137583104
1918,0.3311994912900845
5016,0.12737510605807423
6799,0.11934071553274661
27432,0.1671020275107223
5084,0.1496688435573613
28274,0.0814207507203896
32752,0.0964019770103002
3515,0.06348370972064753
23754,0.3710975943276876
1062,0.09823791320799628
25454,0.06309744196893198
9996,0.09242635398012951
6373,0.05897799101881097
31597,0.09595796269368177
27118,0.09174306665393832
17264,0.06449419654818436
13980,0.2132637630643544
10147,0.12536675688190752
25488,0.06939848679212089
32686,0.2610232194763566
1493,0.1474809489815909
1843,0.09800689254343763
13780,0.20524103059876486
31797,0.24627899369044878
18719,0.21126796014270172
22422,0.11590723304185378
22859,0.08568428422998255
7547,0.15765420353814746
11759,0.10620665781416022
7582,0.15529914799896233
267,0.14283764062446624
11913,0.111646528144904
7978,0.24329374027489514
27768,0.07685960867828887
27267,0.07706545264966846
11095,0.061091972528687435
8372,0.08169816146557796
5984,0.09013119840019757
30724,0.19201974719823894
12535,0.06876868151794867
7622,0.07018703472370644
26753,0.11938765626279117
9790,0.14341922783062716
16515,0.28333501693937213
8569,0.2601376574592239
7400,0.12043494520952105
1245,0.0672363128021037
18336,0.079614959753051
24528,0.16642236418168263
1382,0.21179034885001746
24352,0.06908353770195273
32543,0.06444182677010532
17036,0.1486591928856583
18120,0.1589981649217444
22560,0.18248655518925203
704,0.055135492319031046
33324,0.3276031488479126
4329,0.1396259264010298
21971,0.10757357936518418
8995,0.19100893876095396
23607,0.10849643806111096
32701,0.06811288365833018
6962,0.13802925918308753
8127,0.045802455354673866
22658,0.07600326009980134
18934,0.07900822896380462
29583,0.08877070087333029
4796,0.09008914201786175
6116,0.04965810396202467
24703,0.08118591737658364
23219,0.1294160373304442
22799,0.052988894104928304
33160,0.0646113966181691
18986,0.12958941743799132
21327,0.2366797981400606
13680,0.08064781230272125
21825,0.10447453289529327
2721,0.13331220713223638
18425,0.21022286459287517
15408,0.12300583107573779
18326,0.399042544904432
10658,0.311780163754956
7070,0.0393647573849103
20876,0.14542446169954976
21114,0.2461517779449035
8472,0.09629154830544458
31563,0.14704185578540033
28846,0.07042161885037485
23053,0.10053549151977897
32028,0.14578563908325895
29784,0.17500648953687994
16997,0.09515767890173714
18355,0.256735498042957
30847,0.09081247604015127
13841,0.12688323545581434
18197,0.07112113599321782
28060,0.08915211735610051
16197,0.22158950292755908
3471,0.08869853030493993
20009,0.09624586875589933
16602,0.07855514601125105
26534,0.1222488216304938
26089,0.07197285963946735
12502,0.07891905825270791
15073,0.20072840501743844
25259,0.15639945481364026
32479,0.13943336876468584
3963,0.09662621659191244
18314,0.12075702140715243
3736,0.11650487839263234
23637,0.2048708021328106
32876,0.08933685273460801
25338,0.0841582701897129
26816,0.28451282207586465
10071,0.10117383993982959
14710,0.13038764644530618
15111,0.09248285587317437
6487,0.2433978922413007
839,0.16085299936923816
14595,0.25372893596124496
23338,0.17070419192925823
793,0.1044907346126234
7619,0.15241235831140662
5086,0.07710023763127424
26231,0.10064578237383343
15727,0.09965024867724961
30631,0.13177516447502222
28466,0.10677072150464376
14801,0.07535898481066237
10950,0.08990365602454212
22709,0.07744806927213259
22876,0.0852276079230369
2343,0.10866963063159603
24009,0.3149784935685218
33140,0.2049113110101762
29717,0.08354408223722443
27130,0.22338528204159336
23368,0.3277795530804032
12526,0.13283486206681508
25760,0.1519060858609817
206,0.12930860069906977
6237,0.09048242369099814
29192,0.09936941456472924
8922,0.10678905559528776
19322,0.1032566523043733
23059,0.0959876229014298
10925,0.07515794642274205
7902,0.13193883685079366
23776,0.0887071838651928
8019,0.06914044119050639
24822,0.08191165342546797
21213,0.07370937013312187
6661,0.11750891817698034
20119,0.20220060332968365
4544,0.06372568881017862
19490,0.18447217288926698
14176,0.1878474627385983
18931,0.06235423617681685
22804,0.2794190601598795
14116,0.11037276480194533
260,0.16016062788417848
14057,0.10095341284446689
15512,0.26666919753711543
25751,0.07173944796224713
10837,0.08549088657846082
18591,0.07975980418466953
20682,0.16805847105092234
9041,0.3203598547218607
21208,0.12092100126661978
19564,0.0724884226071378
9228,0.09902338153948594
20175,0.1691413333003826
25702,0.12376916526783556
31835,0.2676997101593889
1546,0.10960830760046598
24412,0.09699307917716829
26171,0.053916373423137105
28167,0.047984113764318326
5291,0.08307719227131165
3101,0.10615235885236396
19558,0.07644512525205463
23605,0.10784412852776092
13407,0.05453719652621735
6239,0.04626550822175574
5612,0.10492504833192833
4471,0.10264465136684849
27496,0.06356732517394983
17138,0.15012731275134333
1624,0.08210822439966745
6916,0.08029315363155129
15057,0.06089388917100715
10203,0.2725600580062088
2250,0.10412497363415595
20360,0.21465261556556892
11057,0.10543209192860684
25313,0.08193447552306386
10932,0.219037525153747
9493,0.06169548737300896
21771,0.1363997601354267
14028,0.06030446358181996
9204,0.08455556222423642
4185,0.09637391787122386
25606,0.0768433942082681
16076,0.1351032066204182
23791,0.2007906396102799
13760,0.17833324164818734
1960,0.17156174650283113
26095,0.07395706047186645
33117,0.055314406559368354
6386,0.2402406191032708
2453,0.16881852613479267
24851,0.10770072698114207
12998,0.08437034344717605
30429,0.11169130472215134
807,0.0493597071607032
6743,0.0987189768720937
19514,0.25848364021782466
14829,0.4425161199968984
14480,0.18053680544859993
3943,0.3366814325589131
1983,0.36494233560235173
28766,0.07313601936650342
6591,0.07796093109942695
15963,0.12713579612689957
19921,0.10149767437592885
3395,0.3914562244529518
902,0.0982115412915157
3553,0.09595368839347429
5283,0.10762391383633836
28842,0.14416075443280105
603,0.13504607498625174
4671,0.3175244151150354
16661,0.10254774608727828
24803,0.11646244341469188
17449,0.051695187283270175
23709,0.0548211102748294
7123,0.11170085702774354
12569,0.08836499740166688
21568,0.08344632241527772
24889,0.1922277581696969
13958,0.0522084601355675
5663,0.14900118142250285
31319,0.07581793759865602
32844,0.083894949897923
15909,0.15164479838945905
1447,0.09780834907484924
17578,0.17166621449263716
21302,0.21061213782172933
26283,0.11146906250151145
32418,0.12926183506667693
1168,0.1260770794925955
15284,0.0889994087901434
19018,0.13726882168756613
32809,0.24366901712115027
17198,0.12384642696637047
13139,0.20174323935287064
6741,0.1071917818868318
21445,0.2835716249998802
16987,0.10265439981348619
28244,0.0710659748524925
42,0.15826033218651508
11860,0.10263195647396928
14782,0.1055101440498323
16619,0.09651243768511499
17597,0.048006304660979236
7459,0.16214867132442276
2765,0.055366727723604424
23977,0.17701178557475458
26743,0.18671735150249272
13704,0.11137882369410053
17856,0.19276043588086625
6767,0.15732838259414733
4551,0.0789597996216019
5578,0.13035308385861405
31405,0.16597831219139367
21113,0.14302574455568157
32067,0.27533268830997154
4253,0.08554475652112951
13087,0.09303883963211497
32759,0.14641619610002737
6368,0.09997696615351485
28849,0.08115595496515787
32590,0.312574651806938
23442,0.11545852637977476
10149,0.10923933023021704
11792,0.05333357774451041
10201,0.09069299240593455
31963,0.12848976880465685
10139,0.12364436107175422
19046,0.13786474841481297
22109,0.15872321588197924
3207,0.07116275764709828
19203,0.15420643571793052
14733,0.06534965197181031
2606,0.28285765732706686
24469,0.179684274949057
22081,0.15391352093576435
32432,0.10872655502942602
5456,0.07547471714652124
27127,0.10613767218716175
16724,0.10369813006781262
3110,0.04278817158560437
19065,0.07009871989946234
21138,0.0366066044859853
10816,0.14747084441016953
7046,0.09892009427878269
7567,0.10220370533075174
12954,0.07601554461678393
14223,0.0882870331320328
10034,0.054967813798162214
28269,0.07957831107549672
32547,0.12675788428543708
18948,0.3162464486027066
28353,0.2603215634254711
17253,0.09629968003596749
7172,0.07946513612165207
23477,0.08952043225798983
30844,0.12226668528439917
20713,0.33603295541590816
2390,0.06256031271037926
22464,0.3394601135851917
18588,0.10114806043289738
2166,0.08450805457759218
32474,0.11410279131007088
8923,0.07672408443776284
9252,0.42622396249362215
32016,0.057892278775685174
32744,0.1454839963353232
4756,0.08475296400672253
6383,0.20427828992995578
30426,0.3391416376133708
10086,0.14336528552934152
6258,0.09638288583831273
4646,0.22486109775171004
11051,0.11011084812247489
1652,0.3327340067780286
20963,0.23796881464572425
12820,0.0974743340079922
8413,0.1513060087471484
23866,0.04709056857628589
9072,0.046101693016470616
8103,0.03881408207234087
16084,0.30242636805026885
7592,0.16565280498026327
5563,0.1376602411453897
30820,0.1197884806034136
12723,0.09609303698299865
31820,0.31117133249819834
25244,0.09855545059014917
13148,0.13243008295558475
4845,0.23163906932822906
26409,0.22450798413871878
158,0.20375585664182308
32041,0.18386189764674551
6600,0.0740152628487134
27930,0.16148442715402783
20867,0.12642134999366852
4429,0.2727557987723802
19340,0.13833822576374397
15522,0.09411880429328802
29954,0.30816030504230163
9377,0.06846126836464035
2812,0.10123005785217677
21714,0.04639890530072144
12010,0.13798849136336894
618,0.10284803904259514
18418,0.09007775400810465
20058,0.10831103467782043
9545,0.07682387191779157
17361,0.0663763652054453
33024,0.06908292250978731
31154,0.11153817393796257
26258,0.15330910885703483
23460,0.17419266620962034
30985,0.5976098980453806
28872,0.1516353428288233
19324,0.07892933626053095
3282,0.07536853909757027
28158,0.12264443186656615
26943,0.09359299116232983
23816,0.08748884237203003
6929,0.16719667719218068
30746,0.2675947428793017
28487,0.21865182621164447
29963,0.1433255214429744
17181,0.112516818419267
1541,0.13694580630091494
7220,0.15684744859046723
27396,0.04129481905131468
26469,0.0866556835209991
14220,0.06902995909359848
6150,0.14186655751843985
4737,0.14459897379528655
13032,0.10644571430414407
10334,0.08818116928357335
17450,0.3194083255598353
26807,0.09480189932262426
24578,0.14901336830399017
29158,0.11920715771318748
12916,0.1373329923343835
18490,0.07024124473643693
12734,0.23298215947949624
21988,0.1031826863890143
20638,0.2651211059159687
30320,0.108535266380504
9617,0.0883663820255339
7171,0.09660922159705426
23542,0.27114889661938035
23588,0.24508746951734142
16785,0.12157835230407027
18534,0.1015259845222894
4407,0.32078957612522907
6375,0.09013468346602806
8740,0.08182082552444386
8444,0.11560075643241297
26369,0.12775334483059914
11358,0.10105008436409761
14671,0.06642981227644053
24082,0.23599796605232032
4850,0.1731879027593666
23986,0.343617664541103
16237,0.2128636965768074
20355,0.2296161478797242
2298,0.06938222935673488
5639,0.04353450142240291
11520,0.08234791791008432
17545,0.07903219529516825
11974,0.19609693922694416
31876,0.07091603869769977
1839,0.11003752949833465
2592,0.085537193252333
20428,0.15578206320389645
32316,0.04917976482611792
1800,0.24785923200672483
23928,0.20298473656032542
1204,0.13980439452036525
26470,0.10685191747033317
31895,0.18664444363256563
7444,0.15920307679827053
20545,0.06657564049925098
8289,0.08105146630334213
20851,0.12659293171514846
27338,0.4255593958985671
29539,0.10565967014875392
38,0.1250325811181741
32860,0.042666887855143866
29931,0.1271855956442492
5977,0.13598057167689379
19557,0.2574557598683747
26883,0.05334596057987529
25551,0.06448503559148273
25859,0.1386946922100978
17576,0.0908271589881827
26980,0.1067152819367889
3583,0.08867001741714678
25146,0.10160531173938857
5361,0.16794870240866888
1989,0.20638315990881245
7692,0.2531547449697471
19992,0.12687478221195506
18074,0.1122206922362773
4641,0.07870762704235003
10143,0.11869656541548451
4208,0.11464680247658222
623,0.10993188470963475
13738,0.10449581572896811
10877,0.07940153280031909
25816,0.2252198076975167
12199,0.08090837451014765
1006,0.36753279163401237
30593,0.0780466666373754
1197,0.10794182413483015
15304,0.09481414234869005
5345,0.06475052674964923
9198,0.08138624605431416
22510,0.22245837452871653
24791,0.09485865797479087
32943,0.07547314161076975
27348,0.13511062282205086
7401,0.10894572897672333
18004,0.14061716623450418
26893,0.0510537468092615
20279,0.1673275217881842
18610,0.0943120207863112
27495,0.1286157186680732
27067,0.35413510235512585
12293,0.08257008436693143
20088,0.11562836527867268
22020,0.21739240218551995
27634,0.14438343571761425
30565,0.1675397626108785
6805,0.0802329826368105
20722,0.1055154581458162
6041,0.13053667156640716
3270,0.12122038600097862
25703,0.12323629588542565
17603,0.12693885752747508
25390,0.32343390103794034
15397,0.050925719743298514
4561,0.17860917311501312
5177,0.14466132046550753
24847,0.23692840666703074
1310,0.09407981073916581
28422,0.09570747389953117
10389,0.08557400597018205
27294,0.08830260726764133
33322,0.08415406809009689
22179,0.2507571719164124
7947,0.07589864348945098
25122,0.06377262214780648
11767,0.14153779124604912
192,0.09323469831866722
11896,0.1420505835162117
14666,0.4756575972683328
17171,0.06305100508688352
677,0.08162648442184536
3305,0.06397718902081544
13566,0.32751384065040445
17219,0.5109142944907709
26865,0.07737216939836834
14067,0.09419238766966714
2023,0.274027418005882
14852,0.07071189768420276
11559,0.10120506022741635
17563,0.06621091028919417
13057,0.12981216111151506
7284,0.07627975431974399
14155,0.18042834293205268
8660,0.08650905823003371
29077,0.08780084228938831
18612,0.11085839335160078
22707,0.07249181002908003
5048,0.05909362880449886
18987,0.3505492777764663
4248,0.11903571144399498
30148,0.14334273359826155
5234,0.15009318220817
14397,0.13571122204831493
27754,0.11303776225932
24401,0.09360409328000883
30529,0.06799575389587752
18156,0.07928081746027422
2657,0.0659981574120961
24550,0.10742395859940906
7223,0.20645828249690298
11451,0.08133385994598152
24287,0.15135966913115706
13578,0.121335784466419
22628,0.08684770377262953
14362,0.12492662406919575
21901,0.11361736642406425
8823,0.1251589615486927
1514,0.15148658702505718
30104,0.07126442984248309
8300,0.07491846656043039
23793,0.07958376347352157
6759,0.0416750470562302
25671,0.08036558323015267
26722,0.3473544329879446
28592,0.1562263070404295
4861,0.2471360903749667
14280,0.11079497013281979
17551,0.0735991265241188
8459,0.14264484204910224
483,0.07965950321334424
28734,0.07665687747806205
13301,0.0629775988935508
24176,0.07816905284760363
9716,0.19296754087872658
19952,0.07538877409343449
29892,0.13432752767407571
13660,0.08540278492855159
22732,0.09031931668623247
15823,0.1932212736419168
26399,0.30404934819743584
7652,0.20528102208317875
15488,0.05339979921158239
22426,0.08686619606542889
5025,0.06685529598523571
18036,0.08656687536455177
10342,0.11061025206047975
19501,0.26376386063093876
29194,0.09683576386544553
26297,0.18625360461123966
18046,0.09570602349621057
17007,0.12935189306279707
10508,0.09575447685218096
2320,0.10211473231709822
32359,0.05622451408129247
5033,0.066947768385987
6077,0.09182493529860822
30067,0.15309012786253112
2898,0.055431227383146514
32772,0.22720239895755878
26956,0.07298085080457349
11735,0.1396085632007916
22228,0.2460165419786106
15907,0.07898561339409692
17019,0.07382493670429958
11136,0.045072580035559875
16605,0.07275841152118805
10802,0.0911760260775829
4521,0.2029373625389832
3254,0.059801407113193164
10573,0.06762096475273054
19133,0.09336339138205925
406,0.11787808856043953
11300,0.08792502651412347
4071,0.1491720244845765
5230,0.07934803043223129
6861,0.09407059223480722
2404,0.2345231302397918
22691,0.09649636170433289
19458,0.12320379197344208
24693,0.0972687320121349
27243,0.1704565130600107
32379,0.16129406472288998
29768,0.09350463921590829
32456,0.12298292012737297
23046,0.0985565234026457
22031,0.07772040451624053
11793,0.2718443368379315
29254,0.07948644506092584
26894,0.06335252033539453
1730,0.26586241129397253
4300,0.16913089204719
26821,0.22257269260324408
24554,0.0700014416192173
30286,0.09655794814751786
1136,0.06597390840085957
20825,0.096286300750679
17618,0.12350523416033436
10277,0.11958057625312443
27215,0.1468391535554346
7653,0.06943136667133307
29212,0.10931724749224006
21214,0.16355223066407576
12592,0.09601059566746432
9388,0.05732653639143853
23331,0.17615378592101444
28797,0.1362568725783355
29983,0.09975476895353513
20039,0.11967039851536868
29579,0.10535025656621128
13247,0.4127575172430952
24648,0.2192641417039554
21653,0.0985975517434746
15168,0.14290460709015013
4790,0.10010305332815296
965,0.08613033493356567
22792,0.08517284346719119
21658,0.31268297719264737
31419,0.14545292179218028
31476,0.0993597312901587
4026,0.0178239200417924
21859,0.06682714983637404
10612,0.23968501543462284
13171,0.09139930007027354
12298,0.09553438950379975
6710,0.07202698772033292
15876,0.05204273066476742
9639,0.09266176503212825
23957,0.09797997260704204
32083,0.07372279569307452
446,0.23844824871739453
771,0.05678745043066257
7486,0.1328831357588419
7575,0.15744992364516547
11626,0.05051288462408014
32670,0.12193929640778474
26784,0.11768904222030879
20217,0.0915538604530134
17154,0.07540993630453167
56,0.09356827565067105
14018,0.3212962480269356
25326,0.15077346395454777
31418,0.08400519522893213
16205,0.117594034662759
5625,0.10209044047583064
20783,0.09199586481848207
19610,0.10635525230073845
18703,0.07656542187773129
1003,0.03373388079291642
31455,0.19220734276700738
7820,0.0657142166331604
8598,0.27166137315796574
1377,0.1195363087404878
13475,0.11042946838214529
19093,0.048392752831310164
1256,0.08386860936638849
19271,0.14349643941061274
9799,0.12558351484462213
22679,0.0734298707837686
26828,0.10741978889870316
30479,0.058340709350979555
5235,0.1610523464647828
7114,0.18190875344788707
20418,0.24702954000035512
21618,0.03733409744839438
9908,0.11879971823248993
1823,0.23756771297777993
30842,0.12339556396963583
12728,0.10268671690912348
1821,0.05156727866849235
15155,0.06041743344667479
18812,0.309960494593578
22380,0.11394850582503856
8686,0.13486877274320477
24043,0.2064512058677419
19944,0.03633375940038571
26763,0.1316000683293143
30167,0.16962393086766964
3844,0.20700724868266943
33255,0.1617222853578162
14184,0.09692445286408806
18414,0.12806827969377035
3603,0.18440430690701567
26599,0.07097490292759177
23387,0.18698217558070346
11064,0.1833669080547365
17356,0.05105813116154524
377,0.09692478754608128
504,0.16090786740800425
13895,0.1508483696345303
16266,0.214899620261103
10557,0.20599509287737225
27746,0.12252172738392578
21322,0.24321236257421502
26971,0.12247168676859407
4064,0.09362513489297643
15725,0.06253423543463901
32381,0.10349524220651443
23781,0.03387709713814309
31840,0.12613253685107664
17313,0.3644267272087729
26000,0.0940154003236393
16393,0.03683138901643749
32194,0.1879155668385593
13565,0.2910255147165358
4807,0.19521369496762522
14222,0.05348768777127118
11476,0.11643171203222144
9787,0.10290718088106338
14378,0.33487622392445976
2635,0.05884028730158768
28905,0.0742138338888493
22834,0.1478077697885368
13202,0.10741391241180169
3085,0.13908082861094428
11359,0.1431355593577099
31153,0.14536498549469012
12175,0.19564130775158453
14000,0.05024895923983664
29558,0.168746838577136
984,0.07833193381988002
29474,0.06774500673239471
17933,0.08050966700070508
21779,0.12937369425808243
23196,0.14222806863851292
22678,0.1338912281243549
9178,0.06643249374551528
25331,0.12106029051825914
25013,0.08339279408986247
30555,0.18075370159729182
19505,0.08791290001166015
31772,0.06433637800069496
23619,0.18130584730017382
6086,0.2619855588504574
23321,0.31798362946019154
29831,0.11068053679820945
29452,0.27480360652572833
2673,0.08524242887134643
3730,0.10014258685119418
13280,0.15662274582111266
23413,0.38628371064567435
1736,0.18193104837853336
23060,0.1389904748999329
12209,0.10940517293316769
9076,0.1412580232815565
9966,0.10910075505028273
14181,0.09201475925917421
1548,0.08164514922831163
9095,0.14610726326063597
23105,0.07247451097896009
27072,0.14084779379140966
32951,0.2665657072616946
960,0.039200856116742074
30468,0.12350618341040612
22795,0.05908828921540918
6562,0.15293810623936147
30246,0.25500034976584673
5344,0.07247015091639145
17006,0.17783825532129227
823,0.15026956806595754
23162,0.11176081648473679
8494,0.09391355052376839
26512,0.2749178250471535
22479,0.11737066869407436
2472,0.06358745155788914
29408,0.09291764186934115
27410,0.09814559296903103
28961,0.13140467942223488
28086,0.19766916754275057
23389,0.1584057492061167
13151,0.23140587185362468
13108,0.11568770349889627
17106,0.12488562302425256
1554,0.09236554395448936
30672,0.06189628929147835
29595,0.11708567945173981
8600,0.07272577944961585
23820,0.12682511251978867
1314,0.18444775585436202
23999,0.15241032457871637
3875,0.10015693757450493
32733,0.3221139166961508
1560,0.15806629175042405
17978,0.047989358027760456
14354,0.10892659114209734
1737,0.0871138745580823
28581,0.07414314377532374
29564,0.23128148099110346
20585,0.04148183819764131
24830,0.13304261547405571
24005,0.27596550494582717
32125,0.07249307393777896
11630,0.09667310729058888
33074,0.10437667032301469
788,0.07546815081728071
20561,0.10087987508685149
15640,0.23961024409226672
32318,0.06084386442357451
123,0.09866625477009651
11741,0.05380351101159876
7142,0.0747998202641953
16560,0.24376816143716376
29358,0.10527390826221349
19820,0.08637970241969042
27444,0.11641265120054319
27106,0.17433896379453837
8779,0.08884863295153553
18633,0.07907380361655773
25037,0.12341077667512312
5188,0.08399823213118963
1869,0.15447102715889557
21069,0.17584627976605885
4782,0.06881189097328115
3311,0.08227749588243397
8707,0.08694890115247321
1111,0.19224766021502618
967,0.08255003151270011
32394,0.048873321025751065
21806,0.10608374223802622
13622,0.07344205129100322
31656,0.05803783286076763
28036,0.0786840539466115
15478,0.08262605190036419
4078,0.09527526849675758
13341,0.19633165882970122
23846,0.133584554404743
13957,0.2514087489246218
8522,0.11906167006716871
25970,0.07486466491436297
9756,0.051100274793835804
28001,0.11116486683133193
18246,0.15913081304139223
30865,0.15158874010646847
6876,0.07791626544371699
13706,0.06444074325016202
7630,0.17854519190716311
26848,0.06173748342978413
1397,0.0765830099123093
14301,0.07181516240555799
12633,0.13202449287708778
29897,0.0669341456181591
5704,0.29365331535053774
5874,0.09027269401883838
29277,0.12516571187482287
8469,0.2504587046734942
10340,0.0942083857735884
32322,0.15248355952663592
21219,0.1003168876723013
7906,0.09802451216218917
15240,0.1530474093886239
2360,0.14611397640973972
15455,0.17643505598622375
25964,0.10326560241056676
14452,0.10944304673661241
5527,0.17823520895824682
7730,0.08922303513706113
32172,0.16834892850736616
11705,0.13380732889999147
12896,0.08152492690564016
24116,0.09421545656496655
12316,0.10029095558619174
23446,0.11717317619787782
13859,0.10671740321145215
7908,0.06772360922845379
22779,0.07873745584989784
11024,0.23622738451136982
10424,0.1111254552509047
15177,0.1572860492768086
5163,0.12858329841756247
385,0.12921748640881223
24316,0.07362593129530243
19947,0.059276748825174155
7129,0.1400274163239036
23933,0.09742434304553593
13239,0.06461270575033057
9368,0.09271549793499921
29248,0.18030231408761957
21558,0.06768982484796392
8466,0.09886935087968056
5282,0.16448199322365
28721,0.07906923743348973
17546,0.19736697967450637
5167,0.36761019477336243
19755,0.08791672128715215
18313,0.275902299000802
16357,0.09367233805237002
8843,0.07211755914990235
4486,0.25090916506255845
21712,0.06585298873451666
31128,0.11586508815019489
9429,0.1799310241331733
16153,0.20681353319149992
11106,0.0865430578433974
937,0.08736844829678343
8943,0.28793045043356613
32421,0.09013179098149571
24471,0.09342694493665865
15497,0.09226046900629133
27561,0.10794543656849856
32628,0.16557986483422038
24259,0.31428391709763176
25039,0.34871294501049166
2503,0.10466170065361127
31570,0.05231825844031532
28996,0.059949364997784554
23878,0.14951461340795183
5182,0.22657706401308175
24391,0.08277916396367177
13522,0.2470154350926982
31534,0.0822411369759403
33157,0.2858746487406954
30611,0.10864767872365896
11388,0.18014890249046608
18888,0.08994359245435544
19081,0.0921477403662105
18330,0.19230337391865202
10755,0.16995569786175133
32034,0.08183068506959626
13822,0.07271216333351142
3240,0.1268461810988887
16921,0.14040952052201364
14424,0.17026282300209925
18175,0.04825662596809783
11135,0.15324919901204773
13887,0.1443894118630025
9955,0.14375526167069408
3434,0.07184902162923631
4882,0.05554965827064707
20451,0.06040181785105425
24853,0.36225239529642794
14443,0.12233328474102505
6067,0.08733216938041939
32160,0.11765461749305345
32938,0.13960218547135914
28238,0.10571349067716806
14921,0.09660544607482786
23423,0.11743464563093957
29552,0.16116155563839815
9791,0.07656156932731867
6227,0.1425875226948616
14316,0.15338864688086995
6328,0.07767296008272148
5402,0.14604395893113664
21082,0.0911267577872218
12221,0.06703626923022458
1185,0.05401624792102377
32389,0.0748525414300444
8298,0.10953989873308834
26046,0.13167986494448874
13813,0.13288679494830197
27639,0.08191818904779254
9251,0.07650668061276782
4226,0.11012278001359943
21713,0.1127628972173356
19342,0.10362752069877061
14426,0.20318190609047326
30833,0.2750618778139783
7776,0.04934134900251345
2732,0.1778773142721668
30174,0.11906084793148039
7393,0.11068409639995935
32597,0.1635914857350918
24804,0.18876429152372862
9696,0.15992734238713072
9091,0.19866646023784842
8423,0.08211438574442126
6713,0.07095707929417634
33103,0.12191211313867817
4125,0.10533666853482121
15371,0.12717450323927446
29381,0.133489948017189
27134,0.27818165110814896
26385,0.0937685168483055
20032,0.11655365479749734
11743,0.17583119470055325
4945,0.05099041569350992
32499,0.13276533009109326
6809,0.11138473001890978
3954,0.06911524210690768
9621,0.09529024856995645
11524,0.12405303847343503
29228,0.23468114324366474
18422,0.18128556071892268
20781,0.0796558947052088
1574,0.09140465765741049
32687,0.33484782815896375
12174,0.10237854708047664
11544,0.07366797881444932
14936,0.14617204490118735
3421,0.30803914486553496
3400,0.14271880507324344
4428,0.18900741335358262
17207,0.3241442780648709
4228,0.06911871671181828
3165,0.05487168581926825
6921,0.10109560360594685
20860,0.055145409438988824
4519,0.11113264252841142
24712,0.12804132326281156
30310,0.045574625597826796
27905,0.09628312218367407
13468,0.047045573060980055
7530,0.18051758567610782
12819,0.20617636450978782
30563,0.07587890898210616
14497,0.2247764589330868
10701,0.09774076229860336
16213,0.11436420786819997
15407,0.1660886797074634
6830,0.04586150591707698
23305,0.058634367022604286
6462,0.2114396758526815
21705,0.09078842064323762
15187,0.11522775458757083
27736,0.0970991320298305
12712,0.05153642839341204
20505,0.05951377616845164
12635,0.08482459819839874
26148,0.21945292039051084
12748,0.18141459995273898
4089,0.1331648448954192
8381,0.21917269233624687
33267,0.0880182173454531
29485,0.22972958356822734
24055,0.2554965228844152
23899,0.09148860924360089
13599,0.16078909858632343
30580,0.15040600402181822
1727,0.09953867889810204
23033,0.06675715565454651
32782,0.19359203114632384
32153,0.1173998737771098
19766,0.07411163251347974
661,0.06625877284557666
32994,0.06408772856446734
24249,0.03586430347844947
7954,0.054049014229538894
24784,0.10565216437026023
27181,0.1103133695081023
11405,0.1078699079428166
17746,0.12441191588890102
9601,0.1469354813004015
1213,0.17066464696801237
3009,0.0778836706709835
24283,0.09119809277695314
24130,0.2907901669342705
2216,0.055718322122191875
4477,0.17128740321698463
3906,0.10226579217821645
5184,0.1599184985455368
8523,0.10667185100404401
8145,0.09141030510751022
24036,0.16515928071065783
2924,0.029251889161179642
16142,0.11069669838623
415,0.11879772504867271
1454,0.13580994922068948
26492,0.05511558163532387
21457,0.1200153664037063
4732,0.034820074062396504
17140,0.12411472230577943
20107,0.1239782468867012
26049,0.4324730713744822
32955,0.12399098389551577
29203,0.10215647834897405
30931,0.29394017140439127
2000,0.10352401627267878
26034,0.17262560559361612
26279,0.08475136007896439
1076,0.07377042667473602
19873,0.3834555993601045
24164,0.06843560380605691
2431,0.08073727699080535
16428,0.3218108935343986
5386,0.14238620499295973
32563,0.08507186946480405
19761,0.10780185870758711
6124,0.12855751763141463
10468,0.2706104873926261
3734,0.05388509499338506
10110,0.08409642076459786
10358,0.13968058563456498
5818,0.04924622274941401
4439,0.10929853412033466
10909,0.07783046629249002
28535,0.11798225996529647
16682,0.16685086394445792
3186,0.07926735777655562
10412,0.11394859124358449
5970,0.0700893929852919
21362,0.16732051299892964
2618,0.06722386396841748
917,0.12194290212827841
9212,0.20507247023916916
8322,0.08489725696239343
31376,0.08667316227137199
30364,0.45709646549537436
31003,0.09046378622859466
6998,0.031100910293911616
8674,0.11108255965864659
25427,0.09103721248323234
18247,0.11018407694376643
5658,0.09357211215574059
19034,0.06529160331640887
3226,0.0908313461664928
271,0.09895414838126788
27268,0.06537173214093968
6467,0.09166785149753123
12252,0.1629668692918277
10624,0.10084259876190589
13956,0.09672651101122978
31369,0.0782366059907157
1354,0.13694594429069432
32449,0.13279554924659034
11760,0.06894039463072092
19643,0.12936128332735453
29825,0.16968611072829018
17100,0.08064578643899283
22068,0.20782501359646804
4555,0.09107034145007858
32690,0.08547550737180444
8072,0.08622032795041386
8234,0.0693891753879996
14183,0.16034389893873263
2850,0.03961382189116248
20084,0.11790869304133864
24934,0.12993336598632285
28883,0.17656151042348373
4371,0.12969486004039346
10199,0.14552771091051442
31343,0.07183872713129921
4918,0.2818088265045702
24341,0.06513408161827357
29643,0.09529063133966797
18381,0.08311191537999657
5974,0.07217854286550851
19633,0.2229306833361274
12825,0.05047577076501633
5836,0.26143591381433917
24966,0.08462549777848218
7279,0.14319057886292214
31328,0.25149014089203403
1618,0.18047818079447006
32104,0.14529444826868096
7555,0.13659516435296803
8432,0.049147856619227874
23874,0.05712709430967161
29299,0.08357225174508338
16093,0.045134553167696906
19661,0.0355096229428646
19310,0.15152482783084859
29612,0.29200595948313995
32936,0.09016586787609049
30387,0.09677462018390834
26486,0.07171740767758567
10638,0.29051715010720935
7095,0.11085413916079653
33120,0.12347181798345555
17439,0.1432427960719503
17651,0.17146354409038
28380,0.08977696636254305
31955,0.07274054812199814
6913,0.06823923963549555
29530,0.09615455029633402
17137,0.1523688792559674
4987,0.09777000322460017
533,0.0750430193042641
20934,0.1787852362947121
26638,0.09754854676304223
2198,0.19210185199658567
796,0.0945036444164648
27799,0.06631072995898975
11631,0.09088957586729016
447,0.26551681445839614
2060,0.0866063125104933
18956,0.08897299195662361
17495,0.07880336837684526
342,0.1581284111918894
20904,0.09211079398320955
992,0.06125160501467236
12643,0.06662669828139327
17719,0.08126123201826263
34,0.07038377746589439
5566,0.07755658786477644
4616,0.06715615922598757
13569,0.1596963437471682
7568,0.1656300800723518
29996,0.10655080263311664
32056,0.04448810539955899
14135,0.43578854129348454
9533,0.03597087604986002
16641,0.1257896747447106
28571,0.06897270002482088
1423,0.14526608472879354
13414,0.12551558136710236
151,0.1946720740375975
13732,0.0965794757483417
6749,0.0876450381962174
12351,0.3224823781055489
2929,0.20764611345904554
20125,0.08813059455778119
7267,0.05014698316244825
22606,0.059483504742233656
32341,0.3158550084629697
20689,0.09349661116703484
24709,0.09801117192719629
9778,0.15938338453665488
23758,0.10988215603063316
28171,0.050387406859671864
14962,0.2124769502805138
8407,0.12890819446298935
25479,0.11320376894478709
32282,0.09334189134437657
15085,0.09474468189790691
27538,0.14627092617014717
561,0.061974326728053274
9682,0.10865755024327428
14715,0.07505408639689631
30038,0.0717243772375104
14115,0.11844857646927277
21443,0.23486421806979324
9654,0.09282240947447656
31409,0.10046621019261028
26501,0.10647765099865132
31197,0.09814328131955337
8419,0.07090469608780518
21011,0.07790981265731316
24888,0.16854580607168448
29404,0.06027850567716976
22241,0.18317321366626488
22580,0.10034290827912917
29400,0.06457166213308785
25246,0.06429261010494133
17833,0.12397018031947325
29567,0.12034607221993486
10305,0.23214992470583987
16409,0.19306651253320076
31391,0.33314494734847766
10759,0.043225094133297975
14333,0.10068144286403277
20123,0.16317185717704719
6644,0.09991589617922954
23963,0.17379611666812922
25098,0.05831856506189795
5641,0.10402815180217743
31546,0.06612650818438932
1166,0.09380662907979088
7939,0.2057159306635645
31518,0.22469077538849103
12908,0.09143674599282182
30464,0.10090728267075587
32786,0.1246150314875054
21683,0.05522912781786693
19462,0.1658396237209624
30168,0.06683692338530407
30035,0.07292795722105859
19850,0.04046244512945984
30981,0.08051343236958226
1467,0.09149505162967259
28440,0.05399831228018895
9104,0.03523161321526932
7674,0.14746729788695948
23620,0.11201911622403525
24003,0.09744249904061607
15130,0.08155628469263386
10709,0.24869214935770037
14896,0.1103333473819555
31715,0.15536241859513805
15227,0.16033052815810106
30505,0.1443613812814113
21622,0.20391552074280753
12399,0.07013557882302617
14,0.09582074372232237
4203,0.08463216950251638
16527,0.2631565199765323
22986,0.0970482856160274
20792,0.07223885594088453
24384,0.09719468453450472
30853,0.13648235479796436
27734,0.1440198568717828
8679,0.09686869320950244
8351,0.1083334874938342
31853,0.1059967726344778
29446,0.10593392667739641
29162,0.18083420061631686
14410,0.15676590897790174
14120,0.06017945862984497
10041,0.2961085434057663
100,0.10581669656354326
6085,0.1389386853018403
4086,0.0834470375604976
32767,0.10154948298377027
1578,0.09023756127752335
27840,0.12359837530905719
25063,0.07871020896751404
17364,0.19341307890534765
652,0.1443016698697419
5392,0.06406113709317147
17230,0.08497877909312407
11046,0.17171611735681766
19303,0.10460860188860817
20104,0.1401594664952593
18701,0.08579751760093172
22885,0.0964167639859548
27564,0.12890867925158156
4240,0.09469224162334805
31298,0.08357905128087548
29182,0.12906591656543565
19518,0.1040688830209565
14703,0.24062415402402143
11567,0.18315844347889834
20760,0.08892873319098023
29757,0.05833003467250223
12649,0.11806371665050294
30864,0.06502223809979209
14224,0.16238737755972324
13939,0.07529653572992268
30824,0.11159654048891914
2231,0.08750735277529995
7938,0.3318595921686314
2925,0.1260787762956082
23493,0.1314182919626908
18767,0.07606928695750471
23530,0.28413713129325446
18856,0.03705185309398321
18114,0.06347971594572552
6490,0.35853000549658115
29873,0.19039810746072322
7501,0.14503780980542894
27974,0.1061720660366753
12056,0.03963908658852955
15633,0.04406217364050478
27430,0.05642625722812418
10255,0.12406032070290432
14003,0.16703184858402742
19166,0.09835274669553196
18165,0.09903133776611614
25254,0.3512608508992641
22817,0.07594827785801168
12251,0.12490633510015547
28820,0.2069269776185877
29527,0.17099956263499413
2496,0.16183229113864778
632,0.05804987848877442
32478,0.10335927249026741
27405,0.07330377031680131
31122,0.12833963941669105
10360,0.15044553600340813
8212,0.23520390195893467
11013,0.1141497707466702
28088,0.05419198925793501
23762,0.19039090805916356
14038,0.15537315210328373
7438,0.08250460236181673
19955,0.061957673226138835
14427,0.2124393656574971
7230,0.13410577384544692
12445,0.19603952464687055
19524,0.24796194457787546
3973,0.1273903794438934
19585,0.10555915063806942
26340,0.1255683415296256
5849,0.12726013212687226
15677,0.07543343156837554
24579,0.12510852069205278
19876,0.10296821195156211
6794,0.08747312069152571
13358,0.10318589581752614
27305,0.1110229207664616
28192,0.08072106464161706
29977,0.31223956596582425
21531,0.24346899801004993
14064,0.061881556112824386
14403,0.1267976912507337
20199,0.035383136125405515
12553,0.14923315114504376
32819,0.30580120261899485
1848,0.27394135712861567
4160,0.11731984883527528
31514,0.09137250302619308
25650,0.10882117509413364
3392,0.05361017590187484
20944,0.17167462583739132
17335,0.05905492959110128
28450,0.12472249334799908
22297,0.06253480675516876
10667,0.07224229944358287
12359,0.10001056685994997
30009,0.11734296229916696
13224,0.1168023133798759
932,0.0867779948204245
20852,0.0685184429117415
15981,0.1235046836138121
18854,0.13296866545076988
18846,0.07500080386037562
8586,0.08485123024062363
862,0.23611657728531363
28773,0.08015842292577902
27076,0.10558832901186006
15877,0.15891735240894916
11869,0.15872797279364836
28366,0.10642645923698449
17111,0.10986200793891376
2782,0.0835183776874743
19746,0.07989780576039587
66,0.1525720330053929
33029,0.04939452688233964
27951,0.090011579169006
30863,0.22230281777675087
27598,0.06717236148042142
33284,0.3301262463410759
24505,0.07788932052222702
6545,0.2389521101551959
30966,0.046127819868664835
29511,0.15519846755776287
10155,0.07851630115803064
26249,0.12550328094437238
29690,0.10304916229169135
1651,0.09873671115425915
27145,0.1686210998986187
6271,0.08896114862856074
12570,0.26241643432495454
10185,0.12865638327751014
1130,0.07099686990414815
24757,0.11420995625072443
12632,0.06547640120837953
20362,0.0915807847904489
8061,0.05492718875579151
19723,0.124802177806704
16725,0.16962799564323744
16071,0.22641985533649117
4075,0.33453792592287535
26823,0.15389406974876504
28271,0.11241634402538804
30805,0.25061021248262727
194,0.08855340175215429
1876,0.11010353504358508
12891,0.09859335266039669
24044,0.22155519690856348
23148,0.18458256743305504
1785,0.25052623184906236
10889,0.07538738887508106
29584,0.137132180318054
7359,0.14709694134428125
30977,0.11869803207787002
8742,0.09530596589183417
15293,0.25978023201808453
28551,0.13716540011873607
30458,0.20606416683693968
29513,0.08215749795862241
32270,0.09466175778469953
21951,0.1568486667058808
7620,0.1884367506881646
30577,0.15187215281911182
30344,0.11269059506423408
7607,0.12671879542517672
32551,0.12248696838994184
26661,0.12752722192558152
26181,0.10339123087035763
30633,0.11586090874627183
10410,0.14366089344052493
18945,0.12478003503182074
27413,0.0928804714100193
5428,0.07917816924846262
8879,0.09532312637401473
24230,0.22345930064093583
13300,0.16219406527733904
2946,0.43403727863593644
26157,0.11047070972347
16771,0.1993790537548483
15671,0.28978403691423904
32679,0.1672111651516256
20184,0.09376803475045781
3059,0.07005817416263485
21978,0.08168281974586093
3866,0.10131025522487745
19152,0.1076682170523622
6985,0.129890762014008
30571,0.05903718229562954
23168,0.19261806500597956
23292,0.10594805999886504
25168,0.09019066388421502
338,0.1378999478527743
11307,0.11120477327431624
187,0.1902096583559177
2233,0.32525897927103975
10576,0.1526734566905338
30929,0.2593736733004434
21698,0.11924586742130479
3897,0.16639879425819679
11311,0.1197891606775727
32017,0.0795300270979819
13644,0.10886232114899903
16875,0.12353903978172855
23962,0.09915452267396693
5132,0.25481834737964726
12552,0.12803111193582142
31940,0.08042574803899868
254,0.17114799131150063
7426,0.10680435877917686
1040,0.15713684727752872
5994,0.14486243251792874
5715,0.10358949566942648
31254,0.05080379758910951
2995,0.0994396324938815
21844,0.08038204205594762
25609,0.04082028135244632
20245,0.1616697969981112
16864,0.18920981437220646
22731,0.06896850987632469
16299,0.1266823373088454
3677,0.11566535101929981
3001,0.14985710744400657
9006,0.13760280818263512
29092,0.04681271257612943
10680,0.11541361014798539
17075,0.1402817313858364
7411,0.11171739474488562
27864,0.09474155813167259
23614,0.16383293746278332
19614,0.2107553512626271
21745,0.2437414619798348
15525,0.10415919807043557
7644,0.11280332590093213
30629,0.11070401219268179
24093,0.07456716941119218
28323,0.2704590113508685
15685,0.115214320992834
20893,0.19916128511217296
28529,0.13367900960326998
31892,0.09502859797789759
23870,0.30401950021927054
22780,0.05433485655271486
10830,0.10841381743803213
16541,0.3296850968687783
31025,0.1369797175640885
5739,0.08471637715876042
25258,0.06264883406104771
31961,0.11417139900555831
11616,0.28286830850743117
16714,0.12506239522527826
13789,0.09530887673706014
4573,0.07952622999156021
9688,0.07339520707656169
28862,0.21381795172066673
31746,0.3213312430004168
26759,0.27562625287389814
28094,0.12391338108999479
27158,0.09605482011413431
27685,0.09223965857568198
19573,0.23085835338283442
10750,0.1155217950333223
12883,0.1592651358385161
20200,0.13244259952337553
9590,0.12191398035114537
24171,0.22627923606297576
6442,0.0884400595608328
25881,0.2489016533322363
32642,0.046502310951923566
2556,0.1117547021476009
11232,0.10359330080575255
17688,0.12324772379493491
19230,0.11606045295411245
9321,0.09517003607578944
9116,0.08343786257974412
32640,0.35042398836842253
16927,0.07994382991181218
4250,0.14096932533484663
24098,0.21565103002679878
14783,0.07088374866953165
3372,0.09988214302809774
20053,0.11173650432515661
10518,0.19499001166901206
28122,0.20014783679493633
23438,0.08417623510200421
3427,0.07433743324852905
22157,0.26826506449275783
24080,0.05059015687206148
15859,0.19625131091403478
2062,0.07739980284730763
15330,0.14001523494793555
21565,0.09702027207275403
4774,0.10712318619597382
9492,0.19904689296979633
25278,0.14483620094145253
17523,0.0623067984499353
9588,0.1560696902960068
20923,0.06900908011640787
21545,0.31365863814435035
14945,0.1553134815479393
31259,0.15207944654353356
33135,0.07773579939148412
2112,0.14495195312728254
26396,0.22205562580302168
29889,0.16780785692379538
31452,0.2221704887184152
30099,0.097948470001182
32130,0.08405298836645891
13132,0.15487445943882464
17701,0.12323923296105273
30313,0.17859240535287285
26154,0.15176038677362721
14365,0.328290474120535
24398,0.0893222120474934
6054,0.1287030111866837
14899,0.1335649593823748
6735,0.06188845920152682
18345,0.17676322400941882
28637,0.14223549956350376
23343,0.4772806498799227
8589,0.0538877518039676
499,0.1975868283091798
5831,0.07749372490397101
4116,0.15145008560861237
969,0.12064881534184546
4249,0.08321579281379046
17397,0.08397422619192943
18717,0.11550985470578282
11629,0.10959863532539599
11093,0.1041338393093437
24014,0.2227026683790433
30040,0.19831174445650288
22213,0.07049172319310681
20821,0.07285608877363228
20812,0.07256445774510857
5069,0.11988862802639734
26937,0.17308293281213769
25555,0.18290880697425407
4230,0.12740868224738228
32019,0.17943437386419417
21949,0.084799294346505
26511,0.09367380972056526
32052,0.11071584145771728
16075,0.12276038135830815
9701,0.11088257268788934
23506,0.4334804017795955
14446,0.17091148651965077
6746,0.1509746093658177
28831,0.14108804267282282
28233,0.06035105936325768
30671,0.043749842367374954
5302,0.2626149422798404
20550,0.10487618431610386
9230,0.16446018566357518
1096,0.20800896098462682
1978,0.18712690883818822
8318,0.18495754670762596
20056,0.14319310485797115
7679,0.3513250061996946
14991,0.1460385434764411
21516,0.07979255863677344
11677,0.076336734147521
4201,0.15993023890049154
19263,0.1304079454735381
32682,0.1452744212712268
29925,0.14739768811184625
16295,0.13599187609528957
30735,0.15194918031511317
7052,0.088914855070881
13477,0.19619432976079262
33001,0.102341157148098
3939,0.03985147131352938
12379,0.06969112256831404
21028,0.11339625704014691
7478,0.07011099189863472
19402,0.24451140977806474
25109,0.1023787772873363
19278,0.12874274788313234
30317,0.06514136663123514
27536,0.11811200772777392
30389,0.15961002792412485
27045,0.1720803576455679
22819,0.08948181752565507
552,0.10134469251532055
28504,0.07132512154585118
23204,0.06822145618958349
10372,0.1451438478666398
9566,0.09223908347042889
28161,0.19112514829748178
15638,0.08927203621389745
18449,0.1306385759382869
30604,0.19030920384027078
25844,0.08781844524362217
131,0.20142833029406065
27686,0.0787606078513225
8178,0.04477299923734648
21402,0.2400838627294648
28179,0.07700809858837822
29944,0.19997345247945875
24016,0.21902797659529766
25144,0.08156900541969091
4453,0.06620150716340366
31702,0.07721555350895522
26778,0.3403234717459387
11475,0.1793304922835634
15460,0.06263837271682733
2409,0.055457688472962924
18813,0.12782531757002547
14025,0.07368482000480955
5912,0.2674122103309067
10159,0.13850640020456617
24793,0.14410953259101011
13509,0.07640599731948332
9747,0.10350202468607297
25196,0.10288016927821478
19172,0.09067553761535872
1266,0.12580486730368926
804,0.08727350596164399
32286,0.09543254052935131
11693,0.12091148038203955
29008,0.13562070636037737
29098,0.16265596747198877
21532,0.056379944327796035
12285,0.0941247359813766
24565,0.061085697279204466
11511,0.07352547765820837
28337,0.0848505478415947
5144,0.10152184774047882
13736,0.10945808253597306
21031,0.22751550812678523
18731,0.11539819398180139
7331,0.21850600540868936
26664,0.07680987906018341
13771,0.11401237935021169
11691,0.09879147086229108
19167,0.052362440058952284
3642,0.18152306570651827
23752,0.08307953440685788
1146,0.08704481511632312
22181,0.1521353553057238
8949,0.1273903794438934
8046,0.23639791337851546
6597,0.10050193138952518
23589,0.11827160535430006
12375,0.4298040936073784
17367,0.17071625983906055
12336,0.08839308255014307
1371,0.06548309805577351
2912,0.05460853022751801
13781,0.0760806046614008
15055,0.11044128679697474
20446,0.3012950137680176
20885,0.16940623676100194
20132,0.07066758936211301
29183,0.09906917108109933
26243,0.05539957285595658
30574,0.1019072660422753
11977,0.05519590565097087
29835,0.3526358727338833
20662,0.0379676565417704
16585,0.0574108415796539
1581,0.2692171159166222
4853,0.4219100994875706
24211,0.09094627976139516
25177,0.09399333252742188
31242,0.25608961077066683
12878,0.08512301496790241
12565,0.12291174761218578
17190,0.23161966063480913
31250,0.10070487585984716
4514,0.14176970626815566
164,0.13762950484470426
16373,0.03295942268914174
33179,0.08120122489386182
20521,0.25767977302460066
10762,0.11411936383571816
18227,0.26365523556489523
7500,0.10300631632246438
2025,0.2992878784013649
23170,0.1569779219013232
13542,0.1386012785626715
8833,0.2082252599591537
7091,0.09953667317275154
32162,0.119396578536704
11639,0.05757407037507939
3032,0.10336879811992086
15317,0.07896342134821907
9928,0.11427012380275123
724,0.11677185990787771
23796,0.1849250847935156
5938,0.11939793629995675
5424,0.05778785017690317
32200,0.061373061167375856
18181,0.08637690746712298
13623,0.0603560235369333
26861,0.15523870525252756
4241,0.14946493143222928
29937,0.12125444504289618
6698,0.07753304628566973
30521,0.13847872959689048
14568,0.3520920429227733
10993,0.14327296133022926
10625,0.08684416989981848
12060,0.15302370518769248
11225,0.0938548951271237
29573,0.28954451546130533
18296,0.11997362353403977
15096,0.2640677620219503
14274,0.11733422373618163
5534,0.12474440444038792
31611,0.12367017007274525
11640,0.28829968218002894
16507,0.06939365280377131
921,0.17025144497552983
31190,0.060827539664144926
29127,0.15236771344800465
22504,0.12830419724416675
2964,0.09387874174383584
23494,0.0568827225888965
1052,0.17306894063638753
8643,0.08666418097552778
9121,0.05832668067853309
7888,0.2057334560247263
6878,0.044328115283250764
20275,0.09441786295149165
31318,0.18443768509673053
6673,0.1151125546524649
14170,0.10857374923390704
1203,0.10460632140866473
6674,0.08798125765548016
25318,0.12601172432379548
22039,0.11731328802219093
6224,0.09509198532142558
24180,0.0982553029751147
21518,0.07761652573692814
6720,0.3258607295920647
9608,0.0757199408699198
7317,0.2534693706703703
18697,0.13636320834296148
25203,0.16639934152872263
18868,0.06021445471636162
3964,0.09466293345837068
7654,0.09683909553702785
812,0.21644167767384992
12016,0.19093147770513308
20527,0.11576443385556236
19587,0.3364666864554233
14527,0.2811364482842252
7020,0.08697148365964673
16415,0.08209857770701266
14555,0.11313263715585965
5867,0.1469278490166851
31807,0.08757396425363255
9358,0.1401246535538742
4676,0.1128190478521813
17483,0.1594008263127097
10584,0.2273756300632249
9702,0.058630414084829496
14941,0.3174633506625683
6585,0.17409932372625656
31622,0.16138456143478586
29902,0.08478152772280029
17592,0.10399119841561107
4350,0.09216503922698764
29147,0.14825081500946832
18415,0.12638798889088426
21619,0.055246756809287464
13328,0.22635394547459373
3070,0.13286267205624422
3091,0.12936169035488373
21447,0.38537178916415543
10301,0.06819602858629777
21482,0.28459937130806334
11583,0.07301281228925423
11263,0.11600068095658253
5342,0.08528851813481111
17115,0.13966130088829276
26984,0.1454093023219044
8058,0.07154129057692639
2695,0.047668323602715626
30169,0.10911518880817475
16718,0.08507877885625509
17285,0.06924262513297207
15631,0.0962969035578968
12087,0.12176030616445156
28509,0.21676024402807828
21735,0.06775124891082346
9792,0.118529983718213
1984,0.21470315235193074
8921,0.203132848378195
9551,0.12083442489175601
18748,0.16410083444082396
21530,0.11050378420065707
479,0.10049242262363794
5738,0.048160822766615034
28927,0.05813536461671516
5093,0.16130323996226323
27581,0.09857749092282803
23740,0.07038237464648799
27976,0.07463129799498182
28316,0.039388874594254865
15427,0.056013625833213614
28794,0.07571029220604729
11981,0.12035350657555768
19909,0.11016786710481517
30698,0.43882266005209797
31962,0.14687672252970377
24094,0.10293151132419706
2393,0.08586883102800254
14751,0.10301814800038978
4818,0.07723090192983414
8325,0.12179602053318322
9495,0.1042090486568959
24523,0.18625543672485337
29906,0.11527711363109223
3018,0.16082283506074774
18379,0.1139361064992111
28534,0.05550247532216527
11503,0.07136843145228272
22776,0.08624225689954207
16472,0.06148682678344329
2124,0.11292170739480054
21703,0.03815666378344253
5295,0.08175019871625888
24221,0.35856922397224855
21772,0.1161188400358631
26450,0.07108809756587087
13917,0.06674340368125235
21700,0.14499891055002498
803,0.1549802685772499
9866,0.084734405895486
14880,0.10764135224343943
27525,0.12777709735365883
10814,0.18142184897566893
30801,0.11621981261692409
3349,0.10061899446170432
14467,0.3194907819855452
22983,0.08948107376352248
23826,0.12876800792528398
8020,0.06067127700991788
20746,0.09115781296386143
32451,0.07614831039559426
7624,0.17668727998717268
15532,0.10716541148108732
3419,0.1726994879416932
32441,0.14302970810186047
14373,0.09768420211491159
27308,0.13678146469349797
16017,0.2332831111816901
30224,0.32279502679399547
24933,0.33742334178745415
9383,0.2238528939038238
20118,0.151331777338714
28848,0.051546237663931994
12568,0.13346337731052943
2082,0.16463660869202862
18730,0.10718583739979337
32267,0.17422653899027776
12214,0.13161734538905254
15230,0.0952609624758113
19346,0.20263464107695026
32558,0.15056571577793113
4187,0.12221902402698945
6811,0.25318603193788786
24939,0.3487788484419075
24261,0.2328710281845547
20863,0.10343872122565116
21946,0.14483107303604556
29193,0.09777689566809195
26997,0.09431931529812353
2897,0.0920041455479423
12834,0.10991160228140714
1439,0.1094323630365832
24866,0.3550296840866661
29049,0.14175062261252236
2258,0.0665198848146383
12886,0.13542040125932112
26897,0.14592982599650636
11942,0.07713744215425328
25231,0.08988079225970867
33011,0.12712650078820914
22624,0.16388887303945673
6815,0.21657806735960797
2160,0.13295458220093986
3039,0.09329199350598633
5309,0.13267120377464545
5089,0.05197088312220863
22341,0.12571298026090064
8622,0.06021555804226346
12999,0.09582735465837158
21091,0.10304813111748211
15083,0.12735708866646084
842,0.4154098754023656
17293,0.11655365479749734
22428,0.11410740592450506
26458,0.09171445971017565
29491,0.07929348061057782
16181,0.11107230921817161
20073,0.15053817390574792
21522,0.06440099139154498
30255,0.073344047548417
19885,0.07938055396094477
14351,0.12735437835661068
9941,0.10867556572583102
8309,0.09249680187667246
30759,0.10740441403693839
16171,0.07772666105911681
23613,0.11475714022672132
3435,0.130076409988451
7911,0.04475753070030673
18509,0.10671306446838996
4370,0.2817456915205329
26294,0.20451646625475936
15639,0.07744080365333017
17917,0.13099146563198277
15429,0.20583963414890577
13460,0.1944040722794623
15232,0.055816845575359125
2285,0.1878347109743187
20170,0.09408771608365674
15486,0.1230183792500295
31799,0.09707936216461797
1969,0.10003849760718042
4563,0.16973036928544316
13741,0.0796193902494738
17130,0.16825139343273357
1898,0.11885728153505212
27777,0.24074284907085242
8535,0.11731678969829518
18550,0.06261091587269235
8762,0.1132018412032494
31721,0.060093902326389115
19286,0.13006605264865845
19188,0.1530190552851843
32645,0.06223103404406983
9057,0.14906636323694708
15944,0.05299763155672963
14678,0.0412306243430995
28288,0.12203241432703085
27627,0.18831935767656668
27807,0.2589829909876846
11377,0.0903409361457799
4821,0.18980119479982469
14343,0.07618029284495399
26611,0.138267345798864
3156,0.09646042873004647
18733,0.0922859428162709
10572,0.14724342197603868
15647,0.39170242277533
26301,0.06463252219808589
15936,0.09671077699903788
2498,0.11161586963961939
27156,0.07635543796021814
32308,0.21332919352296437
167,0.14339373487291632
22135,0.19485340963284398
23566,0.1083581784178968
205,0.09213834889104085
4670,0.13578809155212435
17218,0.07750590800841588
13717,0.07289066215348412
29570,0.10747551784746827
15689,0.09446884574237076
24711,0.09982494546669583
5304,0.20065789343368248
3030,0.07045982213033875
2709,0.07102566165822827
24453,0.06503878303820088
27569,0.18705687404903318
20436,0.06698855055574524
29807,0.11296956465943839
8132,0.06285019814669772
1798,0.05648355597808471
7779,0.07293264318271797
18481,0.1429885497980343
33195,0.13084594102316677
9958,0.18023725601308582
30197,0.0537834762898356
12737,0.18970162325492917
21710,0.06397371229855237
26612,0.06987933306701734
4091,0.19186780809038717
31677,0.11885010184477916
27120,0.11238740628114569
10905,0.09119568268426943
4177,0.18576882131573197
21747,0.08125364392235204
29520,0.15381024128340218
6197,0.06007934600604528
10483,0.08143445244433888
3302,0.2087364486019536
19272,0.14161707780118019
14080,0.07458253101763683
18593,0.0900666028059551
20098,0.09894581962353403
19118,0.07827791294951368
11979,0.1298192878849021
8039,0.30988104868454813
30133,0.34365690152288725
17634,0.0702397137259294
19154,0.14712386880198108
9750,0.34125591177561493
8875,0.19134950379885476
32843,0.07437370936107962
1349,0.042673087565815115
20242,0.1436583854635432
3374,0.25332740707892465
8455,0.12670028664982266
24145,0.05232184558568358
19344,0.10621453912132577
17796,0.0680252894177014
24594,0.1343763050707095
11936,0.19411649878781395
17043,0.23178163053800446
32258,0.07733789163896489
18515,0.08575521967525848
4265,0.14504432811032614
12610,0.11763999491933451
25345,0.08999569108539102
14350,0.2109576647936829
19753,0.09169033196870986
15123,0.08122705756088645
10259,0.04567549400787454
23641,0.08323419359040475
20266,0.06755316590469711
602,0.07176083634241356
30625,0.15447596129695132
21191,0.12252403639079863
1934,0.32902286419651666
13538,0.07454197445630412
27185,0.17404246958489666
7252,0.1437301202955881
5570,0.20968488057583456
2534,0.1070220548241949
25056,0.12906184086311065
23951,0.12814841180371853
31469,0.057857978659608705
23159,0.2379712112644038
5012,0.1698883644428867
5988,0.07959418307748892
20306,0.20672849726985376
29356,0.14438641702878244
23635,0.07470588157617725
32013,0.14696216456064168
13975,0.09043885394176064
13027,0.10941795038980898
30507,0.12388540865044065
32491,0.10062123788308422
4059,0.07062381123173969
8342,0.09782442090672841
28951,0.07313838128317872
7989,0.23196571215166076
18909,0.08915024620912981
30769,0.1525395800654303
19795,0.12340840732421433
27692,0.13694297230084862
25362,0.057408032854423266
21746,0.11641580818387157
5410,0.13635426169650353
19072,0.0571125709102226
6880,0.04476804942950547
6555,0.10535376372175848
12137,0.12552932531187733
21503,0.06856813493885458
13872,0.14151780012241935
24284,0.38529507285766534
27857,0.19976833609140957
21494,0.059619757326945015
24133,0.05610184983641463
31861,0.11162055221212824
2835,0.03863151772203811
28818,0.2007812685216422
32314,0.08904861934856169
3005,0.162952219241018
10686,0.09505831530851444
6418,0.11871367931312969
25322,0.15817017964509617
14574,0.3801900402267721
15982,0.1636015487467393
11509,0.25575660561186936
7960,0.04085828004391243
23326,0.08627032835123227
15500,0.06485951389902316
9764,0.1833595567404358
3265,0.2259673284137537
3564,0.07717891521397198
26936,0.07919522216262477
12914,0.10832223897720067
4386,0.2533445325092794
11955,0.11068976035857249
19149,0.0879507188878676
24769,0.09422308613260193
24708,0.2457077303224332
5941,0.0701219394929311
27563,0.09659142652643375
30877,0.06264387305496587
17757,0.23011025769247706
8536,0.03608904246527169
8889,0.12150786256242119
11346,0.06693744202401224
8332,0.10503705953322579
14874,0.04650520124881942
13279,0.06369703221420207
7605,0.058351171906510124
31669,0.3031106354085541
1081,0.10388969701106125
9500,0.08842474283391713
26073,0.05275579181755781
24163,0.07721143838630914
17275,0.06076599188934963
27967,0.05065207108432419
4005,0.10910052565699102
30609,0.194665117112842
9838,0.07987679358623863
24026,0.11575118189627019
3962,0.09380979095009392
11672,0.2329229389631002
7998,0.06738007362207656
15826,0.08541431771712793
7532,0.09645974271697894
21932,0.05357503283680711
2652,0.0913402789642776
9431,0.13428566239165923
6575,0.0970214611753472
20834,0.11030642718903737
5629,0.19829155548520136
10626,0.1100550735125038
26393,0.16306288894708185
7109,0.14579684378828134
5556,0.11287623137623394
31604,0.15007351637265665
1211,0.0923004234706274
4058,0.16667492659781427
6369,0.17573533442607
29030,0.0677080874477117
31493,0.075143137099886
13818,0.09493245689124939
27523,0.16090320391186677
24400,0.09205096451386358
25351,0.09043703229624266
25317,0.15971773858257154
20546,0.08993818472391615
31556,0.10167668534066672
2242,0.328481960314581
27805,0.11686578632700599
22423,0.18337567863732468
31525,0.08768318193701992
1880,0.059390273137445194
15324,0.10811783843579369
2262,0.08908928737422367
29071,0.10711803821516055
10276,0.07905281378037496
10480,0.43539316772460435
14085,0.1197396041111568
24324,0.09492312391151132
27645,0.12857901185847542
15713,0.0718552812674805
26591,0.09469825746979552
15816,0.12994983968883048
30899,0.14270609604169776
24462,0.10618390659030816
22765,0.08072134716203207
6412,0.07152457960788905
14233,0.1401377440599722
26197,0.09542751293480892
3679,0.0847312760411783
23225,0.14255674775956761
10128,0.08612189130446471
28493,0.10001029095154232
9181,0.24755804056734604
16281,0.21466656373798648
14169,0.043385857424729356
26746,0.1123296780678835
24032,0.19879796124768861
1330,0.11411234573828687
14660,0.11148451701165302
27330,0.20991304262448607
18297,0.3398899225567539
16072,0.1445606282300017
2098,0.10480668290917089
6727,0.09755933159575146
23313,0.1021632083740646
7912,0.10405103594488174
2073,0.1372040091328678
24591,0.1538618043446693
21898,0.10327491896818154
6956,0.11514888626511839
18059,0.08711381583496085
808,0.08349650803993175
22308,0.11005336205209391
9575,0.15664762460940898
15190,0.18306741519845374
18742,0.3029037031323802
7834,0.07976208473235999
21275,0.16404724918436253
22629,0.057568701012278164
29421,0.10351346282982778
13904,0.08865163480649883
695,0.11684979320093548
11787,0.12956484177030894
27327,0.05590035347947833
13716,0.07861742305958722
27789,0.20181427136648683
31609,0.12000126596477995
29324,0.11698589180894173
26158,0.06717697215543611
6618,0.30914303023185635
20529,0.12193252975257132
2752,0.2594201058380983
24813,0.1285679855687601
28360,0.0974400383854806
23310,0.18704109548643852
20462,0.2360746882901189
5259,0.22657137686540085
10903,0.0964517918544101
33293,0.3249116254792649
15278,0.17022462807344071
22642,0.05463828692357786
16165,0.05614391935575642
4923,0.2127234917769143
19829,0.0749579482013416
19768,0.2622099491605513
16759,0.1275290608074869
25325,0.06868561070330577
33235,0.2737120416460915
13901,0.08321634429201959
3493,0.07100400803703774
8795,0.10188206348277684
10206,0.09002637063598283
26415,0.18022585376597744
13244,0.1813810532321329
29545,0.2075781829049274
1492,0.14246870795277225
10957,0.37354905508431346
5466,0.10191888265728617
17791,0.3852149211734519
19745,0.0525745390872296
6469,0.08761705311509749
22057,0.1905321341062471
6256,0.15933016442931633
11681,0.09717801175161492
28249,0.1729415863374768
26690,0.08962273734597312
18429,0.08350943291367595
20677,0.0768781075203491
93,0.05377538511917382
22555,0.056934817544793195
9915,0.04812426532633823
13213,0.1220426876722113
8750,0.13998716261518895
23927,0.05613303658053221
20391,0.2367653609675865
16589,0.048973539939416784
12218,0.10296919027527279
28825,0.24390969387461267
13959,0.0927049630039766
6574,0.06483862051109182
32245,0.08755071449389391
27300,0.12044157260599854
28541,0.10934225419121145
32941,0.14411737219969786
13235,0.10696041001591995
994,0.05848088876410545
10456,0.07219471175963162
8825,0.08961731870051017
31932,0.10924262393878005
13320,0.11258897528363682
28393,0.09971345817180216
4674,0.20785954904553944
24456,0.2540590081703051
19338,0.12595710139279298
14661,0.23958500152654386
26879,0.13481013105508732
11719,0.05041171482933639
2212,0.039518604786020664
3592,0.23040976862354803
6093,0.06334258912132194
16708,0.1150848667797017
30918,0.12424990864991582
11773,0.1775137796912635
21865,0.05479627846166786
28130,0.11374928986488063
29012,0.2379437771393582
26589,0.06937594244569077
21669,0.06809546727102742
30240,0.09504116068775431
16704,0.2355058768274489
24018,0.26265142480390996
31550,0.10869088627569243
13834,0.10568666774884268
21850,0.08602456430974072
4463,0.12043793678300374
22237,0.07193667238626776
18546,0.11670575102229283
13155,0.08509077652059255
5463,0.19068787445992774
23333,0.14798765984921083
8563,0.10838159269155255
15569,0.09615459002854938
32944,0.10175798613995249
13062,0.06274663044219168
10304,0.15116645826471747
18300,0.07329146275755997
17619,0.06617900034173484
26374,0.1794609926529432
2557,0.06378458046667623
26613,0.13631134991281785
11150,0.18552583028791184
25506,0.10654623512417899
8028,0.051265567318166755
17008,0.055673007411113876
20573,0.07712074270933712
26809,0.12335978273505271
5944,0.06508280045702591
31202,0.09289478525054175
14934,0.09722330564841694
18790,0.06394349364702887
28570,0.156105884937674
7564,0.21329903299247516
31423,0.15335646823717908
318,0.06548111841616339
25747,0.15706932629664458
3341,0.09856424189185496
11658,0.10621946785850175
21838,0.19492031274109625
17141,0.2611789597833908
27024,0.19525128016098514
17968,0.14440184333672454
9570,0.08295004576265912
12194,0.15865545562322167
31253,0.08203211618270097
19675,0.23005288067765742
181,0.24502617172044558
23751,0.2751724979401115
1997,0.21509149267139333
31233,0.08263087311570315
23082,0.2586205676232281
32847,0.10979649726933192
6776,0.20586430569421624
23164,0.0729982170064382
6999,0.15424169985734917
8644,0.07961751115529381
25905,0.04575326614610429
6250,0.09411560739260771
26310,0.19715385751998396
11384,0.20304674291249566
13924,0.13464217903471226
31223,0.31794745820154746
27274,0.12737703946923595
32975,0.1115437300614967
13172,0.19059664013075717
26378,0.23001440279473306
19649,0.2738588982102399
8164,0.22834550087231692
10896,0.1363865972123305
2921,0.09371256053590668
26804,0.17280985816639435
27233,0.3424740845537204
16132,0.06664099855250179
9494,0.09747251811696872
18959,0.09359574978793707
6691,0.2612541846103643
2401,0.08448768311927912
9711,0.16683108254901902
19652,0.10276017867113361
11254,0.23859524134781399
14232,0.18313912925177012
13880,0.15558082205785548
13996,0.20417286387393113
1702,0.06534080284754447
29378,0.09802583852218807
20628,0.0628553056940336
27868,0.11950260173309193
26376,0.07495308853201514
5228,0.12901854692569867
10166,0.06743071689346071
10553,0.13623671286679387
25654,0.08971437673315087
27187,0.08564851781623807
17756,0.100121793485053
14551,0.07010234520780124
15345,0.11328891820081279
21000,0.10432386196861126
12085,0.13379570206758476
17183,0.08270959136830883
3397,0.17612448467188713
21172,0.0890312327912888
3929,0.0351005315878457
28195,0.08518286410729012
23207,0.09993749629710078
12992,0.11509363939475158
6804,0.05225798889963986
23,0.11081966508942835
11043,0.09803383255700963
7140,0.09734048733085988
29334,0.06936984677821999
31927,0.2751910699309058
11614,0.07064979874724348
7810,0.23284249223002434
2066,0.05689570797392183
9582,0.06986151753399866
1916,0.0883085283402667
30165,0.11370843430427408
30508,0.2957922944156076
20409,0.18148580366721717
8138,0.03500099320337344
24982,0.10525495596095391
16035,0.1425049022600677
13241,0.1482065473321289
27491,0.14628416750935927
19099,0.10695899320312842
23713,0.06234299411667566
26751,0.07704603359263508
21144,0.06433139457728013
32589,0.12565370682736737
15393,0.21188261071251827
3871,0.10134566441729904
4811,0.136136364024454
20152,0.07159828499765528
6378,0.07419950323978655
31986,0.15001875030575787
18106,0.17797305655720855
18064,0.10363988987246976
26676,0.255023708775322
7316,0.13023265396257408
10253,0.12057664602249099
2164,0.06819941688122252
17274,0.0824426290084783
18519,0.4357939911345796
20450,0.22262881629314915
29858,0.04799943200312578
2737,0.09936588779768478
5018,0.05149368464442992
19540,0.09367403330290144
18220,0.08013259370683547
5300,0.15321139561014407
27622,0.25522055881178857
32665,0.34299968009905885
542,0.09038011852982605
20295,0.13298059508188576
9714,0.07721237519674937
11617,0.05936844106436807
21797,0.10062840259662864
14042,0.1255057900010365
2091,0.202604844442054
14636,0.12291291804980164
30124,0.11855851187515039
25027,0.09499362210487236
26513,0.08376587525410824
5781,0.06959175711680873
25094,0.3054427242053544
29686,0.15716022139451233
18256,0.0627414273342377
15137,0.11107996866922125
2862,0.08671129607917592
18915,0.15702496333646285
10298,0.09754016398960841
27154,0.1405820374809125
30584,0.10330555861540681
2165,0.10434565160952841
26842,0.10880066400156034
33067,0.07290380427074036
25833,0.26180739551244536
2478,0.19135771881807725
2293,0.2883783551009129
3558,0.1040131357963072
15948,0.18723290743309434
25493,0.1794654170528527
705,0.09320005777515232
16865,0.14058770314957506
21966,0.17507944608514855
9150,0.04374274164109424
29866,0.13197104202082152
17020,0.15580762033477966
2003,0.1469492424530149
13518,0.10855507909446319
21352,0.2228355527143557
17090,0.13141516278867366
28531,0.33786445041757984
12615,0.15259792551780657
32272,0.06699714603832992
1667,0.09432969193987485
4715,0.1441915944329982
8616,0.1414454110668482
27498,0.0675358440081407
15659,0.35025437250757074
8801,0.08971238212006424
21187,0.1295035463986614
18188,0.0974555927936869
2005,0.14526505827055494
256,0.12194782659605463
20244,0.14323501654690232
12282,0.12361612791012998
4534,0.21687964297030624
4105,0.06738773099780868
29978,0.31498469960195424
8209,0.18032863926564444
8292,0.0816757137040942
19435,0.29829435000529475
25081,0.09328601492624188
13606,0.129739277460482
12333,0.3350919294431453
1692,0.08341144418310908
28759,0.151431929439775
26327,0.092314004016228
8155,0.25834167301583644
5622,0.0746863081792459
5631,0.05574693583314759
25082,0.15641627165617605
20945,0.07036829539236895
6666,0.06538369629030405
22189,0.20993060734845692
15623,0.03890311155251675
31582,0.1633432990773413
18850,0.04682451365110941
5927,0.12851943765861082
7328,0.14141846641167038
20580,0.0729468100691039
2723,0.06042705469198962
3882,0.07854494475483549
23831,0.20222256808854716
2064,0.0861619727160322
24833,0.10255930529085754
8803,0.08506137291970864
23651,0.06653786326946132
29129,0.08561194476945537
25571,0.06215690310003467
23670,0.2439746115081333
10207,0.09685792308786736
24429,0.039610093441366054
18688,0.30085238586717217
10234,0.09894919724481288
1532,0.11151552731386608
5909,0.07878920498525253
12404,0.05392569558815448
4783,0.09368116750135086
7856,0.08421435320573853
31922,0.12798962285571266
12346,0.17753153198168073
10251,0.09583327221406074
16552,0.30219900096898505
4363,0.08170477159175195
13827,0.05487905677983364
29928,0.04206505764662543
10402,0.20854904084960654
27927,0.20358046789411643
22806,0.057541193804799946
11143,0.08730162497252043
4597,0.08848732849852678
5008,0.1281156163384852
20754,0.11098328514250337
10707,0.17352300319501113
21809,0.07517992466569236
3012,0.1158994546520486
20160,0.11199379249229405
21407,0.09281157092444503
6586,0.1095852389314222
23213,0.09449740613090987
10226,0.07793363026552297
3046,0.09252505152697611
29430,0.11039468193174146
31159,0.2507453501754417
32189,0.13019660839669905
27878,0.07818854517781815
8268,0.09957739967746318
3707,0.07920597588752296
18174,0.10774165075291957
11593,0.08628146072641175
8953,0.15552961987271757
30702,0.15065753823825956
17180,0.07695652339908465
15885,0.10055935919695087
17215,0.12952555590972634
16965,0.0945337371919278
31425,0.11369971886585574
22272,0.18806652208455402
25288,0.29023794364490174
29353,0.08266423900579035
30906,0.07354856957423676
14140,0.1407844673408136
20590,0.294990916848756
23538,0.09763699362183234
28897,0.0849268915786025
29463,0.08572822289541941
5600,0.4080487454102778
17477,0.08958174337517141
20933,0.10648033276693086
23799,0.06944921608827678
26281,0.19611534453066515
26932,0.06335305468953313
2442,0.08786692971187358
1530,0.1322832176948697
18584,0.24485205270331956
25829,0.11824753698754656
19111,0.10151006178605312
30783,0.19717986797205334
1660,0.10360295177784073
28016,0.10409675005000311
18149,0.08094256107597382
30291,0.35414377936576397
16334,0.21170104500129877
20432,0.05673206320161142
3134,0.07975585311098377
3683,0.11750050336715992
2615,0.16965127893984444
33331,0.20615624814502526
31463,0.4452345762925904
15867,0.10352930422971267
29647,0.11093321388235051
25865,0.10770653774483231
2760,0.3848497740085579
2481,0.20997874953425724
15022,0.10431592389512527
20988,0.17675121439211267
25205,0.061214679380895066
16285,0.09451983221371212
8728,0.08467280895072497
32304,0.08353958006838968
2605,0.07187151478967313
19866,0.08482472311111393
9607,0.14743744423239238
3281,0.12110674954668413
16107,0.14243720644088903
14606,0.10730513560878462
28019,0.1579749256162429
32167,0.12618060029461767
25965,0.1202340760903799
21756,0.08633301963995998
26942,0.07635006877908442
25102,0.44475460576891124
7464,0.14748387915847205
18388,0.20971544723649624
12274,0.2316310444625023
3450,0.056906782681687786
2567,0.06791045866754404
20516,0.05910068689129046
20832,0.13501122658666012
19313,0.11656201630925261
17352,0.0687200619584931
33323,0.10359743160668113
10030,0.0732263146491545
2318,0.15223092489410572
20906,0.10532324494064478
8858,0.06396019219483925
32646,0.21626401924095984
23817,0.11099683786345076
13903,0.11122383172408251
11000,0.06205066992183422
13264,0.1855271117056468
31836,0.20032206630246896
3628,0.09812895104349093
7259,0.04381357088041303
26488,0.24366853119961618
9594,0.12588580105751923
24812,0.06502571809668298
1879,0.11578781380954928
10107,0.10009827018100348
16529,0.4847306392385289
22680,0.11579650103104279
1589,0.091256576091317
11415,0.33848380311674403
24494,0.23536743992436585
9413,0.05172152462049643
9456,0.1948415576123956
3386,0.0760050163379951
29200,0.052850916217921325
3812,0.06807982884078667
6329,0.11699656886604456
5572,0.09404061838237748
26391,0.06947465594225269
24817,0.07050521008906467
22312,0.08105380665375915
24466,0.08704021545057175
12417,0.0775840651719086
4948,0.07635363167449834
22994,0.1555793017752419
9005,0.23122746609737987
646,0.052501416198269195
13987,0.04936206626675118
28333,0.2672343323986436
21780,0.15857071215437626
22388,0.42075918903007287
31578,0.13281850414690158
15618,0.05988640973492448
27688,0.082436905501301
6012,0.08175985476557994
13626,0.11433671899869256
19114,0.060459903166784706
5544,0.10295261520254637
14923,0.08051821525552799
6268,0.05638340150916637
23215,0.06908372335648294
22199,0.13491313896721743
1408,0.097976142901619
23768,0.09934743196135866
14247,0.0709311172722605
28945,0.08483573166436363
1416,0.1506749463033301
19843,0.13301207472064064
5262,0.1556756190525445
21004,0.10454157649608997
24867,0.4058697635310945
8768,0.1110349657682943
13570,0.09612297565423901
6312,0.10544123531287149
32096,0.16218596183131004
2093,0.05554393712927753
13714,0.06702811865290462
13256,0.32923315135100983
393,0.11168692687690193
27832,0.15063011667981144
28346,0.11041161035756862
20629,0.080586896538858
22839,0.19886763102911745
8896,0.28041973263042486
12227,0.09019645772716688
26363,0.13007433266972887
25508,0.09919253824847224
29392,0.15027295723907355
18301,0.0958705912843453
3389,0.09105922716240324
10047,0.06706257587994541
6,0.1207221006324482
9282,0.20886427616923475
25353,0.06610428537239889
8964,0.21120425832227357
18005,0.09133676417261484
10506,0.12604526322632204
9902,0.19889961860795852
1686,0.19701091845551608
8026,0.06618073604196305
19663,0.31811048353196575
8283,0.05113879123838783
15161,0.050043581941928206
9874,0.04678592706805778
6853,0.3686704612332685
13382,0.1258802639029012
29833,0.264348939671247
28144,0.054502441200330834
30768,0.0987981855570962
23996,0.4217050774112335
1400,0.10507088880857193
22120,0.09380403513434842
17965,0.2536413659373227
16342,0.3154902165515689
21122,0.1021521063880061
684,0.1646028268064067
12372,0.10088411176054775
27193,0.13519748397990014
18841,0.05576099377606379
8010,0.11606225150340074
9381,0.07304969397634993
25628,0.0687829889943943
22518,0.0764852588916343
1456,0.1651600470298859
19140,0.13688607232907649
8573,0.07601720541829633
33102,0.1835132007525715
18935,0.09678422687453857
26812,0.11743113063270512
14997,0.05212104504348674
14630,0.08942732418189897
8211,0.1490939888413688
14650,0.05507145135422052
1591,0.12380223737348191
33245,0.30213822985556604
2317,0.07362805433604071
15327,0.06378877760870541
21919,0.07994771771855415
25073,0.08610044477230844
1074,0.0831557111618233
21952,0.12361635036761713
3463,0.06678530846077585
28133,0.1189028499201091
6435,0.11573946073169238
19077,0.13987207745857813
18566,0.02843188109575569
12126,0.059995341525846894
31859,0.14166187470465041
25852,0.10563993881196909
21987,0.04903272589983004
13648,0.07719602830919256
20910,0.2704439491453766
30453,0.06859828580693803
183,0.10191054882942957
1420,0.09535707365995158
8916,0.31468642748381703
24508,0.06507699161266282
11199,0.17968124022374243
944,0.21356066396399284
3028,0.04423984481078682
7203,0.10533423286942624
6114,0.045795716443336
27113,0.3017440106457629
3574,0.07041871971265037
1981,0.10741455890390073
9568,0.12164876262817124
9728,0.21411949904877126
24878,0.10728069269599641
8053,0.07035214123851445
25601,0.07191993933050819
19962,0.1285859990539595
10574,0.05472129444136996
24775,0.1282208056754211
5917,0.10394186768724092
33159,0.23144532263571083
23400,0.07991713630800594
30917,0.16490512977617236
25745,0.07678722181893201
19967,0.08290049268779431
16137,0.25489969211975655
8352,0.05889847549520826
729,0.10051428601185201
2923,0.19944490955063504
13278,0.12570670329510164
9638,0.15841923575463074
24761,0.0963692126788076
10705,0.06267350021887803
29550,0.09822082575863625
9284,0.18855074242732528
32438,0.06003899231822776
3453,0.07043032885248303
28335,0.14616346624964213
27562,0.12997571690948886
30774,0.10989475779310633
9965,0.11202703649775417
6317,0.13110725837689566
22165,0.14704069414500265
20518,0.3044516260653239
6725,0.30043558490747446
22108,0.18456424731224047
11656,0.27114093707743847
9699,0.10050822824518778
2748,0.15103745727051798
13573,0.09801044134100285
1739,0.0744122105436552
12711,0.08177891708785913
13339,0.30981699121895834
25485,0.08619196785750005
23424,0.2306628480459176
6149,0.11282301599602486
29441,0.31247418467938065
2299,0.2118071436285129
31157,0.3036942559925971
26537,0.200640695481458
12773,0.08970499681821453
2517,0.10544043655179255
8937,0.3598135636280531
5736,0.07390489275154355
3505,0.08653319564096235
28070,0.23161074542965637
27716,0.08778548145371998
4134,0.035249546038182936
7446,0.17750643226035934
23203,0.07122956622707724
30619,0.18685419585396998
2683,0.10708795040902429
7176,0.07320559293043853
19405,0.22591158580867476
7269,0.1094717146315525
25840,0.06798461338218176
27641,0.06791315577846808
13908,0.12854722621653838
4015,0.08892644240593196
33008,0.09435766810023878
9444,0.09790095971533395
14841,0.136109591290023
22602,0.14816192764866903
16385,0.09510343785373845
2055,0.19522562834934148
24369,0.07215647686268345
19969,0.23812001718347678
4620,0.0509826715788923
7240,0.13875321540024194
8645,0.14345005350462442
2380,0.04752235206430669
21510,0.3141232801236656
25176,0.08052858040800451
28309,0.12055217833905936
18700,0.06941120535536638
13852,0.1862050661884687
23354,0.055225677611206093
29314,0.05894792243513558
14781,0.04905349237604398
27455,0.13082991341333225
31624,0.07004270527560005
1391,0.0765040558065449
29395,0.03643122081559233
22066,0.07357132413693919
29766,0.1230459709110268
10689,0.1431122475996456
29663,0.10081284103166623
24187,0.11707389526604896
6118,0.08635112592158359
19094,0.10636221591100832
31596,0.2392945969940535
9315,0.21093160153990553
7012,0.37212802891227603
32186,0.18981357234869312
20907,0.139883794053784
5672,0.048729579035543466
16871,0.08205257972719644
15323,0.16900188901507926
29645,0.29306316228727936
32493,0.20841564723537456
14818,0.43437862314998144
22298,0.10954839607332606
14569,0.3876720503575415
22841,0.2512294434149911
11703,0.07420897444313342
22584,0.16929297926019532
4913,0.1772406267488601
1577,0.17441771468043166
23286,0.180888468812444
22442,0.37520947881362837
22393,0.2503685309985937
11471,0.08223388835080084
26443,0.11309098313448124
2613,0.10006007511000527
2716,0.06243039120513089
21134,0.43566118966206147
14596,0.13571123773678717
14152,0.11944775567946714
6609,0.05027055198274463
27625,0.10499480367551284
9674,0.14762130698710982
27590,0.31423016167870943
8004,0.07198752488248297
17301,0.09086826993203549
4630,0.25608538477005577
12203,0.10240719305408373
33088,0.07734794332690409
30894,0.18628735047215653
20791,0.21508227159202337
14870,0.15991435737091406
33329,0.1074389416241656
14786,0.05493045626234426
3524,0.112107535637763
15590,0.1290418240119415
3371,0.10508805976164143
21818,0.10467864142847393
23575,0.12307582699306838
7553,0.1050967470963626
3743,0.09664274724739834
8189,0.11234231347764254
22183,0.04868964621604248
20071,0.1445776669195855
29189,0.09039759736165898
28736,0.07458772655095358
8337,0.04331386182522162
18183,0.08109338312043446
15298,0.18222117245271421
5539,0.04624155211649566
4231,0.09903811094651081
21303,0.15470706873744214
7398,0.18225040445995602
2416,0.060740599077910636
9029,0.12636314629656353
14561,0.13756783481816368
27065,0.20990012262911303
28280,0.1994089284466709
25698,0.09014137147217202
14210,0.054074510783637696
17001,0.07602396033109089
26771,0.13849824572861927
16620,0.09545464339837312
3526,0.07278207304365117
26756,0.09303581848922807
2335,0.09233515732665579
27445,0.14155102988738644
6494,0.12721046089106097
20711,0.14873361663779705
3192,0.04501998377256335
11721,0.12299022397748682
17423,0.1033801971923416
1952,0.08037599777998365
27861,0.28927958593471165
2122,0.31557510797629645
29108,0.13075547507645038
335,0.12101346446280481
25472,0.0713751149406637
25216,0.2752446412985217
18018,0.11601493243055534
16311,0.10004927835692798
21010,0.10563059713323873
30296,0.08912650197157387
13461,0.0429766721705084
9833,0.08737974865571746
21163,0.06385393160479312
333,0.07172524875232476
3697,0.33777535480001303
982,0.15024499277824663
22208,0.07078875830859105
32329,0.25355428761315224
2781,0.06721141029834234
30186,0.2539507335143783
10246,0.1058694079335032
31750,0.06590767694393869
4894,0.09898253663856812
25966,0.07273579772386188
30351,0.07057177917991539
2614,0.05955759143166985
2694,0.10036048655336605
11129,0.09396025677433364
9690,0.1896647389586158
24194,0.06156514322405051
32496,0.44291568105640144
14177,0.057436882998969874
16902,0.08719378881808179
21632,0.03913489373884141
24821,0.19857983225480433
11447,0.18543811373541527
4973,0.1198446234421513
906,0.048191881848821845
31834,0.11650661923688883
21022,0.05709906209681552
12212,0.06915244036310234
16160,0.18673511413253888
7380,0.1126632290155868
1500,0.10579575680022966
11649,0.2275879278446599
6648,0.1274719526347847
30928,0.186982833599553
22013,0.036307696145683944
19097,0.16166816102229783
27028,0.05723961660695497
16834,0.044797309240027776
9574,0.1167882199237141
2608,0.2216116287964885
16553,0.10065204960756004
25007,0.14510703863123714
15541,0.12973613180527657
15103,0.0954209578833774
25543,0.06986006066375379
32337,0.06879400987805841
31676,0.09792731546349122
14161,0.04663740484879043
21984,0.10339914311778421
22676,0.036442592716306364
3578,0.08201178697537218
2718,0.17905981667115678
29149,0.09241399788427844
13851,0.0823400915596513
26255,0.07652010250970613
9578,0.1293110121119382
3931,0.08722561598330739
5729,0.06925766133506821
10565,0.09916669931171893
17127,0.12898055781006135
21864,0.036329891806940046
22151,0.06384916285362043
12398,0.11720004659372697
29809,0.08815748610077373
26502,0.2529194552854387
6923,0.07975802269960118
12062,0.16735083901150813
5923,0.06582860008227517
32450,0.1641597416918741
31652,0.04755059321999642
28308,0.12034614083071943
13986,0.07037962155100068
4525,0.1177767749939638
7715,0.1584049713554327
27301,0.270010294292058
1810,0.12153683535507952
32612,0.09505191159254109
32292,0.18175530373887128
6679,0.20746767479280726
29722,0.10742959755298859
32504,0.4515462569337126
8839,0.07728481887491712
32411,0.10429711414592475
27189,0.16370370479566576
11776,0.12534952959701914
13855,0.08516171376115587
4974,0.06505463611674764
8891,0.10386147305193914
23854,0.09928170911569066
7862,0.05449375651354826
12005,0.09484393200254676
3596,0.08257714692098451
108,0.052262098204447445
17433,0.0862172930146942
4108,0.07650845364177972
23186,0.22841934803960007
22922,0.18076288691054512
30293,0.09174454068443716
20574,0.15641959012640458
15678,0.2854396265453311
2588,0.0572821197262385
10083,0.11216323435338323
6826,0.237812564992783
4652,0.06858652074353999
16099,0.11502308211950593
2623,0.1094639440293586
9743,0.11492741894897354
27135,0.1983959338029167
33091,0.10105377386501924
11111,0.06616704040702014
21807,0.15377988913460683
25556,0.09477520810923144
16877,0.13078847730089643
27524,0.06404789520726738
15956,0.09452775136535872
32919,0.06841827408385807
11608,0.04429215355829835
10290,0.09993820206969721
23628,0.16633369274711754
31784,0.32774213996579576
24272,0.14425941525250258
29119,0.17481624655491612
31301,0.14856100804003258
24,0.04499583148464406
27775,0.09404288676726764
16995,0.15215944269945653
5999,0.10592544584483883
21037,0.1958116235717559
18865,0.09078478175065134
1036,0.08185890190694897
1295,0.06266638649938035
9795,0.12713829541595073
32248,0.08748171058064264
29343,0.08518749688201653
26709,0.07158032618480935
17763,0.13431093322880458
32586,0.1092026373768322
23906,0.0949536878210485
27379,0.050134744182108885
12521,0.06621870069815454
28572,0.10799716173299656
4214,0.12319932631683053
9312,0.1091667947845844
27206,0.1425662257926402
25569,0.12446432762415566
1690,0.0995434448385769
32537,0.1008300481136016
12812,0.07831725293369472
1202,0.12274364544617615
17938,0.09280496699508223
5226,0.09497160242544025
13594,0.32233235989439935
21868,0.09335893233420339
22278,0.2039714271190876
2149,0.09892579582814927
6415,0.11316932983352365
13790,0.04732760924126376
20365,0.0976626616999952
25069,0.19048582037828285
2448,0.08156198860823392
2734,0.1468155778727834
6501,0.06456568211363005
25872,0.10070266080012417
29202,0.09708590677744426
20455,0.3009044658451272
2596,0.07593131823574112
20268,0.07316079632668432
30990,0.20253370078758468
7807,0.051163831108093964
12925,0.30804526339031474
24174,0.16286292539566788
2125,0.10231473245794583
24571,0.1014932198081621
4006,0.17637276679296746
13873,0.2546954004880973
9433,0.09275162543560991
28397,0.04288257661351908
6088,0.0801592252045475
6971,0.08437909075339112
1022,0.09015212437087622
21364,0.2118339762304574
25547,0.06525368827888675
27698,0.07406231974626692
17233,0.07589087866269174
31537,0.06463563524671086
8959,0.18903460271781866
15108,0.06089231748381417
31027,0.24285885068042243
14391,0.2197723083360254
2648,0.1346614535231134
10114,0.08604964589785045
20856,0.07990418690731196
20499,0.11045603878019165
8979,0.15908034957223224
13899,0.10572282480016304
20773,0.07764757830060345
7851,0.06251150297440318
3190,0.11759898149699331
8068,0.0766143115748877
32627,0.11969361755229337
21970,0.057638862071361006
20764,0.09844294722739425
17254,0.18937686579143023
11072,0.09166640821241896
25057,0.04978606432054507
25257,0.16854878946148732
6231,0.14882507380622867
10587,0.16429970678656453
26698,0.20894474956837966
27703,0.11919990894283577
8702,0.13807644511501294
7733,0.3517216599478334
32420,0.12227691828650596
25735,0.16614221831449466
24193,0.08595091724241191
1809,0.1860802046539383
9585,0.10113247560133014
19842,0.051727600779029805
29493,0.10609521097858755
3203,0.06505910550257289
32254,0.1884126504680128
28608,0.1566637604154661
30051,0.12377688123857195
12906,0.10270166516208046
32296,0.0886018729028659
22913,0.2344473172530228
11964,0.19966386371412576
31812,0.2545072230733568
7494,0.044543259451165496
22008,0.08493451063303589
29492,0.14326145446715396
24899,0.18264046197885275
20983,0.07544930854257187
13595,0.08093252204914768
30743,0.1817153187794393
21876,0.08189367071188584
20232,0.19893330121667943
20837,0.09670670375128386
2189,0.05855657769280741
24587,0.13059462005387315
9726,0.11990438984197986
19343,0.15373710162175677
18521,0.14298852906987528
6206,0.0651267471405107
6739,0.16007909803446838
26482,0.09793106774187789
33344,0.201312498530498
21738,0.16090480259729847
14430,0.162521521836999
5364,0.09949489824456623
4397,0.2075520161671994
12952,0.054006172539382245
3773,0.2864187154927739
33334,0.09323639378665945
13042,0.11221556567486583
24485,0.06507427699405854
23987,0.2757640969680186
30209,0.05269088082371308
22058,0.14852877624158475
12050,0.056054887618135756
30342,0.11036686735355133
28253,0.0971423554049052
26728,0.11759002325959489
6219,0.11113230732105767
1928,0.3567373814516219
3081,0.08630216795180155
15801,0.20014740228471978
25328,0.029609690896133214
5807,0.2863814142107811
9153,0.0829774074223097
30290,0.16230419204421498
14334,0.18905062811895593
3259,0.073094311758313
2135,0.21284942393291215
28833,0.3563448828427773
11574,0.10149817833121508
4800,0.14649136148056577
10316,0.09329914486586714
1088,0.13469481530796681
19214,0.2082505996882798
4346,0.10935138466729587
2092,0.07285375803016311
13655,0.15305125259495958
28758,0.08269527185158612
10108,0.1320120046431481
12152,0.11246332900221395
1614,0.10192358294453953
5369,0.16138389287847094
20037,0.06347298167357338
17259,0.07949628940603755
6316,0.042011274004264125
19537,0.2494855543256279
10742,0.070331540543136
13811,0.04550306730736678
18652,0.07886340967778062
19276,0.15940839634838838
12431,0.23709954231293703
10439,0.05352775332201793
1803,0.07766430033340757
15358,0.1306846507037944
20742,0.079001145570921
17204,0.059755476258669116
23381,0.07942328312146688
15294,0.3148521308983475
31828,0.06107623572074545
28939,0.08105477857116228
4609,0.09089503011677122
24480,0.06544778893887332
12027,0.15472261320408495
9038,0.08007654539182163
31662,0.16696679452527724
9361,0.11713461261550324
9785,0.10827618569086193
28388,0.14326514464005097
32281,0.13040237915792743
28058,0.2507526887409323
7719,0.12983909603617558
4223,0.04704116556258303
5376,0.23585211231833614
32222,0.11077500713798585
10123,0.07181791090970836
21830,0.09948012314541158
9646,0.12794689002366694
27441,0.058171315323815025
28514,0.06664197614022935
26057,0.09675837958812587
24510,0.12110855411082797
6521,0.1858536841026864
18431,0.15941854050310145
10391,0.09828625415970493
1527,0.09268912860798192
26009,0.13500951509873263
25137,0.07687247300582886
3756,0.08206628281336796
16349,0.059700002701988296
29678,0.13938515304640756
4294,0.05174672665621899
32495,0.09741768023541025
7859,0.09383647080745623
9710,0.07963456727209331
9641,0.13548830059253025
1977,0.09100206333297131
6203,0.050873830823208906
12684,0.1724149322615116
7419,0.10760555376328326
4480,0.16160597757171177
5242,0.10982947301202706
31988,0.11397005716212227
3078,0.07555089429154782
31773,0.09034204412736081
32498,0.1289882935779509
27182,0.1449749493675672
478,0.12275264980544433
31640,0.12133557215049914
15697,0.16521729919152336
30201,0.12724023618922048
25509,0.12150454797160717
19381,0.22003035053335152
2329,0.13970208831607156
16683,0.06700293467527425
17836,0.19228059923085847
149,0.10198096117102731
5546,0.14262997234538247
283,0.08979432623983319
22375,0.13766588134229188
22029,0.17392178054174787
11432,0.10754642561899887
5313,0.0654077299304681
9020,0.11186264707743498
29560,0.1332001074350677
25928,0.13476803393601972
8619,0.09964801200592824
32366,0.07665410544676422
16850,0.0785946507490677
20189,0.09021062382129505
7248,0.05581198211593653
25848,0.048775190651493515
26940,0.10382018959505625
908,0.056125406794461624
27884,0.06428198499834498
23098,0.11331882284728759
14409,0.10224157212072586
23910,0.08139462915565004
18707,0.05983588202204353
1602,0.2563529877193457
5769,0.07692399078130185
18780,0.1285798754227823
13513,0.09344389209892782
3043,0.054218320306868496
11811,0.10255859627897786
7475,0.08356961860675462
12722,0.03820381180801041
17051,0.12746240769234113
6109,0.07218478859400493
20671,0.12351702871914697
23490,0.12554804829811808
23706,0.2145960199983378
4021,0.1502697146206988
18050,0.1134956688132292
6833,0.05967291612265856
9950,0.07088426219744885
23301,0.097323173552084
3938,0.12360513619486528
11397,0.10568447021328199
21744,0.06477798108216626
216,0.10117387816171071
1246,0.08862174551808828
1463,0.09979498943708298
28830,0.32494944237448303
63,0.11564175852366947
16591,0.15792893705318742
4637,0.06221278047381272
11054,0.12863010851840675
30088,0.07212632604434029
18832,0.09395922885394119
18469,0.09000026678542503
17535,0.11118372109242157
31508,0.06258552177811448
18741,0.08448968797730766
33155,0.3129759303143621
9542,0.13457883044108132
3902,0.11013142499257819
8021,0.13705057038796156
27276,0.15632348628964082
25979,0.12704973771092465
3817,0.15577240259636876
3923,0.07671142335147596
24873,0.21504217799867262
28653,0.22263297091648118
14545,0.1406986477518416
17398,0.18045052685917495
486,0.09207164901513903
21406,0.12157742107162171
18488,0.14410747638194366
6695,0.054986864247255546
25934,0.08251281389175803
19352,0.1116535693543551
15118,0.0938707643917565
18238,0.09350709774150054
9672,0.10594463067660546
14437,0.31820845933612874
31627,0.1634833465924539
19288,0.07621334758726865
17412,0.0933329819852442
25227,0.047119645896744576
22142,0.38418118709905513
27317,0.26261770844578675
2633,0.11282414506885298
27999,0.1271693982775323
26720,0.11539925379513064
32193,0.08687796667641921
16711,0.24953599747228628
11858,0.0827757095083901
353,0.09344181433979513
2908,0.0688443760886351
9938,0.11040163584946774
10451,0.2564732088556859
16440,0.09271034207111761
14495,0.07809877070269262
14980,0.06363344255832777
7768,0.1296114288003056
22636,0.07207357511362547
33360,0.12025417665619068
31577,0.34880804960836825
408,0.13716136440728485
8339,0.06904701694075459
12697,0.05289335276366906
2585,0.11302923262891049
1994,0.2266473327771932
14250,0.10495179293287091
28340,0.15324552005067898
25776,0.08307175673783505
30885,0.07858386219895494
21167,0.1630385178707723
18910,0.16569961263921715
17632,0.14346460997682875
9670,0.1022092558736283
16124,0.22885721643934284
26337,0.07410410533049426
26758,0.218789579949577
27034,0.08932702131632256
10124,0.1282570156902373
21774,0.11029137023965398
6260,0.16512814515108515
24549,0.03746830522107292
10356,0.14515486466209274
24787,0.17048827548197587
3346,0.07107671917292344
32290,0.26253673022718327
13499,0.07324587667946204
5945,0.09669217609308212
13900,0.2847099434329888
16061,0.10451277948438602
18491,0.06906696841280369
14644,0.08569201299508536
12343,0.10675784266095678
26714,0.17247647319908985
14029,0.12681540409610234
15355,0.10976286981148896
21927,0.08672406807226095
30962,0.10684350199512553
32620,0.15958447453855573
17472,0.0934387910091067
23037,0.27253623730210874
19764,0.23770489410678877
9679,0.1539784392324743
12414,0.45170669125008367
1912,0.2972087547418746
13126,0.08893681237047024
8430,0.06470661210314607
10377,0.15006505084448804
7836,0.22704475570407975
31428,0.10894559109486204
15562,0.0907223619298897
32139,0.11563839763759966
21480,0.2600271580426065
24489,0.07255802098484483
18007,0.12731711562525994
25135,0.07682145226171556
27150,0.0944131294073101
6471,0.15024611960368214
2630,0.05674647802552735
8710,0.12747895548807942
24392,0.07225315836470542
10242,0.1269934291107107
26120,0.12283769199885299
27350,0.051330725531433766
24216,0.07499378314860064
30276,0.09879372492243592
23521,0.07726933818157287
28040,0.2087583533442723
7481,0.06802932548880092
10353,0.12586971503973915
2944,0.11235961647426242
7239,0.12081962735425002
13141,0.10076438401355273
5349,0.3242972056855873
3919,0.1917447108808764
5118,0.2270233998543403
16863,0.07006515175629092
27447,0.130065821197057
11521,0.07273505130005918
13476,0.04475027423927183
26232,0.07779071859416994
4999,0.043057866302201236
7751,0.10028083696825014
17689,0.09453843701635053
27727,0.11756136762575316
28930,0.12653709689979978
6654,0.08683061672811775
12011,0.057801873286791525
20159,0.119059540548888
24319,0.0775658789731645
17962,0.06205420403033078
255,0.10286363038836159
2291,0.05355515788847456
2799,0.07853702918521903
29213,0.058189914640199784
19817,0.2531126488297362
9066,0.0911369077096627
13466,0.09641959276640653
7447,0.08552322968995188
17923,0.05844235963112892
30421,0.18713802607035793
95,0.10531683157753362
10898,0.08401836977434994
24161,0.20814587663425677
31568,0.07523112981325861
2348,0.20720515117252178
20745,0.2688078206724163
6668,0.17659390849992307
18020,0.05518259975613422
1385,0.1318324882647438
3741,0.06459303187317417
2661,0.10758550154403425
134,0.23107148766411978
4281,0.13387942678803688
5203,0.31867817962873596
29968,0.39181464980329533
9426,0.12716288737222226
18397,0.18763123364515802
32392,0.12013113041167262
22734,0.09348635803368358
21777,0.06295578891320919
22959,0.3292588120882598
19021,0.06386927746926345
2902,0.111155665071064
21633,0.09052992236123636
6653,0.06360759773522073
12963,0.08035893753020555
25868,0.2617450616942576
24157,0.15166993462456552
22411,0.3605312841969915
2885,0.09868886771935426
21217,0.13942509354912935
12248,0.06400667791086476
32400,0.4221001675232057
13742,0.03603332231385751
21077,0.13425606307117086
33034,0.13286337876380835
15657,0.07733256564726404
25786,0.2079107723412711
15560,0.10258596857220753
32414,0.09220271398108411
8014,0.08502978493834458
9929,0.05369642473690804
17300,0.2840660799146342
10352,0.15470226424226147
8735,0.194035397258197
27341,0.14114617292038587
8341,0.16350586393560576
11682,0.1277547797590521
14293,0.10016285987348911
7013,0.06515598635324417
30089,0.30138201074386906
7023,0.10087241565047546
22216,0.09628593418048098
11814,0.096876601804334
1921,0.07592155090682165
26465,0.26065121054454876
29790,0.11305721270843207
8758,0.05530384762399032
22412,0.09676098341542758
18217,0.11038738765519597
32585,0.04394643454125455
10958,0.08229531986776042
24555,0.13043762867794048
30132,0.1388321122169601
29610,0.43643121546991737
6367,0.08619959448197133
26108,0.10506791811211608
895,0.13604244000340288
21265,0.0952655032562291
21256,0.19670365790554806
18142,0.07105427548790415
873,0.10997265972211794
26315,0.058744500554292846
24760,0.0916288059428186
867,0.23367312745044044
16379,0.05954341927285566
11978,0.16393782419888714
31993,0.1588666021596367
6257,0.05972826602556601
2286,0.2999721030709771
9644,0.10776790130425128
32735,0.10336385988976997
21641,0.18858875133004263
21601,0.09114775258084484
553,0.12367017007274525
10138,0.12401889693185028
16917,0.25817362895038665
21841,0.07161642837677923
17895,0.11422992199019393
29696,0.14397179971843435
9159,0.05162125809533828
28607,0.1236058425406193
6955,0.1024145703806974
1290,0.10493990702654137
13910,0.11139716300243088
18528,0.33526077483611866
601,0.127516672101067
30090,0.0876730528631245
4238,0.18930423555339743
20482,0.08543785660347192
24063,0.09062726331806084
1816,0.14756575572725406
20429,0.1358055422763471
6083,0.15816068744562092
16345,0.12375672249755515
23042,0.13098358992906586
7949,0.07078245807052524
19881,0.10612135851833493
22634,0.06446182548002748
9896,0.07674350312821426
6245,0.20188539768369754
21540,0.07032762941797072
10711,0.11115911163330247
2051,0.2385076746936695
24008,0.11171413046185841
12228,0.12372769014210955
21156,0.23571341626186235
23043,0.0976846016989742
15049,0.22152509839130283
5501,0.12226440978892948
31634,0.0861770971927525
14853,0.16958171905608901
4799,0.09644464646324215
2607,0.05842849133629176
15195,0.09875849199432592
27166,0.1024992474620784
20034,0.052040829573462635
25116,0.08081247212002962
1504,0.05550710227816189
16659,0.05034303423021209
19865,0.10210107036572617
33217,0.10498792639371121
25592,0.056828077144037654
27772,0.0723182310537872
4681,0.1097845621044791
22812,0.09914366596784789
12405,0.041238084712287
310,0.11467825577066107
21097,0.18931012846228415
28834,0.06594631121556727
11500,0.06441436377191156
24388,0.10283371786450271
17736,0.09664794304199092
2658,0.07027694693082256
2727,0.08110457498896795
22904,0.034567023579662834
12867,0.07742711963080819
4602,0.12218286773941127
31132,0.22118894176420228
26542,0.11111479574237716
3571,0.07551928185008193
19299,0.12799945858092343
22193,0.03181065467304231
14886,0.08363817955093009
10462,0.19818000872879335
2972,0.06678555082331421
21923,0.07147242927916754
15192,0.3871172386569456
28184,0.21804468122085668
32406,0.2569583684545387
5799,0.09570036975238082
28156,0.13905519039940673
30621,0.17872068774311295
16270,0.09030028770374345
12980,0.18876244189647803
2469,0.12795264262421716
9422,0.14305756292322377
3278,0.0844495443371862
18936,0.1001115438565606
9224,0.09341338280223897
11331,0.27555083203305125
19004,0.28578716875867377
10232,0.05856336663431531
28219,0.1728005903058892
7726,0.2652649501980179
15709,0.049587971241556505
14530,0.1578515401575682
22421,0.09172584520850782
23000,0.1684314933123256
8695,0.2360768048349994
30710,0.21465917453480177
10197,0.04065141728978572
171,0.22443550952501998
14466,0.23784570775791997
31919,0.12995751145424314
28886,0.3473581336559702
3589,0.07537022884196469
22889,0.19020064419018284
6181,0.07698208684771018
9628,0.17241444234484443
5099,0.0957796794043887
26757,0.07028828236252588
15231,0.11040361305703598
12420,0.052969346489984845
16866,0.07283385705873655
11694,0.15579963941447833
8595,0.1730393751612619
4153,0.08111351747205924
12826,0.08802666530643002
13222,0.14813240472188297
1853,0.27357887686546645
10665,0.13220407809330517
23280,0.2078109149062517
17752,0.11795999279394039
22260,0.08861531678272302
12586,0.07261313610569589
22148,0.11183482314017855
11874,0.17465477711757382
11872,0.1354731463656548
22677,0.06090559548844421
8133,0.10794132684053133
14639,0.0771658635384746
26604,0.2338192629668256
24244,0.10582806775819042
2684,0.13834502200257884
24716,0.1750165356241478
5590,0.23686417140382524
20472,0.07033868748669521
28916,0.10158309852816011
20824,0.046005437772330376
27603,0.07284909327042031
25617,0.06109001352252749
7119,0.0832054645001631
14774,0.05672078052466683
28355,0.17536567679586337
21093,0.2739051108024929
3945,0.13077844559890703
4474,0.06872732942749914
22277,0.10602775497744046
12706,0.1699572344141075
6122,0.04300514767846801
4478,0.2316559004876297
17368,0.32476158172600694
14347,0.17925255090884643
5598,0.274844369270488
32177,0.09693864953617692
469,0.08828387696357157
10010,0.10503865098049073
564,0.18158478836774877
10037,0.20943517423480607
25382,0.17034819903007364
6621,0.10565777117377304
1098,0.04625999698176419
8734,0.13104248047129705
11852,0.16506106818226984
9517,0.13991098594076187
9479,0.09804021761773157
9170,0.08584047934068355
16966,0.09952019292753342
15630,0.12081774835177692
30908,0.13664565040428764
29425,0.10886080294992942
20693,0.07812374720943055
15746,0.20973085642538405
1431,0.21580824509905985
9022,0.3791595185517252
5886,0.09772930459105872
13756,0.2564365700980319
27009,0.3270146660756781
18250,0.10804667760431279
29431,0.10155137141232412
11353,0.10453151950182303
17324,0.11538713785856362
17901,0.0877614459564339
12290,0.16178314660411783
15894,0.14865518756549712
28724,0.1679271240011845
26922,0.09380465635803693
29015,0.09127148990545325
27400,0.048633662690535935
22268,0.06472031877589379
11870,0.26268090202010685
27031,0.13109045053323068
21544,0.13493292208468413
1705,0.06352976141260122
20840,0.07928017059628009
19699,0.08656578308077138
21047,0.06632071015396664
27939,0.12941623870934238
14802,0.133311850663629
23668,0.11502619190249534
9144,0.051361864735175775
5795,0.07114193526367504
21120,0.09480219376517526
33243,0.17258155357829746
18329,0.2328166687129185
4479,0.11540994232493762
29020,0.19809029010440476
12460,0.11893187244892564
15477,0.15870999543867817
26303,0.07422225660133504
27719,0.08395300692548138
13002,0.13424266996878556
17454,0.26357091257937565
26235,0.1155880015333891
1257,0.04509708876731579
30374,0.045900172266180546
9683,0.12576377894815474
8669,0.055188055864617926
7761,0.06572154044498553
30108,0.13862461190099612
27806,0.09631130930677716
1523,0.10602253919682904
5197,0.1696810898685044
24577,0.06323897050378344
19168,0.14893166952942133
31130,0.18596290966501952
2724,0.0837799900382643
28542,0.16016008000882723
9903,0.16195129039168157
27796,0.09826033029950047
23224,0.09850357275034959
16854,0.1407253086785072
9544,0.2839203584274404
23836,0.08623542067756206
1696,0.1440043646282633
2346,0.021732765402198134
11491,0.04738920825394291
17896,0.10912050793357563
9097,0.058298588217088866
24025,0.08811524546674204
1293,0.08505839562379598
20991,0.25826758023090274
7064,0.05489200199794998
18511,0.09292437982904454
20356,0.13979988769980037
25160,0.24567117523373147
24038,0.23541880456390668
15774,0.31088741082500065
5388,0.15764944374299875
2667,0.06602475231428082
16802,0.12724817347225117
4173,0.11309178312907987
21399,0.1238297833736776
30708,0.07670192837311259
7871,0.07448044030260972
22085,0.18721078297495272
16809,0.1627244270293151
10015,0.11155312389610479
17305,0.06362468046820804
4546,0.0981095745069642
18484,0.04703805557880833
8013,0.047886894178558355
2159,0.12759232065030565
2433,0.12228761665167921
7913,0.08082052006778716
16626,0.06285188507440774
7466,0.10078558721184624
27337,0.20990021446619564
29460,0.13745889434180975
28028,0.1082257779032491
25108,0.0527488233463513
5786,0.08993223676743417
14445,0.107984263222619
794,0.07204111886235658
21463,0.14429287702517668
1666,0.11759246211707013
19311,0.05020207769345511
21395,0.43856631064587764
26418,0.09141061470537867
12047,0.3131397411301617
14713,0.08048599720370961
18049,0.0767149845983858
33283,0.10351593862258905
2546,0.04358956318495463
24956,0.2960162726104712
25478,0.0724897846516711
1630,0.09956058855424703
17532,0.10769121980214941
9274,0.17416445843160994
22259,0.11555489416127611
21185,0.09161865802973361
13185,0.09560682118836572
21965,0.11754055787535146
32756,0.07081098332788979
27855,0.16023488165360797
32136,0.09702496068333061
26736,0.16474400831231437
159,0.11056174876563568
26522,0.27113348832108886
32352,0.029025219209232324
12462,0.33623431634173456
30517,0.14072110625181425
13831,0.0773534143935229
12747,0.1551532782919085
6108,0.10255090599857913
30327,0.11748302167239923
26160,0.25444351480628097
20962,0.277661866257069
8931,0.09190821881971588
16570,0.09041376499504483
23863,0.0756681939624023
23640,0.06604557482307949
16408,0.08794445048983497
24214,0.09983388464758541
24913,0.25488770035053365
2230,0.09631882413164747
19685,0.11478227076118333
24114,0.0569159312139976
8277,0.06748907292094349
9824,0.1423648304394827
19714,0.09490818221787654
26533,0.07187979358183944
1421,0.08737447488913277
2950,0.12041699938325377
3132,0.08260145617028587
9749,0.09238601058814662
32973,0.0776635922217522
32897,0.17165239476580635
8785,0.11984093235020522
13312,0.08217520441388622
31031,0.08814734487849595
27829,0.0679899453756132
11294,0.2044362228733571
10493,0.2044663770250645
21460,0.06117845938981953
31863,0.20000729856443955
849,0.03720142300820189
18350,0.3016231274397679
20940,0.10947497010717461
20724,0.07782390450022816
8500,0.06486660540799771
17464,0.05989543872759839
27170,0.26031136752890255
13552,0.07168212966962591
28989,0.06703653391649636
25659,0.12354500558398288
7090,0.06405375277845095
13356,0.16140903407535073
22300,0.10608405817722623
12128,0.08435234023414705
14476,0.3043982362443603
14273,0.07481729352674615
11236,0.105432816137108
2796,0.11732998358131132
30109,0.2601376574592239
28118,0.08490436233696619
17664,0.1490930357819369
30237,0.08660868775240979
32072,0.22094978638078971
5610,0.10736970173903765
14817,0.07108701897937644
16207,0.1489994072113186
18851,0.10730075298170078
1763,0.11207529883101268
3256,0.13609365082847016
19375,0.3319554276638364
9437,0.10195212671821823
9508,0.10000305340997637
20338,0.2952329865204758
16984,0.048566746038779474
2973,0.10152519318332429
3342,0.08608824473047504
30280,0.1238330796643604
9531,0.10772886071375885
3239,0.06601918991792914
12640,0.16014097479189368
13392,0.08700795348732222
2014,0.26099384948610116
9318,0.19791415239400004
31274,0.10832558010418201
27778,0.11338581338332772
16091,0.08714017168544294
32913,0.16686089371999532
10749,0.34531762586676074
7378,0.11110507334317787
18495,0.18144012284574076
24862,0.11491671317692223
6057,0.09540784134333279
4937,0.13591031861871267
29948,0.12685297471897763
31914,0.2605148641354219
9727,0.1148800364295717
13431,0.21222772919485633
5476,0.11430896904169334
17806,0.2847582165604714
32431,0.20711086043471344
17699,0.11927967386194886
9715,0.0862740551272138
25224,0.15109977971373512
4452,0.11046180823182852
11079,0.1397626156692392
2054,0.04094824015096945
24954,0.15089253543329323
27381,0.08557323180897676
23491,0.09447505160144785
9875,0.05742947083138026
1701,0.09707613832995475
25560,0.0982757046203093
16630,0.126498756663726
28194,0.07840153070914505
30171,0.13648673052661878
10438,0.16488317179170464
14393,0.09515234430447794
24015,0.21157803596303829
14540,0.13796620681125976
5966,0.06446328716766059
20241,0.10078745493164694
991,0.11355041780521004
16860,0.1257110492025474
8048,0.034386537285617795
17086,0.15468751428855154
11210,0.18863322876911043
2537,0.22291443037392333
20085,0.09674652277967113
22890,0.07743913353954722
20659,0.06725873125078995
11813,0.09824893389716674
22855,0.08648998667620501
6134,0.11066510496595186
2439,0.08612888211382913
26615,0.10144121107047906
441,0.22571805108099832
32964,0.13076822106115002
7872,0.07761617494610827
14799,0.10768675071405728
29019,0.05388991835164755
3586,0.11318235615904396
2494,0.08311050571650876
11102,0.1076112371943987
26716,0.08261376366057437
28754,0.09094692134168127
17168,0.1212232235489756
5433,0.13058830716904232
10569,0.08435279222390082
21999,0.08445833277515465
26347,0.074279077347858
15255,0.04541189183497335
1643,0.11071804741313077
1268,0.19782182486865096
3051,0.29486672422058813
14797,0.05154025126982134
23741,0.2919516093525385
9247,0.15295908149008666
21270,0.09476385501090637
20337,0.08925576994190487
8651,0.06455331735754603
30401,0.09644639521166136
17234,0.3651183724805698
3363,0.10261588012714501
1324,0.18526843988863143
1673,0.10720479276958063
23761,0.08110761257682138
15808,0.17728582879515528
24092,0.1419372675562621
1632,0.1136422184783809
33058,0.07577749498557167
24257,0.16162739819894809
836,0.11777088621210158
33313,0.05014533049792737
22402,0.06081287898405731
15189,0.16731067610746753
12493,0.07144311924357272
27151,0.11335218665598229
24027,0.12864231817482566
28879,0.12489734679198661
27575,0.10688760896105075
24073,0.03916994767587895
5608,0.1273075021296404
13933,0.08758219605606123
15793,0.13346424112973684
21237,0.05963020764888297
31187,0.1398898352060735
12752,0.058148207569366714
16786,0.2635641931340547
4258,0.15016630380509235
7202,0.1468617660767536
25303,0.09424550324394385
14180,0.1510628447337672
28814,0.10967749869932968
25075,0.1022434502868222
16143,0.1309933541352732
5263,0.06092969825774448
9292,0.151513167772843
23904,0.09106072614763727
13236,0.11529352334503741
31020,0.3445075018661313
14808,0.06319867044879339
30113,0.25434863684065473
4972,0.0404602144033526
11048,0.07011552076473249
16531,0.08130505939836076
591,0.07023346920627435
14324,0.2016108200608397
30372,0.09294653060920943
31560,0.12456189000129991
14647,0.28662563703376703
22368,0.20975839096394927
5712,0.16786421367946583
27291,0.1682203620354081
4524,0.08173432371324157
16810,0.055871131279351775
9557,0.1248037997897527
5448,0.06895967938689797
22418,0.13476833881819356
6536,0.11225240259729645
6138,0.12836569806555337
6438,0.11251176312244392
32488,0.23067727364525997
21767,0.26309008466400813
13525,0.2806545986665905
9552,0.08551935607850514
24389,0.15232204826758136
10419,0.10919146047013678
5809,0.12969235261139817
2993,0.13856596752902914
3276,0.08183242134005403
4897,0.05473725504487182
12328,0.13131813145211338
31208,0.06825115080064394
8749,0.11179333837221761
4968,0.06086006655399475
29872,0.12414119897903961
7357,0.1448715360281232
19208,0.26688088356391704
30257,0.14692305401722122
6933,0.0453505548735706
24996,0.0497293966943437
27125,0.0661063300091306
18820,0.06775515760951961
14627,0.0648613878356643
15484,0.10349861355773733
30000,0.13199503224162143
15248,0.2611628782162922
32579,0.05193355721858712
26103,0.07762224021967001
9461,0.09713203475321769
31136,0.23985563639702226
4280,0.06528804528987409
416,0.12123279821693973
3096,0.10203768248789923
24979,0.38065496377205127
21848,0.12338157257842264
27898,0.06861349347599584
15947,0.11623894083478704
15580,0.15108634792828454
30348,0.08155207309602061
2375,0.057789102233459566
13323,0.04065887505028422
29649,0.10356509484886026
30994,0.15458982471724042
25753,0.16302266704040458
28561,0.050687273634517686
32855,0.1087176781797427
25750,0.08921897526673332
32785,0.23993256233265906
6587,0.14966954441019847
28898,0.11653261469412486
7102,0.09778592704348378
28446,0.13411956885253049
15239,0.2675185705671795
19177,0.10907842766328328
29785,0.13915798234869045
1965,0.2479906747718976
27431,0.2662942184134202
25354,0.09158226696597141
24795,0.07877658698584507
23599,0.08945087485316956
26322,0.06537095317014577
25819,0.08113997972106937
24381,0.07853459152930536
17392,0.0665875195584509
8610,0.0795587049464937
2321,0.07861002755688885
16161,0.07123375472166472
20478,0.21766046282209192
2270,0.10501995558440753
23629,0.1860115174167802
22727,0.08854809630596662
32312,0.035117888843747065
28540,0.09904732618761194
21623,0.09822502872202009
27297,0.4437949747503359
737,0.1016106415841939
1757,0.08337527784161547
7233,0.14873143982406647
26246,0.05711967143326129
16157,0.10368271394532168
25926,0.0970982235758661
6950,0.1138439548512999
20509,0.1414078955282565
25067,0.13880647523072567
27211,0.26453061804001793
14335,0.37315811211688893
817,0.10988614805536669
24719,0.14065824155715242
29838,0.2412571566841226
10173,0.10222100735198082
19977,0.09226367970647036
20215,0.11931994660163335
9619,0.19913892589003834
16670,0.060813017454431205
23356,0.16732750908362537
242,0.06263904725908515
477,0.09866129255959911
32573,0.1070972315574135
7576,0.1873470222780703
9090,0.09506553683452959
29338,0.0856440578763672
23489,0.08883181146450245
7763,0.28870570619076447
28448,0.16031416818775285
14126,0.059829211602036345
739,0.11220461696679435
5525,0.08076074771369224
15669,0.2432165309048512
10233,0.09939630823147329
11468,0.049305179899008254
850,0.09131442225196781
28835,0.23408834239546936
24742,0.09589343901200069
1571,0.07042968868437997
19677,0.1015519485452602
13664,0.10964871075751427
25857,0.0896154520055796
23860,0.11535208963931884
28597,0.07153480928489428
7263,0.06671907982890643
916,0.06987593713299307
31911,0.11899118287748058
31110,0.08787247637137971
6993,0.14837338276465187
15660,0.28998467514674947
31891,0.1724762003164293
2425,0.2235640127212608
5075,0.07758384262040847
29196,0.12795049584737697
4931,0.2058300884360359
27953,0.05908931551913611
9760,0.05717368057478491
10397,0.20631038101040322
13505,0.10018664658243137
8153,0.19195318936436706
20236,0.11567982876189647
22065,0.04646708429077771
21434,0.06257741418191162
1372,0.11037868201132697
6717,0.05711141741707178
17069,0.07220686472587388
6334,0.11297291379410168
3185,0.11499431800483566
20000,0.09185595300422872
16847,0.2692466479876148
28598,0.14459538127215077
8169,0.0898926299516079
13567,0.05735165114120768
21228,0.06830806666878243
4506,0.05590317772167347
19963,0.1673460759828747
28109,0.09383599484351801
18282,0.061195094604224815
25893,0.07928216484511123
13645,0.0725281670217726
18833,0.07834357749892945
27504,0.07708204839561295
22743,0.3847382318700637
12296,0.10115544752149404
5810,0.11050397552660118
31756,0.28968184383573653
17568,0.07623481769511248
9752,0.3805904980710001
26924,0.11333970423947681
18290,0.07692730152167211
18357,0.15688885725654103
11898,0.12573025867006596
20090,0.10512318713940731
13951,0.1606305139920836
26358,0.16194552082867866
33347,0.07387358377233413
4910,0.12316966465683
30590,0.0899169564271069
13106,0.14477241511320327
25953,0.06823649209998979
7504,0.0477531364120234
4621,0.16876106634879603
20122,0.14076086602485258
3631,0.09430871131451841
27710,0.06545510454960221
6732,0.17347760387551
24768,0.10636370608342202
913,0.12051428502490792
23187,0.0634638572997084
24540,0.0965360234493272
19694,0.057237422230454686
11470,0.3386573224872691
22587,0.060935747250512096
12309,0.11010535266149664
10229,0.04443276019420711
23016,0.10587279733992552
11192,0.18237722603548637
11926,0.08477879407907407
3960,0.1667697956794056
10478,0.29550123744113926
31447,0.15207281417728466
8895,0.06802000856567025
19890,0.17254002935618315
13572,0.08291604060595867
10805,0.08509527933023864
16081,0.1416219754661093
6678,0.21799140827008912
18898,0.0740028087903797
32768,0.2044422779447485
3250,0.09330054244936313
21607,0.21047495619323398
21240,0.09981201908833646
31663,0.07098794229792377
831,0.1410078325164903
26628,0.11332170947729704
13159,0.06122431737684415
27006,0.08163178780442716
18658,0.1294550505367469
23260,0.17315676636045596
23181,0.25527164771900035
26887,0.08084796775346498
4119,0.05227960625720012
2295,0.08719786336577263
18568,0.05546119017436281
28536,0.11697677930805482
16167,0.11427960645068341
15339,0.0332743742984271
4794,0.14964994753254302
6262,0.15814091640446554
5643,0.06292601836334949
17949,0.15627900170065348
16116,0.1375809152014508
5677,0.22665669741429606
29328,0.07432560541265593
27526,0.09949140621431078
14243,0.05538036167068976
28117,0.08557069445665294
32074,0.12798087715704684
12362,0.2738557306326998
974,0.06935464387161025
14144,0.09856186621247648
28967,0.346802398438448
12276,0.2235420521819486
8214,0.23906506551093515
3896,0.13176324367121686
1292,0.1664483859415273
11193,0.07483253624139287
21802,0.043871743688231664
3345,0.10546278960859226
28151,0.1797082180982024
11565,0.3254295287073494
15585,0.10531109437714035
7845,0.20863509959878604
6098,0.12786249252716658
21301,0.1056802988450734
19818,0.3075004224858099
12501,0.2629310561509172
6353,0.04292680628240639
18226,0.10310523208715298
10471,0.18680308192601042
11537,0.35789558897451085
8451,0.10154060939965424
4967,0.09403171680035954
14651,0.10547613264136045
7717,0.11581429171227965
6704,0.1466261632470777
29038,0.09855587957065715
27319,0.06644491520550283
18451,0.10057699449787713
3712,0.145395814411983
14809,0.12001011768400952
20080,0.12189334743912257
21594,0.16211761689456683
5190,0.10988829451207181
120,0.10877208569913702
31707,0.049135685384660475
22302,0.15758812412518647
19579,0.3399599821740252
32149,0.12328978594325514
630,0.10122762531668407
24884,0.0921882943249293
20938,0.11289226383379344
9267,0.051150524038677335
19421,0.21494221816518552
1858,0.10416467951072887
10564,0.12340686528725871
28221,0.21737018575386124
26596,0.11573456788768698
2662,0.11075493788184998
13242,0.3809267900933053
16911,0.12159822531305069
3271,0.055624187623492145
2177,0.10556038372666413
2224,0.09855672254385218
26853,0.28244483392325054
23072,0.08632016123916572
23228,0.11558227189264977
13577,0.23022220624694087
30220,0.07572867803987464
30887,0.09494797193363114
2773,0.07387861058864056
2446,0.07750454498278471
15787,0.1397570946061451
8011,0.06888021473150273
5133,0.06808216570185802
9449,0.13433874712649949
6321,0.18523054124885913
5092,0.07386682858812577
362,0.0854170822467422
30654,0.2812997387551306
7322,0.22444084558315597
23915,0.0854538534002603
2101,0.1417527810780491
33085,0.09589628125990603
24089,0.32450846008573453
13068,0.053310970103061774
8698,0.043619743647125786
21718,0.14696486578770931
76,0.06586531955865683
22103,0.06820263406188054
22657,0.05578564419827444
30086,0.18148580366721717
24040,0.2838734298944989
33378,0.10929484339307
2257,0.08290734433455262
17501,0.19492690423181078
2315,0.07001378714406666
22673,0.11104542587011253
25364,0.12157526483715068
7791,0.10843105799577382
14789,0.0636878655039185
6645,0.07336843348986001
32608,0.15459437120221894
31414,0.07392754626649267
25456,0.09210313770652424
25991,0.08462445840139826
22590,0.3058283031577417
19910,0.17468645454602966
4893,0.3495801383186962
26097,0.05335570348115119
15881,0.10272068232876538
2011,0.15250569176519754
6162,0.1512230315507516
29689,0.14601761625536688
10859,0.0548895313717311
33309,0.09547995460177759
16832,0.10063153790610706
31297,0.046275005102919105
18897,0.09703424029590937
18690,0.1047648057637177
12483,0.09362757814881233
13600,0.13939465263235673
11938,0.4268267655507409
29933,0.18796396622462794
22583,0.2378118554562813
17886,0.09816263632871441
13448,0.08228457437398631
16992,0.046763001605956034
15649,0.06137082801864076
7120,0.07296427954500946
3900,0.10674106496630255
7897,0.07351740880001417
23903,0.11364872857561996
961,0.05111083908516459
25440,0.10624503530690022
32828,0.039816564343923576
26198,0.17630788248165732
1436,0.13093034816201807
19452,0.18519760053003342
16119,0.06735192745464907
22856,0.13105775189028915
22161,0.10483219650457314
7264,0.1393711374682956
20029,0.06652125779978635
6697,0.2623714319981963
7546,0.12930758419222138
18863,0.1923853092948201
1846,0.09379007676025836
5770,0.18132682444648734
14453,0.07915699508382586
4578,0.06564527706804023
32672,0.14751641644699356
28689,0.12728240224963688
22650,0.08562644112010559
18981,0.11902687971841673
18556,0.056522075810769644
14032,0.22261297469378183
4608,0.29868140230764384
7228,0.08180349321061647
12937,0.1414561751345712
13409,0.08843861045561353
25152,0.21890868646030298
19229,0.10567736631930866
647,0.06561394348382563
6155,0.09701626353050045
17236,0.18724288479324663
30115,0.2434229014216005
12832,0.08245833042255266
24976,0.08235305475950574
10944,0.08591920459761872
7329,0.19317121894887326
16215,0.08534648028719818
12108,0.11363607161223468
9024,0.23163722903156772
5038,0.0518604395863142
29859,0.1788641730273142
4975,0.05790226445889542
18541,0.0928277777950296
20028,0.05695478741885378
21064,0.08567942594864818
22668,0.15698241504401841
7910,0.08343303128670278
16111,0.1068101985040694
20637,0.10075107754045502
26240,0.12462815930622814
4159,0.1375085572014927
29964,0.10066743101617813
9244,0.2469826344711139
18740,0.05824886036726439
26845,0.11372906251495725
7198,0.1230588632834561
12532,0.1188293010858094
19190,0.11672935993464079
5607,0.18271171727740537
20716,0.07734430094612944
22367,0.09681254498178071
13203,0.12030735512334384
25339,0.11754300147678083
20903,0.11886268845693164
10044,0.14881385972771113
7018,0.1991452938321722
25792,0.1102416956057867
20438,0.11220288295036975
12491,0.15665782855213314
4552,0.12396815764094814
2251,0.11879058052618424
16597,0.050981851389682024
13776,0.10285167700882308
24204,0.058415698268876076
9213,0.20227138707071976
19888,0.12317386936852738
8550,0.18991159480611478
20802,0.08341489539144266
4320,0.2689224058964995
32393,0.07215071870705539
16540,0.19384737374440733
1509,0.11392186696333492
27865,0.2235453237192658
24969,0.050493965819232454
25370,0.041391878642714514
33207,0.09625412476920031
24042,0.3648067231952502
17747,0.14458285637590784
27584,0.23192788933235506
19840,0.18715833577762714
21918,0.08323814300458246
20761,0.08401374173995028
10813,0.07078267383808516
20989,0.10865263678624978
12400,0.11396478447972934
25217,0.08663263440607147
31024,0.3489684280702111
10817,0.18327541976883094
33216,0.20712567584187455
33247,0.0747108962489076
20997,0.1719063728189147
20807,0.07239845544263394
29921,0.08456564450379764
22675,0.18343749287063726
29139,0.18746822918951142
19521,0.08297493376989849
22032,0.1495750857101368
3354,0.09284379302697482
17015,0.06916164280574144
25321,0.1279427406784926
25475,0.11454319516704757
8392,0.345000064037281
31435,0.08449666886753575
21975,0.08485682409758634
7659,0.1341243826765642
27487,0.09786709723323019
3548,0.1163241212398017
13233,0.21699470701939988
21613,0.21882958566455926
20219,0.07194026598283865
750,0.074421370750811
2228,0.13864113178807283
14950,0.08411693586806819
16709,0.3185069666801733
24895,0.26880236779272587
32210,0.05271457027967898
10097,0.11138105830044177
24533,0.11901562666743963
12314,0.1278454231241039
8972,0.12384324797462887
26863,0.12125368966908849
15451,0.05594149119738583
31005,0.1696561059872146
19813,0.07959198278715886
25767,0.08705783968616443
13211,0.122411998194112
19872,0.21869107069150984
13981,0.11150959241411693
25778,0.08356519497930286
32571,0.092909393600707
17113,0.1066859110189193
6339,0.11183760497332139
9813,0.12163199948489736
5031,0.1195223762577813
29561,0.07418317056513837
10870,0.24800452791616087
29810,0.11663691028326888
3504,0.084917349690752
26139,0.09265716139425204
559,0.13522347001540194
3808,0.12667049456227325
29479,0.05065701467989756
12412,0.06193100351205437
27367,0.04967955913493023
31347,0.13524240892137832
23464,0.10197666979724057
17504,0.20660251450656789
12106,0.10062378799590418
30430,0.1429108358017971
23663,0.27224027028884823
27468,0.1957253353264158
23293,0.28458414326481196
26466,0.10422744650861414
2428,0.08197194853493259
2987,0.0969367547510225
12638,0.08812512763734627
18663,0.12048689817596883
31768,0.09646812620393809
8219,0.2115202547507296
18757,0.1628056558462318
27411,0.07511039950797144
16460,0.16018606288963372
31112,0.09184507190589734
31353,0.057690809141811385
6787,0.18855167810162077
27630,0.2546874068026089
17841,0.15234810016277156
18268,0.12427444885332592
11361,0.12767870111926719
6738,0.12779181864141026
10282,0.12791353666937574
21626,0.23033256780740816
18111,0.04564285777820444
876,0.0992661076284877
19892,0.10576338725922406
1405,0.08267445040920673
15325,0.15192712543986758
21488,0.16504176578366125
18598,0.13146246280633175
17197,0.1741406630541326
8487,0.10110294229630484
22614,0.17061250605977038
32179,0.059874458745961534
11161,0.07835193250325488
15608,0.11572178878171886
16226,0.1332030256867225
26805,0.2943356819161271
6578,0.03802971874020219
1308,0.0949447783060304
2979,0.05533890428441336
24916,0.24126842074368857
33345,0.1281672224172044
14785,0.20876423906683372
20557,0.28079063627022055
3666,0.1717921461641768
13997,0.12085453655103212
24973,0.10549282457779917
28354,0.0690179902713199
29221,0.10156897501452168
19509,0.1381164419889383
32550,0.09625928968859479
2810,0.07131906915301803
4726,0.17303571802096246
20634,0.16855322654235944
7025,0.13560659750281343
2128,0.0922630932479812
594,0.10074550571584033
20680,0.21531252473346305
16051,0.08189808049434685
449,0.039638868757505524
10153,0.18529839240732696
17975,0.1007372174914476
26011,0.1060370374256718
14173,0.14023037965171686
5185,0.14671767003222289
26603,0.16433986257355612
5587,0.09705360072107998
20027,0.1115962016736517
19636,0.08671585420560325
4128,0.09056554092400211
14654,0.13078919907826608
21499,0.19540898311058774
30605,0.11071627412549533
7742,0.039434857121453414
23290,0.12416487957422284
998,0.0794377155190777
4272,0.0847212765933873
10855,0.08882819797860651
27131,0.1673625021839382
18266,0.12991921592980735
30956,0.10211181172525632
5512,0.155895013256215
26782,0.09298015299991146
31010,0.10722400966044954
10130,0.08470894568327517
24235,0.10626606597278465
18428,0.16550633950329433
15708,0.06661420922631665
11035,0.07070100845961996
8267,0.11084161957418748
2919,0.1395311349330898
33146,0.09762203972388434
18723,0.09499363520160865
26850,0.23219861913152035
11980,0.1765254725749786
17037,0.1290896506949763
26130,0.08711597484100338
11455,0.21702318353739133
30720,0.051310954032908036
10357,0.10122675791670244
14908,0.13914265231101103
2621,0.086153750744308
21570,0.2567317193353404
17620,0.1549328524395258
12270,0.06256816318341865
5838,0.056890456448039396
20243,0.14116945492715174
11386,0.1373470124293591
3904,0.08914724017862515
9558,0.05928148136520289
17374,0.06705389636281626
7126,0.15874371165447979
8787,0.09219412993794901
9579,0.07677450493372165
5724,0.06525307584699183
6709,0.16455028211137135
24353,0.15240009820591507
31790,0.07775939693647553
3177,0.12750840303550842
21947,0.11084064024287195
17692,0.10023650982520882
31283,0.0689264868641781
595,0.12410089195431302
22261,0.11130932716971398
19159,0.22667647335028918
22791,0.05017924973666466
31498,0.1676564784835169
5115,0.21044916665832328
1210,0.06610198562372294
26741,0.11677753879142014
4569,0.2513657230887654
9754,0.10627134156397615
26697,0.12112103242095987
33285,0.11831010742771857
1201,0.1291790609338715
33036,0.2025578905270026
12213,0.04977747954780064
30312,0.23136776832139078
32962,0.16326672103157538
17333,0.1272759812519956
24977,0.10276172084616943
16822,0.15477522602142224
30065,0.10962876055533759
11570,0.091419492411477
29434,0.12911304923072955
10516,0.14096188473362678
20543,0.13814030651654136
24605,0.042850589441423295
13863,0.11561360241280465
326,0.11724464792267512
1412,0.0714300482856874
16329,0.05123757456679789
15176,0.08329652787112649
5571,0.13644920945241729
29711,0.05285893457512761
6331,0.07365623799678525
4667,0.0927610946708685
32812,0.20349569726281566
16991,0.08764990276331922
6939,0.10341428019009523
19682,0.07999545584913324
26200,0.1268458720115419
2282,0.07376028243417031
27424,0.0763121424336864
27816,0.21043105951883945
16246,0.05734616479047697
945,0.2767254423303108
13829,0.12237986784673631
29093,0.06798683216536511
11727,0.34254355556739774
6708,0.24391357824033336
29461,0.17754076935716157
20253,0.12265735080408242
9465,0.2076721708745489
26742,0.11360819922652551
13053,0.21285219732801136
16977,0.08774210196115906
25570,0.1256352470254836
15779,0.1962935590991289
24961,0.1366331142656496
14147,0.08904459187172378
32266,0.08644940030406643
27550,0.1131777992735286
25186,0.08004727948061689
17891,0.09920858544804274
18512,0.1166890164810185
6393,0.11064921193747058
6244,0.16772770487039013
8098,0.10341011002533873
1836,0.45999152059730963
31572,0.15596847136684647
16366,0.14211345256372815
21679,0.09739163583941259
7160,0.19079543773204455
8279,0.14389985874215422
23018,0.11575996150154386
26727,0.09657102530753749
10670,0.22498775960743955
20869,0.16488815170316307
29435,0.06097389985470309
28555,0.26697283637405556
10131,0.10716797286323397
26371,0.13070159145140503
19867,0.11465488428878748
11014,0.08371897828340417
22390,0.13497782844095732
11871,0.27443228765756056
22644,0.30207097788895576
20449,0.06925228721971555
4202,0.10864198566892849
13651,0.08234985311010479
3847,0.05778225971110281
11345,0.07074385344432806
21775,0.10324818828603902
31536,0.1108079009548543
14766,0.030094086971402215
7915,0.33956400338388537
13914,0.10594311015116446
8424,0.08980053371844328
28210,0.10602520072057689
13332,0.24038390921227992
4518,0.11474721533476351
23128,0.053284881105793644
8329,0.1200317470536982
26873,0.32217078491749085
11187,0.1430026609357268
4002,0.07136180300358146
31551,0.08724589629808217
10981,0.11739514593425407
32112,0.11041976530627001
31100,0.14785087098504804
5122,0.16002926024441397
30123,0.11699141689415075
2344,0.06643618607074954
23055,0.06322418211740095
26561,0.14577449310335017
13667,0.12466968601654183
6263,0.09055109439464715
19679,0.08590881931024998
213,0.2572513790742572
17584,0.08026996222554678
9689,0.22068671922706246
18894,0.11908895256320375
18870,0.06308445967891194
6902,0.08317583832232911
31358,0.11233146532396092
19932,0.10389500967560793
7522,0.19666119263779347
29615,0.24628145227308193
18559,0.10545596041948856
18475,0.2124597751281022
16497,0.2925545726695552
25023,0.1589430089705894
6463,0.15118075750497137
2484,0.07891507287063036
10160,0.13840682296361603
22519,0.11010130060446834
27988,0.0625948472784253
18375,0.033536314693761525
33142,0.10499603878100269
7517,0.15403396863021518
11922,0.12261615672701015
16188,0.11948370730778526
27547,0.114195698655424
23241,0.0934045763941577
12355,0.08618927823646785
11659,0.10767346295378563
24395,0.08590029562803607
4068,0.11127537091389282
24960,0.06856713164085802
22794,0.2538185987546633
10038,0.07128513361724362
19195,0.08500759800251523
32790,0.07581555508888319
16430,0.42717477946655663
30618,0.2691477316489319
17979,0.2078374126476435
32969,0.10779153269059043
13049,0.22731398758500845
3492,0.14100195633325602
2045,0.1511546429797997
30683,0.118589499023598
12531,0.10480442360725292
1138,0.11414505182555616
28764,0.34731164192744984
10036,0.2714899500466989
11343,0.28665968796687297
6795,0.1542001935411217
17055,0.1644331147905721
11295,0.06492662708796998
25165,0.09892527675954568
14768,0.05338557038414006
2041,0.09707529712709563
24723,0.09695563519039173
5441,0.0592662881290628
14602,0.2845165034159511
25025,0.1437588625025281
10570,0.18560391012354588
6031,0.1981184234506401
15310,0.13106303951986653
32049,0.20566994051839393
4039,0.1039634532316602
3149,0.059890307959811685
2131,0.05167182493084253
9154,0.06962124497513564
25310,0.09215606991258107
17818,0.08153957139525567
22374,0.24647296808346958
16989,0.11036988686272353
18258,0.1699322728728892
31854,0.11010105150196055
29927,0.18668366298457972
4106,0.09203261122072123
28407,0.12311232529740565
32999,0.3106187874746251
16191,0.20263740517054216
28188,0.2193391354322096
13376,0.19342633529544914
24844,0.3134407420479184
2872,0.08104298855034399
28507,0.09485079185993678
14357,0.15578593681970193
457,0.08726102680440183
22451,0.08300410103952366
12401,0.08135895408312015
5395,0.07398652878826631
22575,0.09536325039715954
8588,0.2011661270669481
22786,0.21800768546940333
29464,0.311303691081719
15953,0.0708941056380606
30572,0.2194808146908431
20932,0.05507821959989295
14895,0.10675472641604927
4919,0.04704504461671243
7613,0.15470383693926817
18180,0.15730229602926948
1353,0.20070718386596725
3765,0.06329866144358798
8045,0.2627981704814881
29252,0.07967914748198758
13372,0.20202254352511606
12682,0.05300511430614147
6810,0.2228355527143557
21650,0.06571381380330452
1634,0.1705103280924471
13294,0.2563553734421091
10060,0.12298662849518699
6343,0.12587660020014396
26361,0.08467840492729897
2742,0.1423631965580191
25157,0.09768925849832083
13775,0.14574395026733883
12170,0.07227469653805377
2034,0.07387123891604482
11443,0.08159848548897997
24880,0.09992198900915429
16389,0.10476171830858604
13130,0.13036782137549152
26008,0.10905942853236393
21249,0.08354521734222048
21732,0.2856404371816194
27687,0.10541839731719202
33051,0.13022503602059562
14448,0.1699044095903446
4373,0.11398138945915365
2827,0.19887803238746968
12009,0.159989062898243
22516,0.2694148408647077
9039,0.15889281830013288
28041,0.21849894549524893
5017,0.09658825475112538
18571,0.28962436798981833
20011,0.07257281724957858
4067,0.09161089500852973
20214,0.18167809766434576
1778,0.12498896745118304
16604,0.09919971855453985
18649,0.05488913115065915
4492,0.15174248979227778
8816,0.1391026955101805
15062,0.07926398727107531
2471,0.1478725617959559
23840,0.15806489633337695
6556,0.051773774508809836
14720,0.0869134231153382
1784,0.1546732490672863
7645,0.229153221575921
21356,0.16974165389813378
27476,0.16920557474550132
29316,0.10289684877013287
12278,0.09373413333780009
2269,0.2593654797777796
29727,0.0947574457619908
20894,0.0668854213437183
25167,0.30127981101871737
21483,0.08159136173633202
1593,0.26012940135808293
4197,0.09735544128879699
10343,0.17088832379245542
29130,0.122957185331586
25557,0.11386032557964072
424,0.12490294187084089
18709,0.04808264264278274
28664,0.15816730433931656
28669,0.1380595668964151
2895,0.08411754251733229
25783,0.09860813208270072
14171,0.1766533645943954
19417,0.06349462454799586
14439,0.12841662597064007
31822,0.20847599436646846
33162,0.0888410981159268
26397,0.09410298117437056
31180,0.12208802364181931
20924,0.14023659841651112
5333,0.12122366304303159
23727,0.18385193887997084
32883,0.0754010323481574
14887,0.061526899172769337
12311,0.09121551696782625
5765,0.14029759747098727
585,0.14507993196634816
24910,0.11190724707534692
20133,0.03628086476416627
4278,0.10517412407509254
30015,0.1033146088939905
6879,0.3043830410039743
3255,0.09990741701436825
8968,0.09830613326468231
19560,0.19624176696086998
19773,0.10066992417082442
17548,0.08333554067213955
31700,0.15056937986634222
16649,0.07745129452782187
30867,0.204283828056596
3314,0.08133248928820866
25968,0.11997619842390364
5208,0.08727765364497019
7840,0.07007324024246803
21231,0.2638906847721963
23425,0.11507082356014531
9876,0.09629524341225165
19132,0.10350034422044858
20017,0.04590733919962445
1626,0.06352507680375977
5659,0.19934498675868215
14871,0.12605565291624374
19001,0.03277581171973551
3958,0.2108786540109618
24955,0.0691705352462883
25435,0.12944076858862186
13753,0.07304557453426053
12219,0.16742281748352114
7045,0.13772957336763342
31389,0.060872206123012605
5803,0.07910525862579765
7979,0.057391988830432734
32834,0.09854935868887235
19697,0.3406008992650048
4333,0.06316358281593207
4341,0.22776519165271902
516,0.0830067215151774
4472,0.10533657415054422
31161,0.2619660646562877
27257,0.12447924921514297
15720,0.10401282192456271
19116,0.13891212234367928
7088,0.13863197285215045
9940,0.08538871405777836
16504,0.19003836655812756
25388,0.22563056168620643
7362,0.1604529211875762
8581,0.18931939468068862
30821,0.29649040306036445
6300,0.0979259952685839
27471,0.12299878157545661
15381,0.13715037271533337
31764,0.11450918884646982
6656,0.19797162065814117
26969,0.09890888501548516
24997,0.15703515110481023
30100,0.060437859717228946
28696,0.2942202598328402
26715,0.061723018872417296
14547,0.29726688177699034
23742,0.086567709231296
23881,0.1422589321897705
4797,0.26375284179113573
22127,0.09961207714153182
17538,0.25041255626847275
22033,0.05743407066703381
26630,0.1230347098868122
12868,0.0780956758877831
16963,0.05860306515837354
16909,0.09837330811480506
6087,0.08803646678418499
3478,0.10438102192148169
24892,0.07920720434528032
21620,0.37382795438175426
846,0.15773779537496857
5064,0.2199565081030388
25598,0.08165696258714598
13755,0.10622661598854467
19388,0.2932917989246036
7408,0.060060071120690214
32918,0.05868803476685983
30542,0.11730311228120584
4222,0.2786292421199135
20461,0.041017751450311786
20694,0.0727438894477531
20196,0.1412829998071863
16904,0.12946291645203792
4027,0.22401410621809953
23450,0.1246836398858281
2070,0.0638761282680865
10075,0.08763741425288779
19936,0.11187396703652225
15272,0.10208276468568173
2137,0.11565618282873255
29974,0.0739242996242413
19717,0.0751195901069618
18038,0.19363416499185057
17188,0.20598163027257127
21253,0.2243366229016159
15071,0.1416841961409152
19756,0.0632124058597473
28779,0.05032395035056167
14449,0.20266050595222396
6039,0.08720118959078822
23238,0.1607179778267824
27460,0.12316278140883664
20558,0.09973977375874389
31809,0.13153421847257157
20460,0.04633370136504828
2086,0.07016113117564271
20789,0.11256326416300556
5446,0.19120391223361
18786,0.06651116894371936
24331,0.24652820286004892
17346,0.1884939035118678
21939,0.1232594720623531
13480,0.23280225398928228
14663,0.2579483851648117
22313,0.10558507963879557
778,0.09133055997315898
19020,0.12463434371555801
2398,0.10490268838398616
13739,0.14097210381883613
12790,0.05546654048694776
31026,0.06579428314533355
23471,0.12780111272652944
15124,0.3254897960324328
18972,0.1256997549719682
24250,0.2511345271842664
30591,0.10387755505892919
10541,0.32544838366010226
14533,0.07160773061979635
26564,0.13189120997279344
19729,0.1494625826823574
15882,0.12084900769460975
9352,0.06334509583673924
28295,0.08347955755193417
24763,0.20065110624324578
434,0.06536281176876867
17826,0.13463978147074016
13379,0.07373203654959075
4839,0.07920108422028671
23092,0.2203520213338166
28265,0.156307182555461
29794,0.16805184202489545
15707,0.20582889501687288
12018,0.09236988040069441
3747,0.21876670867915057
25914,0.3454856551077727
24277,0.11128705646176995
11833,0.06007633398788051
30712,0.07584965844300381
24307,0.24069700919993678
11063,0.20326760511726633
19878,0.0381227117148603
20661,0.03638860830965249
26334,0.07003062399323715
25728,0.07212632604434029
25634,0.08475968620778772
3546,0.10759199776569624
6544,0.07561435508180446
24776,0.13683450837130856
22607,0.04367597690075902
20830,0.13304076070531615
21209,0.08473019970171564
8886,0.13531004682373443
17434,0.10537537490250044
15760,0.07445824274191651
7425,0.0955108805011774
11841,0.08333421527709356
14866,0.09723863462265844
6460,0.2675369279588965
4301,0.10761403313647387
32464,0.06741583399153668
23518,0.09594600927551925
9166,0.14734887710367572
3299,0.061893744275667725
1140,0.13503865844304874
15652,0.07772066920838737
20673,0.27635549124192
21725,0.18579305845094857
26992,0.109932897972376
21593,0.07170754633854402
10103,0.09934931006116363
32761,0.06654423460571651
12972,0.03210678776907772
32044,0.21201166526581358
14119,0.13966296894581134
26236,0.1414831000652109
2057,0.25682929419487677
6440,0.11100438979917364
22101,0.2500451949886034
28946,0.05733161292911849
29333,0.0585844880733341
8778,0.10630565444839135
20473,0.11608469333990733
9732,0.10124101519339274
18503,0.0925010948412871
15980,0.06586407231454189
15450,0.15417268863122574
16199,0.0751100125174926
12301,0.16691713939193348
29735,0.0758811313512181
18734,0.05274753853730861
12653,0.10239745161716006
2542,0.09878329419945049
31203,0.3285436618339828
4502,0.05025916016144316
28102,0.12387853523609488
3441,0.11492586164510184
6451,0.1301720784460855
18292,0.10717303725792944
30959,0.0820092317657161
166,0.07388395537012679
6051,0.08132541136022874
20655,0.15602850093832876
26692,0.0838409647963905
31709,0.060797070196467976
18660,0.05586791687743249
8094,0.2962451543019972
4381,0.13537474524122853
12639,0.08192405291175799
14591,0.03637776983410739
17466,0.39311724823784006
19759,0.37241458934515287
21600,0.15655862087725644
18241,0.07812526655693959
4804,0.25538651093729786
18396,0.10769297183526308
10514,0.4540437187441796
4362,0.10024082372238936
14337,0.058719799038554794
8041,0.08697931495957079
14492,0.23298883080500069
27334,0.08256871219176048
19886,0.22287125615929837
19391,0.24715240936188568
21659,0.16602160669971255
11731,0.18625074099965294
13582,0.10525409237621497
18276,0.10582605376543915
28255,0.09758572618695613
8827,0.1694231839020552
26790,0.10969906633475135
27784,0.15381769989278138
8900,0.20797195457379491
3047,0.0780073360317393
26144,0.16701866424729778
9483,0.1010513700278719
27964,0.09130800064826917
14967,0.13843271404532534
27568,0.2425890298035815
27733,0.17890721099254814
27862,0.150042021786556
14218,0.16992346424699065
27996,0.0748983742575222
296,0.06675388282767933
15902,0.08729715725431325
17458,0.24472722052885218
199,0.036357844264655076
11527,0.05084918630537837
30406,0.06748672467344853
17625,0.10837430059009835
13449,0.14206133040632393
18794,0.09314968054812121
3602,0.04721990904470947
6043,0.12033952696650761
11684,0.058334894009600693
2141,0.21503713855954623
4425,0.11836693270469673
28068,0.0891744907788852
24202,0.15634151813944716
9584,0.11865148363582773
15214,0.10218664401572579
15280,0.12843391416919744
11595,0.09504983714401373
33197,0.35644012747943543
15771,0.11991404138378091
28763,0.1153836804548898
19125,0.0842461956981933
19017,0.04598993274409923
11712,0.0445492681481868
18011,0.18540128259130098
23336,0.04909841191483525
32900,0.3140139618615613
32163,0.10953580016800542
21125,0.23748417017479168
40,0.17480752158156979
13445,0.24518610735755644
13015,0.08267582572852612
12069,0.05761909727562357
4995,0.10206487821750673
29295,0.09714781835006712
16113,0.07726939417933866
2039,0.1544062288535402
29142,0.1299208307713818
15019,0.15216535675174914
27915,0.1184270866393162
10120,0.11282986884850219
32557,0.1443886590637711
14493,0.06608187504005969
28222,0.08382264656995622
28031,0.07118063253700203
26608,0.2462221635558558
19460,0.07301226795613448
23680,0.1954908793457554
20786,0.17066173274483845
11932,0.14380936730419233
1254,0.06887969290026594
5705,0.16878434666568398
18881,0.0770410389317036
20975,0.19655213873181365
21181,0.13551757469164158
9895,0.1084969699315188
25461,0.05017837671041172
23765,0.06620787188861645
5745,0.07490916894488554
5151,0.11817541323443272
31877,0.15315080081917098
31047,0.18745209098000346
10427,0.14326145446715396
3491,0.05398436303960044
24143,0.08678815921438965
13604,0.1298666225736894
24254,0.06943613276907083
18031,0.11617963754030657
28312,0.07734562589177901
4368,0.10722119215735113
10575,0.07369703216458773
8334,0.07770207006674285
10556,0.0806922236893152
5904,0.11368991600983507
31630,0.10020001576796468
20144,0.11137032748087378
16276,0.15644748547925974
654,0.2287170565366049
28173,0.1221749232007772
13452,0.07110881544211334
23176,0.13851832763379068
10053,0.0808322300261258
20992,0.07551603282496931
22905,0.055824378436022504
1703,0.16109291819899252
1518,0.12116011594158942
12572,0.25766062111370525
28854,0.10411297257455818
18208,0.05907757056080796
7740,0.13908487346331505
8766,0.06713102552421074
31808,0.12482050223495393
19945,0.08967533179900576
11643,0.04859163706453784
4448,0.11468182022365997
19365,0.24558426533462888
7122,0.13793506249614865
32,0.12217310313630574
3951,0.06411781362661598
5960,0.07615974010441706
4571,0.07743398721925478
11166,0.07143834477705516
4618,0.1149970956027589
3167,0.09099617540031543
26083,0.09596759408676253
27848,0.0628754849587221
22958,0.07702821472951542
9671,0.2020843914127679
31303,0.08758263157929626
19412,0.18085509723835985
8146,0.06733589714358157
13564,0.06528611086693892
11495,0.17274615446902294
7505,0.10093216820995513
30063,0.09922170920157537
2643,0.07631292850486578
14716,0.07418874313180494
21664,0.11859166575194026
31513,0.0503714734202005
309,0.22270397251867394
20476,0.05993500256116929
10470,0.08733830815432382
14848,0.18762463166153295
28752,0.11160776018580329
5678,0.06884118630414277
33301,0.2534350408393608
15799,0.10686833743233273
28741,0.11418036768823227
30233,0.09597000558130303
3535,0.05154694176834042
30231,0.09054575169069466
6488,0.10963333039442931
14422,0.17641032331185152
12539,0.31450379684159446
32564,0.14848030279088575
2008,0.11781042884187289
7827,0.12403312146502762
19785,0.11891454043264002
5674,0.08792507262138673
816,0.1824441015981597
30643,0.046441603244280524
2308,0.04881134450387514
11607,0.04985929303788874
5458,0.06347221480332037
23091,0.11364712582670529
15895,0.10751760332616357
32695,0.10722901413817205
5051,0.12236570167362953
7774,0.11534891321614273
28869,0.1317914859406534
30267,0.1598008851984029
18384,0.2388200969826639
10272,0.11027649904419791
1457,0.11077586778244718
21454,0.11058507167559829
18891,0.10275785359883408
11424,0.16833507534095934
2089,0.1387483878415467
11764,0.09531144852493284
27213,0.12400890015748006
6828,0.30138933981263183
1235,0.09746058517520939
20793,0.09155086083227114
18642,0.0880475710107121
28411,0.08855461143782246
8815,0.1466225523740209
18343,0.3229932614146167
20615,0.10663931983743812
18776,0.0310316230948466
14297,0.11809008588244468
14381,0.23554327756316001
24891,0.21235189534933224
17348,0.05690388093629622
6867,0.14914468993328694
19400,0.22754564850139528
13403,0.05244057195338514
24359,0.2580691740645436
28657,0.07627547454590287
27089,0.1517125604468786
28732,0.04531062537191081
22250,0.05526906432747234
2801,0.06679086462920868
26748,0.07244089450634592
7361,0.19355164127704313
14294,0.10125272045417053
22292,0.14317598007138832
880,0.06097206183062486
4422,0.13859999625455469
7341,0.11595181904194386
7033,0.12508575674271621
5112,0.04764260243208453
7476,0.1993286363983446
19934,0.09325767690324398
2374,0.11466161552686684
9889,0.08625109989743411
29572,0.13392513898247344
33171,0.18413300804407734
21229,0.13952714901350355
18932,0.07843929999055022
22857,0.0565061289483167
18532,0.25691137910651596
26325,0.28395442533775705
32250,0.12169144465081709
16851,0.15408576349040604
13630,0.06620047165756271
27240,0.10269601362340885
14659,0.11353521292406572
8765,0.150620113526691
28810,0.12379342560112254
32952,0.18297680351174425
6550,0.08506498713223005
13930,0.057457668147803335
25794,0.14869280456591907
18923,0.15076969678555655
29946,0.08900854265553376
30939,0.1331602853486662
29393,0.07605880914271439
18139,0.16067830752648232
1605,0.14131030397156402
32518,0.09831948850212521
20800,0.10091817995996488
14174,0.0782260842535742
26029,0.13817043842214002
13740,0.12272713610718392
23002,0.18508856584842376
7848,0.1131586789635656
6967,0.09424797400317096
32123,0.07716560402995405
9573,0.10645188029901236
5106,0.11305237907388165
9023,0.15611205700356323
29255,0.08180931714050035
25879,0.05337236898532443
20326,0.0905163231591132
21556,0.25514031980451823
6864,0.069900388295309
6745,0.11214295590579457
16206,0.10825639974310436
29771,0.15436307811716918
161,0.07849750724472446
16363,0.110448468132942
11846,0.2966241138125638
32601,0.15193949608491686
8814,0.10708413768492143
13893,0.08485568086500453
27387,0.20012513522836314
21169,0.061002360911579345
26645,0.09106795730225724
14474,0.06623691854701576
31219,0.09241909727185314
17167,0.08705895994841584
18398,0.21096761643507933
7121,0.11128487739996187
22392,0.25660544708034616
3678,0.02411979634807312
26104,0.056243982353961865
3221,0.09713124296646922
2364,0.06319113948724074
2247,0.14906698264645674
32446,0.0694968401212281
19321,0.08157769200350906
21902,0.030882901727824767
19211,0.1159403746977322
8095,0.05367654319679389
3614,0.09845587218927421
12718,0.08043190790792941
3252,0.09304075626343607
16695,0.12062834984977058
29736,0.038670964281954115
27586,0.06276911025877673
27819,0.12476255058810437
25622,0.12177352045830502
3926,0.0945808683714224
28423,0.06152939844610244
24231,0.04099113112397696
17694,0.1515476258282083
17087,0.2698698545432092
11829,0.10462763081682397
947,0.06462625844937278
17056,0.1121678760459654
25591,0.2656619434394152
23140,0.06796844904531618
17600,0.04521744432517749
26003,0.08529724960946956
4352,0.04351780519350629
1214,0.049937836434031185
4862,0.10636640206459744
26655,0.07852659998048894
7055,0.09312920867138293
12879,0.09182617512620124
3541,0.1844249176856674
30414,0.2720780151791206
9466,0.14190377196401047
2798,0.10624130082743032
25763,0.12818032915738137
727,0.07054455136501464
12507,0.11716007551443142
15092,0.11456965783989434
23259,0.08353126192660648
21433,0.1476881923080812
12134,0.04896607311808845
28191,0.07128589446967057
11179,0.07078265265801721
24539,0.047252893852828846
19013,0.1371693357057565
3086,0.1319373840391184
21468,0.23507947129155968
28532,0.06154108043497667
3068,0.35781717768824167
30650,0.0735888637460542
27,0.06375809287821245
5510,0.10764954002931319
9254,0.2542165005858937
14384,0.16376037541013486
13420,0.14777020742293745
4603,0.3499595816459822
15079,0.11470345917531617
29844,0.08269768582117684
21789,0.07211262491104242
12976,0.09813063467891239
27890,0.4575787788227022
14787,0.352878761720166
2148,0.1399177101780756
29091,0.09549649259502985
9611,0.1472246279661158
5323,0.051219165854727966
1901,0.2388729954511464
11864,0.1322260111088517
8205,0.06932427005152852
7959,0.10284754049096373
7375,0.11018312037057744
25528,0.10417032850263923
21909,0.13273527631496057
3168,0.10818700005891255
25574,0.2050422571456077
25250,0.06059072917072289
31950,0.17543315413777014
19551,0.11860149222048784
6706,0.2218133593854063
9138,0.06640895117982616
1772,0.25474655389877177
18003,0.056955267663501605
5567,0.1709164667692279
30298,0.0913230107266596
1261,0.15898804847626916
5145,0.06521734762829884
12162,0.06458346849575208
26583,0.07595286252451053
3437,0.0742771505870344
8101,0.038750919778335335
9776,0.16232449449909084
3408,0.21721160839533002
28224,0.08984080211631473
18214,0.038998652632412305
21357,0.15967385518310437
30634,0.2327068515606294
22115,0.17015445593576986
28131,0.06823923330037447
32726,0.08297690340132521
10420,0.14460141725945985
9103,0.08723256842339018
27306,0.05981914309246902
23646,0.09768392644548234
25677,0.15698582324712596
9192,0.22158200259555508
23642,0.22482204051269858
19023,0.21457363267699542
30568,0.29436331560550777
32520,0.2098388764924785
32765,0.08157290825554876
4410,0.0923539521154326
5790,0.08209663258284243
1790,0.1245797799141198
3680,0.11545873983584433
32624,0.13352661919178183
24752,0.13114090826692576
15127,0.12567000564738673
29234,0.0728230655666141
13709,0.0778711083716734
2278,0.08570248629077566
19864,0.10655840991501056
11218,0.10941672771339186
30843,0.16438461695698248
1370,0.31868786774415414
22777,0.053734581772358604
20477,0.13058784468014506
31000,0.09505262465106822
19434,0.20152871310421483
3807,0.0651534410579251
26783,0.08089740788377503
13699,0.07033786794976114
14648,0.053723195880761146
14023,0.07128774901286357
29458,0.21690900007637146
12628,0.14365337016766724
2562,0.04376235753369957
19164,0.11814962121661496
20819,0.08894599150559827
18318,0.1922622867844661
3975,0.10526505233318391
6761,0.12086889600280454
4958,0.08886612097519489
6253,0.12755759914816198
14045,0.07008109213854367
5533,0.19630479866631723
3972,0.13459397308771653
8856,0.1492445900849725
2538,0.24393573446210845
28841,0.09404908556440415
13066,0.1575371192438335
12007,0.22169196623456885
30526,0.1541032414920404
9560,0.09699461903605756
30967,0.17520888844446614
6636,0.05907054030926533
2280,0.3686385019757179
21986,0.07641890113372679
5374,0.12660930673938897
1642,0.09005753265339388
6827,0.15957060307707624
27559,0.199589049453791
1687,0.24453842641778323
4716,0.07142213058470288
18468,0.23707549973645933
20853,0.056459413123614174
31381,0.08766468569569863
5507,0.14041357161006668
28112,0.10287933061268666
19970,0.148809353046305
2712,0.03190984829719981
9484,0.12473756191930707
10072,0.0971240213095889
15014,0.2648187975021246
4171,0.13386703268767638
16370,0.11783295196459943
3582,0.1655469892532307
331,0.1336820673727797
16885,0.10143927937358725
3293,0.09842556839596558
33033,0.1697283426621032
7187,0.15844503221441278
17319,0.0629325930942084
12074,0.048964313327518764
24253,0.048026014561383966
18391,0.11044376392759121
26190,0.08932312881443139
21211,0.1348530330926865
311,0.23616826908866276
31316,0.06557066623279197
24755,0.06962858615074732
7846,0.08687357873670562
3369,0.10126159159811902
29636,0.08597396546627262
17214,0.1360038757308024
9359,0.05973294025012221
4868,0.1376867471101469
20198,0.2037895694679025
1936,0.08697990048815911
31744,0.19464528804157363
6359,0.14849989740262876
32985,0.2571607663198486
16914,0.12728712110346205
30717,0.15951777800893743
14631,0.07300411404419206
21241,0.11595593454216502
680,0.08589345337030631
32347,0.2710764778193049
5206,0.10321005964083431
32216,0.04493456117746675
13374,0.08003583232531879
30756,0.2815560703833555
5239,0.11074483965366692
11880,0.20164455715009919
22945,0.0471573097819248
1543,0.0947474234171366
11807,0.3078522100907814
14541,0.06977027033081738
16048,0.10077390174044341
30166,0.1337218377120367
29590,0.09336859875695298
24103,0.10101970993278252
15421,0.17105540619271936
23414,0.29462454131730265
23723,0.10456348286957473
21671,0.08266355630165695
11008,0.15444220888683396
20874,0.06043175126327396
10485,0.08363938085265515
430,0.11103499350432693
14450,0.2788344912994231
8359,0.09129807454562597
32249,0.2507894187772518
29505,0.18025915443994037
3056,0.1666864955368714
29337,0.0861584824059499
29,0.0662286651353295
7370,0.10630214802482696
12141,0.17275938978215924
25277,0.07932529108220603
31874,0.12044078003410603
7857,0.24675641066006393
19772,0.3840683894911413
16018,0.11453363351948867
29834,0.26164619904177916
12071,0.10189297379763669
27858,0.15078564551233767
4042,0.08509878340964191
4374,0.12883982485894016
25304,0.07256480194216518
22379,0.1538193054578244
3893,0.06352990096610414
15605,0.28911988607346306
17758,0.14346091841699218
20481,0.18044768517655202
78,0.05479533919649258
16742,0.11196691849935164
24980,0.0901798942641675
4282,0.12053137534056525
11031,0.09432696988607367
9093,0.14129036145259344
28460,0.09485956539065829
18779,0.12254555874592105
15268,0.1571637395347384
8271,0.12475173463019125
16208,0.2647647409997314
16819,0.06132603442648996
24296,0.20473095050217688
2171,0.0788552635712437
26767,0.19361005468141565
20817,0.11802677447853416
15133,0.1970221007069257
16688,0.12081216430680576
2510,0.391481137474311
25423,0.09258975856780347
10141,0.08453350002119082
20675,0.11523636132730418
8235,0.06795647923276389
3316,0.06417490784586093
23003,0.08762694618073265
4299,0.08826415212669861
1054,0.10621601740484571
25665,0.10527722844931127
60,0.16567643302805413
25462,0.09638854929166231
17885,0.16322823233953282
1639,0.12784359345545274
32279,0.08791145506901744
15838,0.09341808536312785
6264,0.03658709025764683
8498,0.0964217160297823
25463,0.08381841762469233
6040,0.08683962623777229
8203,0.1612668320930066
12042,0.0526697170493585
8480,0.10617039769647536
5890,0.05352723726387282
1159,0.14724398458324864
18095,0.06237265172313038
12626,0.09263882173905177
16140,0.06184900903789416
25797,0.0616026762351199
20354,0.19024329054497363
12210,0.10218639621245904
16174,0.13920034189123087
7428,0.10740924975909545
29476,0.12161008414970435
9199,0.1453196315219695
17177,0.0899610782927029
763,0.12227952239778792
13309,0.05637674527350998
18643,0.069798667339958
2731,0.27321209841368493
29586,0.09578151671533693
15535,0.06392029744014595
30381,0.0868681585900791
16571,0.13221539697133725
22448,0.18342877558711038
18456,0.1635109411161321
26080,0.3499144477973825
14099,0.12910917693599624
32285,0.14895847129989562
2830,0.13563965897668315
28836,0.11402989609215321
14673,0.06417506643223637
21323,0.058463209627967236
12465,0.04024429072174121
16101,0.1034225182637478
5749,0.3160650215029412
9969,0.13225248756223515
25920,0.07491782006298812
32202,0.0511991845666175
22733,0.03630279962494594
1465,0.19132884391355007
27392,0.10468379580830366
29984,0.07198613952706495
16804,0.0920569678993339
25885,0.0464697385392446
21098,0.14663579654958356
9280,0.06923517602596033
30083,0.10524226608721024
13517,0.07392326177995467
9087,0.07895859325217082
26106,0.09352500809372356
19398,0.11656901173780009
26021,0.1315816472188349
13218,0.061060774595747
28139,0.141367620748271
12167,0.06785397503797669
19544,0.23749723320617855
2312,0.06481519232670836
16744,0.09536500490928429
28606,0.10494715341917678
4802,0.09829966955197704
14400,0.27700150742907065
29076,0.09580509576294008
9119,0.07016113117564271
11125,0.15029513471638442
9295,0.12568859368505303
13685,0.07916276352948003
15824,0.1161167453960346
14552,0.10105991389006412
11771,0.2725621703734449
7008,0.11948550883484052
7869,0.09622911948203072
7754,0.08183519406645182
25076,0.10517201521501157
29332,0.10210386955770458
7711,0.06106264609897303
18409,0.03128128777944162
13348,0.11981608083123078
12699,0.07881932626389027
21018,0.09523808137397159
9158,0.1845200642120062
12663,0.07558694196003739
15772,0.05907185829214882
22330,0.0785732638715948
10169,0.12908341331172926
26508,0.06969827343299691
21159,0.09943639334400353
3031,0.08007372651179775
8495,0.0999812850868318
9888,0.08837762893422245
15737,0.16424416527530333
7183,0.06908292250978731
8002,0.0783979264673717
224,0.07478300080833511
31528,0.07451735507657657
392,0.12858329841756247
14938,0.10330970282181517
13191,0.09645946200180122
10561,0.07535457196962381
14187,0.040746495159163995
3638,0.2327277984275347
28904,0.09985731711359791
32911,0.10113016935325919
33361,0.07114107546445304
112,0.061117220626219014
29883,0.10785054570633647
13536,0.05594946565191046
30860,0.1018170595435652
22364,0.10691514999199488
15863,0.10846708688098217
14175,0.15863862813796326
20249,0.1261786815407428
9332,0.0602488872818695
15367,0.2905902832493133
19104,0.11615850906032778
24902,0.19229256456728788
20829,0.1445721662889036
13305,0.11014846022599172
1188,0.08432222169827794
10811,0.10933457367268336
15156,0.10502251111889101
2187,0.14929420708387892
9793,0.06832585849407818
20157,0.1668191339686532
16691,0.08036885773815368
15383,0.23213875148301893
4449,0.21858730514397393
23031,0.10928171589545112
15531,0.14251584719561683
22141,0.07848694553429117
31732,0.20354227642170827
27762,0.1657716754941685
8186,0.2868929354960497
11488,0.05605028471487008
30216,0.06634089239209917
24826,0.10129820618348268
29580,0.056348877915543584
14021,0.1598114633374047
29565,0.0982081915007427
25941,0.0929574413540167
24149,0.15635858801962635
14860,0.07652532708034677
14418,0.34060962903575037
26902,0.22428870718159294
32849,0.3642785336553863
18224,0.24559577009161287
2883,0.09335288942930808
5020,0.051248536786509244
7800,0.04096656663810675
29006,0.11926220253210171
27421,0.314589154504155
6246,0.0893178034081613
19439,0.47574551930481657
395,0.08647415537169136
15291,0.1285282638855548
6734,0.14384634103290594
1745,0.09976865743269418
25638,0.09840566611549142
29312,0.06027183768256804
6778,0.2825523530719104
3295,0.08448231717057417
25620,0.07617818475899005
17442,0.07859201080265904
32344,0.11256702462231417
9399,0.11578594414832712
30573,0.2437800976125605
3499,0.11666078857356448
1818,0.10137419520662092
772,0.10951156393540916
2518,0.08018366536310793
20174,0.11705526798893523
175,0.09006708121178572
32800,0.10723359248032362
9156,0.07206646626914237
17288,0.20236747511412356
2578,0.16730337547966648
31665,0.25243246991606066
1832,0.10383679155443419
4679,0.12261210785688771
21335,0.21440528344060183
13317,0.14909950966303173
10714,0.046200127679926595
3696,0.0639540945435972
15620,0.059917623659527075
28050,0.10003475975446051
8939,0.2780761571943661
25020,0.25632725666216044
14392,0.12599372893884153
4509,0.10759795909422533
11276,0.12918049081756827
4375,0.12981185941437656
31494,0.10903903414160246
14229,0.10093672464978949
10775,0.17532911380606214
29707,0.07785230600054845
1797,0.34882807204104527
32269,0.30343365144397566
16743,0.1441972952526554
23220,0.10980407602072031
28223,0.15478689904786544
30729,0.06618613251912374
21358,0.1284044300426071
29478,0.22677512085249046
4649,0.21957402346568777
4690,0.09828935307471669
15459,0.24726555829007357
28713,0.06455349695987342
30043,0.10839927173762164
5001,0.07312392116972836
13194,0.14156104790114038
10619,0.05886479539510422
7550,0.11690991808813378
17583,0.09187933509125451
33009,0.1318122534879424
12852,0.15125076804211962
20010,0.05388270661696744
13793,0.11203865410204202
3072,0.11411079390898911
14532,0.06802944030785837
24128,0.19785408134372354
22853,0.049670757240594984
8003,0.2501909048178093
27977,0.10614167241131699
1233,0.16305694168208262
1904,0.09370773152362057
31929,0.07552206048208598
20430,0.042493232985137186
28432,0.10848337406053449
3016,0.09218405961344771
21858,0.25517952280506295
10788,0.09314042849260609
1002,0.0935670807963934
16790,0.0855062883156808
15937,0.22381899933326277
17217,0.08778773128424727
11068,0.18601416328266326
10907,0.11281224210239832
5425,0.1363751425452609
2622,0.09612202338056801
21410,0.0910736929909984
19647,0.10405498573906359
30640,0.14088766624146382
18383,0.2641546955739817
7707,0.21207294981569796
903,0.08481175407279631
25111,0.23922611360141974
26129,0.1374612546188851
28449,0.09610632619158495
8537,0.08687726297958899
16967,0.11803444950850771
26110,0.06012190215257301
31816,0.21603971939358724
723,0.19868846008801813
3749,0.11095073427897278
13237,0.17689668934825203
22024,0.08178695550313983
9956,0.23497935194267686
33114,0.14505237912662045
28574,0.16143058124969814
20831,0.10738725308455659
19554,0.0775325331469439
6891,0.09847475994689801
2432,0.10519415877609886
17992,0.34234305998343856
20759,0.08571424765787433
10854,0.05197775255350071
32907,0.12438793585174278
12991,0.2339420222582229
17544,0.20098264883323055
12436,0.15078676334205873
29885,0.0833866921574354
19053,0.11213225988086845
26498,0.17707443971950715
10048,0.05256999905890333
26658,0.09882517912442343
4836,0.07628769010098563
6183,0.12884357210877523
5255,0.32855209057952606
31206,0.2525302261564294
10390,0.20728332013677633
3191,0.0500627633940331
13098,0.2348895679770558
23328,0.2580049743602082
2309,0.048201167640629865
4353,0.08092090227239111
6106,0.06079260098457031
5889,0.08404107646382324
20814,0.12241165895780652
10113,0.11154513896684504
33343,0.24247711364162322
5461,0.06742972169485671
3092,0.05788277103114082
19604,0.1058764188924494
21948,0.08582863822434365
15820,0.06954958742934657
32909,0.36220639452766645
5947,0.1337829454425642
8454,0.07542218297131907
3118,0.05710182162444085
21244,0.08845495983019733
5301,0.12244965127742787
7670,0.2207165218755445
1749,0.08149183314824082
20554,0.09201383644235935
13319,0.30743826619175907
10362,0.10146142799475445
30149,0.2414240093667211
14705,0.10934274934480698
9738,0.268293910310621
21453,0.07245487737427624
16635,0.048601778235736325
8217,0.10743937691458702
11399,0.08138901846067649
19408,0.05529766554096122
1219,0.11266633936552237
8956,0.15038909074466297
21874,0.3560254365399298
24099,0.1426186464056526
28379,0.1224829652323202
10436,0.14151978376206778
25233,0.16072909029217047
5272,0.12137929850152517
25040,0.287389630061733
26680,0.08048704658006531
30461,0.11366707754242626
8404,0.11432308809517606
27148,0.17067741238910905
11332,0.10930301376500971
27226,0.12118519851677391
14968,0.05842110753724788
14033,0.09364625129184638
19571,0.22770460348101326
304,0.06637266997192463
22713,0.13163037693095792
16073,0.13012216924876502
6899,0.0991753847019722
15991,0.16972067090567639
26162,0.09601608329511817
4599,0.055724799354853013
20775,0.16352881336600114
12185,0.09706262369350235
17330,0.14223074786381776
21529,0.054182923179981954
19538,0.15491714380087768
11809,0.09124083430753722
222,0.15563555527914913
13464,0.265835145989696
4361,0.22928893676387654
7852,0.09211080243924556
5758,0.10139783633288997
29582,0.07953967976111033
17292,0.10642938123372271
31152,0.1095777647330271
10975,0.1199104971234389
7394,0.04612836422655551
5471,0.17029970760850294
10239,0.2003641245925765
29388,0.15986619048600798
11237,0.10713293629902013
23880,0.1149250360048148
15946,0.10854612596707432
28492,0.09125738588337623
23150,0.10386345852020086
2032,0.18828921750779298
33316,0.20048615911523626
6078,0.08801312232885619
18795,0.07618522113904391
5275,0.08020375204160753
24909,0.42779060769391664
28018,0.09491845255486964
19281,0.08713350010425273
32659,0.10118984531048522
19035,0.1549604753617441
21089,0.11621880004073842
28978,0.1854802518088603
17012,0.14845823433537514
23736,0.21068191076352316
10384,0.11664266260930964
17476,0.15855457995057154
23624,0.132805913270035
20371,0.1601296393754079
27908,0.10437677404007424
1992,0.12353115593679931
19788,0.07620422743488656
10739,0.07753212156692078
8559,0.05655623052080077
2037,0.18761259198119326
2636,0.33597410163109964
31566,0.10555618115717043
13963,0.09510631274599488
15913,0.07620525379944271
27944,0.08357094752832502
11425,0.12036362645598517
25549,0.10315560692510416
12426,0.20634054609260816
17612,0.07901010536660176
21046,0.06416248452972129
1899,0.16169787085263682
13764,0.14505163461239218
5007,0.06645199647545663
29022,0.07086958390346915
4503,0.07780501941325083
20679,0.05551401415216364
11768,0.09779164062728343
22611,0.09019231222459108
16639,0.07010536251489179
15507,0.0529919613534497
1152,0.11288280892493179
22690,0.07624625104476813
1829,0.22005860388522283
16457,0.1477962556733287
4332,0.08655745266159862
2778,0.22857389100148606
24503,0.04501105179176337
12678,0.06282007473200285
8345,0.3803371872735345
24310,0.06488355904507423
30143,0.2008358369661888
15401,0.223152726387491
28993,0.22709028206300108
28027,0.07744990114821922
8368,0.08312958408982153
5365,0.3061115093911711
27362,0.215610508353701
6199,0.07118429103281128
8280,0.19081996473067067
28701,0.08301323826430833
16942,0.1610770728183478
29422,0.057265749320531655
20827,0.05846649626110631
9473,0.09017479887510399
19354,0.12677801253816282
22928,0.08170904318078231
6226,0.09061081266690053
33086,0.14966306234791005
4683,0.1726612005934642
30767,0.07149636191980657
28127,0.23493649123746305
33280,0.15609012735500194
4367,0.1495058240380717
15142,0.20967987412635383
31147,0.12641848716216347
28995,0.06875178249679022
8570,0.17643734675343134
9830,0.34376378726167717
2941,0.08709534371877577
28901,0.14210084100137618
11756,0.25838654625190144
21117,0.08708749070068292
20886,0.07941705854579524
8225,0.19334643240364707
29522,0.11050517020895192
26870,0.07891132446828023
5292,0.10619071100496313
17499,0.10308819391237115
24699,0.09858007792786773
2153,0.11222237854329367
8926,0.19257326698748842
8012,0.1468471085155614
25446,0.13224893492094578
16489,0.0562633969791025
3420,0.12341490455506993
16715,0.09456535166566117
33350,0.24462241600699125
30940,0.30177259400935336
5087,0.10469429018104265
25689,0.09777351442142702
962,0.13086157987130553
11645,0.09327238411884323
27418,0.1118304718197911
30222,0.129446993128795
21025,0.1418771789586944
6986,0.13181715992919696
22886,0.10017081670356011
3693,0.049046184403995094
9482,0.1368395534773144
14308,0.2767521653019895
14814,0.054083333787030737
25801,0.0873363138216358
16900,0.11948543670419873
2627,0.16433402460808114
25450,0.09428765001802301
33201,0.15864978336058524
25501,0.15319333820120806
21239,0.12830554017512505
18442,0.12210591226569527
4560,0.1367278195314182
4169,0.13938483905937465
1540,0.13384562566480282
5280,0.1767373087534368
18374,0.048881399619422394
27684,0.12269763130400621
29067,0.06688567515724175
22705,0.12549006813158683
26941,0.29356041234677854
9117,0.2750618778139783
9436,0.14369837080461165
12997,0.09057529944958889
6910,0.261515940524017
13589,0.32369656789302315
31221,0.13358797055562777
14625,0.28739210930787373
21783,0.31810909015005184
13330,0.090677289288689
6552,0.1808087574285136
32396,0.10407430083110437
31899,0.09866902226886538
18185,0.06666715760400564
29081,0.09066224514422368
13984,0.04399505832402596
14395,0.14735639765877875
19591,0.07887738710808813
29995,0.07654659769651274
32088,0.1052417985393784
26075,0.10500638394959041
33202,0.10368572132076768
20380,0.41238241916855795
16423,0.12430750396121416
10331,0.11710476560739594
498,0.0776201443046564
32059,0.06482262877019394
19298,0.1402411381539987
7804,0.05241900851050908
25498,0.20316196660414565
26278,0.1061684461606585
10681,0.0692892162274185
15700,0.14849787338908374
8748,0.10338057555663241
16680,0.12633448677208656
8390,0.09159200634431063
23719,0.44507457472170786
5529,0.12688226819775983
23669,0.13289324889610077
23456,0.0732141906248402
1046,0.1025187057477013
16763,0.07793768672440342
15285,0.08304385902532876
8566,0.05770429271612715
9243,0.2186241067151969
548,0.07355368008244687
23255,0.22841766114440318
9927,0.10680748179494524
16212,0.20580913745053758
2349,0.09562694514435144
27576,0.09054468687656912
31367,0.13278876294167039
20057,0.10950420344170371
25614,0.2841281873676228
23309,0.11289523660500211
10432,0.10785468318051195
5968,0.09922678826839411
25982,0.14949404815107983
4399,0.1258002652768407
5693,0.06036416032317297
15927,0.057127842572880526
10571,0.09821520463028428
21226,0.10817514238351125
9887,0.10333839428676367
13187,0.05309480150671801
28351,0.24994490187233423
18200,0.08121948099650647
1049,0.1458380264114776
33116,0.07328893943190938
23469,0.09938872004294122
16633,0.09744726169414925
7678,0.10753816644794884
24720,0.03852079291109446
5969,0.03614060662346107
32961,0.19161183368884202
13757,0.0640905866808122
4623,0.18729068891870262
2803,0.10349495864280482
21143,0.1476884714998842
25084,0.1288915995302241
4600,0.03493753734744762
31713,0.36109152073563583
32516,0.17143908786457437
3671,0.10888219404096654
9593,0.13444199186140054
10656,0.3317417826521158
19722,0.08371287985482771
25720,0.10373618391541366
1110,0.14510219655686826
2151,0.12853965313068355
4325,0.1750110817917011
1031,0.0907318781449004
28445,0.344607278931128
12880,0.09241379289579903
11895,0.10413665597592585
8448,0.21919693249369204
33215,0.267691845250014
18434,0.09204793428096875
30987,0.10610222703898722
29278,0.07535782595243343
32684,0.24578645873370145
16908,0.15410718961496492
7206,0.1045815621884649
5408,0.1919599371871937
21277,0.2349516085128028
14039,0.21284732052900696
10552,0.286978913833308
6975,0.15307712923963154
12851,0.07718121203454649
20278,0.12275713005462399
4110,0.12055624891062838
3161,0.07966791672361749
9356,0.1133173717864393
10414,0.12051908138207776
25121,0.14849337460569875
1178,0.10017372965670752
1979,0.21487943128047451
25912,0.2886391962790401
29195,0.06576980858577249
15674,0.12021121574739849
4588,0.09539869905759621
12836,0.09578151671533693
4643,0.17311205004742453
32185,0.28827820737080523
25806,0.18730559854092044
32531,0.11194659641418268
21339,0.2836618183653179
14050,0.18370106229444552
7096,0.08660329758642211
19403,0.24583257056663027
20513,0.10710394907819454
24848,0.1507218100671713
10590,0.04674720042052254
30531,0.07240660123254859
19906,0.14090775437668102
15223,0.0666452776189738
15842,0.06895873108080545
19204,0.11011537276667897
26495,0.08637835577120109
33288,0.10977717968899978
4079,0.11530399986045356
1390,0.10863793808626857
18990,0.32510145628128406
31201,0.11246802881286243
19103,0.10222674188450837
15306,0.22402298871159673
25904,0.11571880316141903
5246,0.18659855259034744
1208,0.12384641501968136
23418,0.05815724890465642
26683,0.0781675904809282
13867,0.1568372193276895
26910,0.2126684022889783
15346,0.1256009451257616
16732,0.07112741164421127
17496,0.08412348590216567
10426,0.09890824506412757
14117,0.12883583437163623
17960,0.05933867886898045
27883,0.09600956469262756
712,0.1875191731539205
14575,0.12003258289365386
30915,0.03612056293487453
24292,0.07063376915402006
16219,0.33483660873007326
5839,0.08534732296877659
14318,0.2073605104243155
27078,0.10839936030836053
17094,0.11113591535336567
15865,0.1417656167111831
7884,0.07393608719844129
20001,0.04914323985611036
21038,0.1030214464133368
29211,0.12418435660852968
18299,0.18036310814586473
18669,0.06239596368096405
18622,0.08568593777654797
23269,0.1707430175131828
472,0.11367812130224793
31841,0.23967114387486008
31813,0.32036710473205054
8873,0.10278410215868541
6984,0.19140030799353033
21801,0.07258625888595983
9201,0.1363096317784433
10080,0.09234951488897883
11861,0.09928164485062385
9063,0.24161993004687268
23211,0.10886999853556094
1114,0.17860240896571244
23679,0.1530456280318742
25764,0.13767342248706665
19559,0.20127501816099067
26606,0.10424175564862914
16594,0.1266356323087915
13128,0.23101309221723446
6751,0.11408021725618121
19725,0.2650580045967476
9936,0.09361034059098876
7071,0.22620725802267122
17683,0.12886148255816696
20148,0.13359070248414662
19894,0.11507510304347458
23272,0.14646021504000312
6486,0.1313347311427373
18012,0.09200209319777941
14588,0.07711666887174488
27650,0.09230023868688457
33027,0.09793073769658502
22630,0.09090568599203906
5649,0.0877106386880058
25001,0.12219372983287705
5670,0.10311697003456743
26866,0.05410650576484951
3197,0.08639519165473683
21439,0.06886786843381142
15551,0.07464213499712434
25894,0.17086507150896493
13935,0.13117781884333632
19739,0.10509298175391535
30264,0.1504115721780463
10589,0.03861824030778638
12576,0.13091593468691584
25476,0.07475306698785437
33007,0.05453819141581745
20224,0.0437682719948065
26931,0.06913982005672487
8986,0.13735218100928728
3313,0.10277319491575225
32018,0.14627033799902073
25807,0.06545408751899773
27965,0.11541501775096738
24638,0.059069938166905755
14267,0.10630565444839135
19606,0.22208871023660962
7200,0.1790952714702032
16225,0.1097152124921744
14645,0.3005799391155063
22400,0.23571518183126947
17574,0.10164606177744231
23416,0.05777239354805487
29468,0.05961020161355114
7817,0.06989872614919784
19227,0.11322202904947104
10979,0.11207619497509763
8125,0.11956855209327617
15627,0.11679703477778945
22554,0.1827395471726616
12239,0.07740042162569141
14589,0.05172655209819369
11902,0.20488610220283462
23118,0.2661544784706941
2366,0.16075719313691525
11105,0.06244104833411246
30666,0.09077900461312118
32106,0.20904671040983555
2411,0.08372437157750018
27388,0.2220589334629116
25984,0.08855264731681269
18782,0.09760324872616483
30087,0.3701699779053942
23857,0.09670992843428068
23855,0.07415935160757656
20551,0.0667081088765426
21380,0.14056389981082934
3446,0.07230809070113485
7825,0.20305749047384467
466,0.12722532719550453
11219,0.1682294569281949
15443,0.08005564888100064
11532,0.09477638743913916
6129,0.07065832643387714
20082,0.07887134358173582
20849,0.1641361796103062
3803,0.10342194143591892
18372,0.10703278665892953
26169,0.19231072565606175
31646,0.10687399946384703
6458,0.24718387146320672
10501,0.30849144624851194
3469,0.18131331372936457
128,0.14887522210613494
17065,0.09434298511082843
14035,0.3548762878585945
33073,0.052062376805487254
22574,0.10743622123108768
4788,0.05145562942516977
20612,0.21527539679545302
14933,0.05695008958083816
6989,0.07041633021875188
8919,0.08276853283689536
30883,0.1080797144396712
30114,0.1175364062930833
5684,0.07812387444662819
5964,0.12142432539169093
30119,0.235893391498489
23057,0.06624431584356565
15965,0.1081197229622393
31268,0.12373584651062242
18718,0.26807436358863457
25138,0.10369567182986499
18785,0.07566302417880692
6166,0.13628332888796607
23249,0.08353577652945544
15658,0.07378130452078101
10275,0.07548657759865963
881,0.1384949952833669
27887,0.13440852546868035
30969,0.10668371482132803
20497,0.13302278114577695
20718,0.07350482248442955
650,0.0705720445087764
1677,0.06922043400706741
2509,0.05768212590920602
24380,0.0869463848896409
5232,0.1499096198486285
1193,0.12254132447314303
4286,0.1124057504734395
26515,0.3025338822162036
12742,0.07022725491631161
12470,0.14744347898474988
27173,0.1259208191913465
1570,0.2017060123292741
21821,0.05872678709190831
32492,0.30621391690322375
10024,0.13561045227959723
1196,0.1124130432569966
22296,0.0988069661152751
21578,0.0709032671064714
3323,0.07224225616128938
5616,0.08146781203554622
13708,0.18650686648070297
2201,0.058388908246974736
31849,0.04213075810004045
9410,0.07436616256400999
11831,0.11522746779960476
23918,0.1463350908239956
27141,0.0847515935615684
13511,0.22935186424558976
13074,0.1452456032157558
6284,0.10684363835438895
6566,0.05093743749533357
8257,0.046638063005867994
2038,0.08134609173461639
12677,0.07851786485600838
10655,0.12378604836857061
4938,0.10967498684306096
24553,0.07663164414489926
10628,0.0426384353722146
33165,0.059170934107019665
17769,0.06319066260165361
32289,0.10868398854581938
2550,0.05424723678965797
23876,0.08275576370630246
31281,0.1786583459229655
4856,0.25870600807132654
3097,0.07445125624187897
19138,0.08930985701505971
10274,0.1828253828198287
30254,0.08536435534867963
1825,0.1254160642476615
17837,0.08558869621495557
19247,0.09340542696336362
31620,0.13141300277717927
32576,0.09715882320627589
3883,0.08980150376958376
7214,0.1052214577367713
2451,0.20366590122399705
18710,0.057834959161971004
14987,0.08455878703082398
11456,0.0729717601860232
21501,0.23369022510840903
16495,0.1039683704975772
20631,0.3009440187335793
18346,0.09272175204397586
14764,0.044217134101908424
22506,0.10092660923071242
31355,0.09896087536667676
23773,0.08636179622611391
6860,0.1833893031191859
26703,0.05356598525810467
15120,0.05738884798644042
32881,0.15063595423759757
31639,0.20531669355140078
30983,0.060354695389281246
9648,0.12054540331202174
28189,0.07595540654134307
539,0.09690607089483093
30503,0.2563188025309117
10630,0.06319963386057922
13107,0.10581408752051615
9844,0.09620578136349008
8684,0.07744528473171548
22826,0.08017789427020115
1451,0.09176583956965356
30273,0.16124006202762392
26995,0.09235152409216874
31198,0.06046872686844009
18351,0.3527651642748546
19024,0.04814202255010372
16074,0.16249593801347925
23884,0.07132947152246853
1556,0.10467284848798823
15136,0.1463512508583734
12555,0.054325920444578624
19418,0.26830606638617044
13230,0.14969230422379967
19245,0.04837591512781824
15636,0.09916252843669107
30674,0.09476476416405001
30779,0.1559959725569562
10245,0.09480577339986872
525,0.07446480270907736
19907,0.11489015793436723
15901,0.08686661160141247
4703,0.116765737442013
16252,0.18158468255850627
16867,0.11330428150573668
6991,0.14859503978393598
26548,0.06431614527455033
31037,0.19561970105029908
429,0.11565989894922911
30775,0.06473711982924188
17561,0.1348661033251086
31648,0.12678124081745132
16293,0.14923538897596053
7360,0.09703935625877438
16129,0.19589737775024016
18377,0.2354547658610946
24810,0.16639434990866314
30982,0.07387671175932363
26037,0.2066332708892827
18540,0.07288664888777509
15789,0.08730437092573766
8602,0.09887982098429271
10100,0.039689046412499075
21133,0.0933908448318752
25647,0.12402060301254662
18615,0.07500491593907577
23747,0.30744774881263465
32525,0.07806043000447702
11082,0.08722679513881094
11958,0.09554020043784461
30150,0.08351620072289734
3660,0.08797543546376578
9970,0.1313302047814007
5772,0.07084212335014022
23808,0.093072538917919
31944,0.09977422145170214
28126,0.061049068073908176
5387,0.057759811577765226
17169,0.12128313391627722
21961,0.16320245096337274
28495,0.16142262239304891
29236,0.09905827576160554
29732,0.4395406530949848
12052,0.12358579431462
26368,0.05078393559561884
9595,0.12052898901898003
30101,0.0718166626273793
30341,0.17742282370373094
8733,0.10080797844565977
29105,0.10242953012486988
24959,0.13765760940171062
10073,0.13301951291370143
25924,0.062382433837022924
31501,0.06984897580729599
32648,0.12096370290789134
2362,0.06393314335929509
12567,0.311744052921919
3335,0.11774520953050754
10016,0.06994650891843945
25170,0.2739669544143475
16568,0.040014580618270366
19390,0.08125599909842975
26066,0.07323431533434056
18443,0.40757179163786855
22063,0.06295196512746704
14952,0.14003518379679708
32375,0.12120708139131398
28960,0.08191352490946076
9871,0.2747199476974403
5353,0.1432602846037504
33233,0.10036461906803684
21370,0.04341104080513044
25858,0.21371532883997377
22903,0.10210235083804428
11277,0.10718566418660672
15364,0.3020835324770977
27717,0.15968171733626046
14406,0.14308266065471978
20050,0.1066968254236551
12612,0.15590765691051353
2650,0.09123108205760239
10631,0.3156547506762931
9506,0.11706685910246878
31162,0.0549050586706581
13011,0.13237454225912268
16920,0.09629253767916802
30474,0.07768136860757219
23873,0.2007984582091067
24312,0.23611844887147548
26798,0.047383129082190195
32896,0.1980208777242105
26841,0.07293533029076821
21524,0.22943229123931905
2797,0.06582906763438388
6569,0.19782140320495328
9673,0.11081875474709486
1488,0.103203554669579
2570,0.12888462985803473
16369,0.18281751807291086
14340,0.10662749027073856
15766,0.10699093015373715
28230,0.05659214488783831
15180,0.12621391615164876
28632,0.09634735575219089
13055,0.3160944765976295
27814,0.12797284634742517
13446,0.11945430749334225
21431,0.2343548485724933
5751,0.04678882677789231
4285,0.04768326502788261
26142,0.12268238117521783
11598,0.09313581817151606
29929,0.10567990353369502
13472,0.07046060883682022
11032,0.08240923078412732
13292,0.20990371337158903
17048,0.26056656087537927
17373,0.09224962485181114
29205,0.12852828059984955
14202,0.15280966716031383
16775,0.11948687470761891
4559,0.09150815838221639
32457,0.06572904129232608
7324,0.07170711980957645
29691,0.18061249366619256
24965,0.13135126077196446
6519,0.09191249143431261
2553,0.32920470241660016
19461,0.12218778257600015
29323,0.1066700569344813
2863,0.05673947690350147
23307,0.12346964125403584
15975,0.08917208061176132
29655,0.10762777936235546
26107,0.14457085721843435
2067,0.03197338866438992
8387,0.08349466506393251
32580,0.17560321075616867
32871,0.10091093974465856
25668,0.05002370208513181
5661,0.07838331971164042
25653,0.07875318488662483
17622,0.2058211758553343
21974,0.10695899320312842
30285,0.1140059996645974
3425,0.19984304035902326
2297,0.057636167719083586
7265,0.17248477495824033
20345,0.07303788807612353
29740,0.058415585700992145
5524,0.10740833067916841
26045,0.07669130847961972
20393,0.1854470830718074
12233,0.08346686480263389
11579,0.07308530945958001
14964,0.06908473677435002
16196,0.1026986084985544
10835,0.1964692737564029
15212,0.09717117571451493
9781,0.08729430894895598
6917,0.12818212628941614
20363,0.20959227835433875
6911,0.07740543966713402
7161,0.07374811996247133
21707,0.07551973506038517
7063,0.04988995101038934
29245,0.14646749021106467
16753,0.1826931775406529
9597,0.265301119034136
9353,0.12400055946579304
29877,0.0759021944718209
15961,0.058064441532031004
29374,0.12224783158839661
22750,0.3044845385912267
7077,0.0652093527523348
14415,0.2826978551472136
10095,0.08620909829305094
14118,0.12957711896373383
17488,0.34297096725468823
31305,0.12109102151922906
3326,0.11238597981221643
32437,0.08976537268180873
232,0.11084223208532826
24864,0.15473920656447923
9831,0.0928209635775257
28098,0.11091112102684575
15554,0.10536927181819435
21252,0.32239599196311947
28859,0.17362297691748824
21508,0.19469900364945483
3076,0.09548248025205745
12777,0.12132956500879297
28575,0.06781549458694133
19651,0.05580364996700738
8192,0.08466062744793755
2536,0.057942610819258354
3373,0.08423463383848576
3933,0.06909723323812442
5459,0.10732556202855512
13500,0.18976125470910388
5398,0.2177478379375268
3843,0.07481807621336829
25406,0.11233528004895392
7875,0.07842453834860688
15135,0.0851282138530424
16100,0.08318033723347452
10818,0.044713577185408415
3195,0.06193595420136133
27880,0.18569355836629536
19899,0.30746628232871637
11089,0.10912792529053428
14849,0.13348353702794657
26078,0.07929235782073103
5391,0.29321450541737354
7745,0.07771243703550032
17572,0.14679540488881393
13698,0.2804525843652472
61,0.14158476777232415
13601,0.0817589996996586
22674,0.05704092472145128
15665,0.09644799663245504
9746,0.07549075332925784
18982,0.10546749741246576
23576,0.06949400117413429
7602,0.10829743876390961
31365,0.16834529970646459
21940,0.12983618052526982
210,0.14840489709549498
2423,0.22061297186829493
12533,0.08226311008336662
7053,0.048873400862953865
29801,0.22084192968007096
29467,0.1396675396891953
25048,0.4226633086849353
9193,0.2750230890134699
27186,0.14227497654304494
1911,0.23323593057060493
15219,0.09912467565078496
10395,0.1251159478083236
22934,0.10442037757210612
22552,0.28872377558466894
17281,0.28682389259352076
32481,0.24386320747930187
1716,0.09463662393940488
31,0.19113912540093306
5873,0.10546495469200937
21375,0.31754401323259174
22195,0.1135585245022348
25006,0.10020664428683042
13124,0.19026528006342439
8425,0.07090044734357098
3969,0.06408616580073125
6180,0.10091894234774909
9351,0.20186660527410835
24496,0.20818038258489105
19003,0.12180828506623825
2907,0.09860225228043186
11605,0.08748214994121027
17243,0.2982577739913697
15561,0.059239528173400696
3516,0.09429117212870952
25734,0.11305718357407077
9289,0.16103271093433902
21312,0.08292502137027088
28957,0.1526974708982616
5186,0.07328366598320649
22178,0.09335643023526022
16420,0.08763431710325136
14865,0.155562107704284
3784,0.07620461731532104
32577,0.10597643914660557
10293,0.22750233626769853
16004,0.10896201378454404
31400,0.1990877198718528
31052,0.1585826160409751
741,0.09570423741011143
33053,0.14306779536800404
14471,0.12905467989270905
16772,0.2400750815257241
22255,0.09742795892124194
2826,0.03585077255237229
10881,0.10158320000933024
28668,0.21651275625857358
13952,0.11012405146910816
24886,0.20637185555661638
32810,0.3017434783919827
23271,0.05645356554279198
12928,0.07586766214402192
10029,0.08210859124122337
8465,0.20913516500266602
16043,0.1043300212675097
14451,0.1788601416296665
5015,0.22545566948730716
17894,0.08380634318019517
21314,0.20382080437298739
24498,0.2973080430285197
8648,0.12017309911347372
11610,0.06867136766830868
33178,0.08061729490353876
11781,0.1217250845832908
26350,0.11155078500377652
16637,0.12015510951640469
15905,0.06433249438309067
20591,0.10546282603585638
24514,0.08695641290413644
17314,0.22077619090606432
2597,0.21266255285372662
31540,0.11901960669224658
29104,0.11185988774374088
6405,0.18703991641041195
2962,0.12735012677865107
3439,0.079603588713215
10437,0.10370358107003809
21913,0.106882666405973
17771,0.21544832461932975
5753,0.14028306956124428
24618,0.10775708541541192
1150,0.08563643486796228
8250,0.09305937003244677
2522,0.05321594702611518
18683,0.14760656651007517
2519,0.061119758600444676
32442,0.12800372865699292
12769,0.10645555955606109
26256,0.10766175342217868
29116,0.0909088703694668
22102,0.18616511284972093
8938,0.151960500280496
24158,0.3756808857230995
26575,0.14957096104665424
1050,0.09696892331459198
9999,0.21041738874185645
30837,0.09962039051676799
31272,0.2437516442752246
22294,0.16239137936363474
30947,0.09452623785653823
9068,0.08753644409453096
253,0.050394942654299175
23804,0.11455606721692642
14855,0.0854444033231845
5504,0.15863179365317306
29027,0.09774860211429459
6740,0.0708602696849105
27180,0.04302607954431382
26795,0.10732897968088187
16890,0.3205613101066647
10644,0.3226040018289836
6523,0.09705528402528658
15361,0.1497121550772646
14189,0.06282190378367329
12041,0.1688382990656542
24482,0.19468618112979438
3260,0.0634988257539141
7814,0.1086143664990741
21606,0.11517399956657977
25739,0.14613611238554644
15470,0.14141655420917346
4488,0.14502934062876072
15182,0.06719307607167779
5888,0.09601046504366009
16364,0.17756300579170983
10649,0.2602166383948825
32097,0.17710821740922975
11464,0.38468154789973874
20151,0.059445128145758065
20805,0.06805390906975738
25253,0.10330102203323256
26070,0.09401840019382081
32235,0.1585138589313484
7591,0.09640425028595681
12922,0.37751513508863693
23110,0.12825331021923717
11297,0.07479068187547726
7904,0.06869017500157461
24358,0.05042708798571505
3286,0.1170272957566325
32376,0.15910544258532852
25050,0.09495433144449293
27652,0.09892471714110918
18551,0.06408647697462738
2864,0.09145781147093614
29914,0.1586624834435088
19676,0.175431383562777
12510,0.17200535820058346
1828,0.3018799838630653
22754,0.0952084203865285
184,0.10615279623274945
21826,0.09055773368215045
22269,0.06510897818200566
7442,0.09276620027738432
2699,0.11713430482867612
30617,0.09937240746396765
30397,0.18746336625292842
9868,0.11725754312446669
27969,0.09873681346203853
8105,0.17026657533237483
16756,0.10015155786174669
18252,0.15478422245862192
6573,0.1791566418975739
25902,0.08118211545782116
6344,0.06885376158639056
21054,0.1558293824218407
10040,0.1358515441272414
17718,0.1296240859031041
27484,0.07286121417899596
1453,0.0918721413530129
18618,0.09114834098846594
29922,0.12971159390815978
14946,0.10842183881501452
22694,0.05817054389304325
6089,0.08986282751303819
29241,0.0554610208005625
3090,0.05510226312500465
12395,0.06793749640272949
3544,0.13011098800462523
9994,0.11044061095575997
12330,0.16777396545718856
17835,0.08771096538586959
24183,0.0989009001401355
14891,0.05618974989674923
22941,0.08423275502602993
31666,0.09075039353592912
22939,0.11244575824218596
31917,0.1225753639295642
31655,0.06935998458390845
11678,0.06720959382632773
14440,0.12114886482804944
17537,0.16153611140628502
2508,0.07381704840474848
14046,0.15305837114541562
19135,0.07879698160184269
6729,0.30708198005469195
21592,0.24531969409715024
31149,0.0786054477115719
5129,0.19512539158886041
23444,0.30710020366650986
20173,0.10619140500380092
18811,0.23713932964965245
20883,0.055353227675294665
25312,0.15174210586455203
11984,0.06810772644805174
16467,0.07905697896760336
22343,0.11440241632645894
31975,0.06749611631840119
145,0.11924122951618264
20091,0.056522785202167906
18793,0.08772934349814954
28054,0.12012187041366627
12306,0.21367210285634441
22985,0.1061485814163618
19857,0.05511863682064296
27083,0.17163386266337974
21442,0.2247524148025946
12885,0.17627207937636422
30692,0.33265209869933227
20525,0.47768470414731945
17503,0.10185899492083123
31588,0.11745030537559581
244,0.11716568027711852
7521,0.11908169105351935
30410,0.11624311398760745
26446,0.3133778751626062
3122,0.11587193623063054
9013,0.09731439964579837
8350,0.1139070728775288
23672,0.2627750103084377
17306,0.4002912937080733
14699,0.07761710273971535
10473,0.25987033489426464
27615,0.07410407424021839
29396,0.08714580357275545
3908,0.10082521252672033
28890,0.05747290591349325
24472,0.1210749032941735
28546,0.218480512451773
29962,0.12150564749599373
21572,0.09249333831869248
26892,0.1435330016297629
33200,0.05020639064608613
8832,0.12095753315205192
16996,0.12126592233098832
31738,0.08806942776284458
19242,0.07213243451205024
5415,0.10871802339483823
27420,0.22910152994724212
33371,0.07679589924462982
22273,0.0751520957158182
21103,0.06098161546134121
10433,0.16694348211838084
28099,0.10696830448158738
21853,0.1088454245514812
21027,0.12152760533423614
32873,0.1987312611002477
27776,0.08342803115747173
33151,0.2586282851990252
16240,0.16670360869167722
15391,0.1451203910468247
26353,0.11348421110072686
774,0.12155083303333133
17795,0.03567468407212627
22640,0.07494030886559355
23503,0.08998847224818278
3138,0.10600401907968166
21266,0.20228220249695977
18671,0.158016394285039
31063,0.10119786564995449
20512,0.3024797107352068
1440,0.09987123964013277
3205,0.32346897746222153
5285,0.20898549879260442
12127,0.11701369301425668
21509,0.2859041874101219
10851,0.211364305484232
30697,0.08625737066705817
30208,0.10724371716316788
32424,0.049368987823243386
13982,0.08901948606736515
1976,0.204328580148112
11400,0.08183866145866513
2437,0.06260457356217261
5699,0.20539548707612246
21666,0.07295105327260222
21561,0.30970014708326454
18032,0.11023443791442289
20366,0.17470154364778392
28614,0.10086756019219083
9018,0.23495569124596002
18298,0.10307684224003792
25749,0.15909190462568842
22088,0.11358966260128905
27354,0.411911568168559
30659,0.3226488265509552
18681,0.1326898242441349
6643,0.10512929546550737
25637,0.15667177217179165
28626,0.10142697120964238
28069,0.15654141283170048
7462,0.09793794694485992
5754,0.1756563769674663
30162,0.09959747283753098
26609,0.27229509849798866
15105,0.06732572179536324
1332,0.17515833849743237
12114,0.08322192877442519
15691,0.07743740114050605
3231,0.09208720872540768
28827,0.0799237691671845
15797,0.18945095955132285
15194,0.0666003758213498
13762,0.15019503122550623
2215,0.07114036215783584
12388,0.07171289989787484
21675,0.08317964115820607
7966,0.4037428435941472
15546,0.061641944746237326
6303,0.09680280091799634
7518,0.09558685218803202
15489,0.2652605326063674
5903,0.21763023506124568
17282,0.11618172866010501
5162,0.04894974901953353
1237,0.0900755625967513
13352,0.27108901706031713
26042,0.1204402875076878
21359,0.05489830937210882
17109,0.37450991880779433
32725,0.06936628603207719
2532,0.06490487344693661
8529,0.06863469502342869
26882,0.12368179454755401
23616,0.06881260327393601
31055,0.19875567900755609
15024,0.0871656642913746
7030,0.2011001042217575
22569,0.040934602401625046
5082,0.10734604015234367
27336,0.1271631015482244
24041,0.21501122383724397
27465,0.10874078936725541
31336,0.12839024903683877
9849,0.13349009473301618
18107,0.08263024832595103
31759,0.06892059859921706
23030,0.13528406600519907
27007,0.10049358175181504
17751,0.12269063657443671
28910,0.12888801270911462
14241,0.0761901907268505
18917,0.06434340273655205
31827,0.11835222872477774
14585,0.181074029571664
8260,0.1905723769125418
32875,0.12605549251221848
13602,0.06003037395186762
30443,0.13659573414190293
18602,0.12781804183219664
19801,0.1260391118909796
2631,0.21284118518996517
19607,0.09307680287173292
19487,0.046554993284281414
26962,0.15062994118458334
2379,0.08905381269476109
12339,0.10317358070970295
27093,0.1435803025080343
1962,0.060544395822288516
8700,0.20935904746752282
16821,0.15608044696620405
11795,0.14891217115413743
30056,0.06883440631188599
18574,0.23422332307005508
14619,0.08168908693794862
19100,0.12907137722079262
5935,0.11019078613854397
13334,0.12760299994926297
22805,0.06357025728029018
30550,0.09070644717015901
12072,0.2753469555242735
12345,0.09919403214281301
18631,0.2967944994337147
22106,0.060809462950145776
13853,0.05778641400795008
10823,0.11466347653133148
25414,0.1109682655553341
18341,0.08509854396990066
27531,0.07487169647710337
12789,0.10679568463312201
32076,0.2594225280438024
14122,0.048306190720130905
10621,0.08878832175038003
27542,0.12835918885098996
19706,0.08507690775406977
6319,0.16904056931476402
13907,0.2050547252118145
25983,0.11670261085964986
13156,0.0966347714211808
9478,0.07377100328884381
9546,0.09134764371464286
10463,0.248249545229735
30316,0.29004052720822515
4322,0.2678216387012728
28856,0.15885182393921612
29637,0.041554327411852325
3620,0.08143702566899204
21922,0.04852995143968768
19436,0.20758491438955531
12978,0.10386208452340276
11272,0.06637041120386299
25074,0.27146725988118486
31426,0.13011098800462523
3511,0.11142371890642323
1239,0.10288149971369329
2913,0.37417359461400607
426,0.13365197326953251
5654,0.0830621850808784
28085,0.20950717011812264
15904,0.07762795577792833
12,0.0690325713666802
18535,0.06398054318328115
9048,0.3519157575322589
10082,0.1034193303563126
23964,0.17791641528120075
24232,0.14892656054523748
8806,0.19440944184765974
3054,0.21659822035477225
3528,0.08909859862203089
24350,0.0827516113165366
17570,0.11412574481881915
6859,0.09051505949775372
3710,0.10108244734737643
17900,0.17986476595860287
19200,0.09086661732267869
8418,0.08361562864749814
19428,0.13702484796975573
12609,0.1290760545541988
6249,0.06265856141135595
22229,0.11441570195323605
5411,0.09477889934204015
28710,0.2220658074328599
5110,0.1663651022261416
22265,0.10972511807647192
19673,0.059907235353563376
32198,0.06101384775302587
20691,0.2133480425903954
10431,0.1814732336429074
5192,0.09566990520036213
12305,0.29714789858982693
1478,0.17112508664730325
24213,0.10066389444434261
27517,0.09360238531580561
3713,0.053032726381413
18544,0.14626902977502118
30660,0.14497657537279482
25948,0.0896859346147086
13307,0.09005726109563443
13416,0.10982489145377157
14226,0.05664424422440141
28609,0.067610567453099
3547,0.1494643305536622
19924,0.1145354512627899
12860,0.18731626706760457
15781,0.07370312436955039
15461,0.08030979865121857
12188,0.19483402563404237
16936,0.0852350110350214
27464,0.10842731527757303
11726,0.08086704419212458
1051,0.22295310667992316
22759,0.09436444440640768
398,0.0695636952891277
12750,0.09970218605696762
2420,0.073819651196387
9078,0.2976646837088415
32633,0.06438167020901618
24184,0.07478684858751326
20069,0.039929158534228834
5541,0.15707058042069352
4613,0.09740893616971175
3358,0.12549080342960034
26580,0.11101642484483353
29772,0.11307671186868529
26909,0.13098724931308345
5293,0.23883052113228614
21817,0.10060067047121778
20492,0.15489443441726658
17395,0.19596253482844042
2378,0.13572071727466442
21737,0.07688283427682449
21827,0.08406955143422214
10284,0.14256933479777423
1144,0.15915670290421147
18030,0.05988561809869872
26939,0.11894229212408987
360,0.10077944032478302
13945,0.07988505391779525
3598,0.0662225024461513
6520,0.10851564657197654
25895,0.08705658129776929
303,0.10730729081157249
30018,0.1311376197183925
22837,0.05304133037259545
7028,0.13588090490021582
1045,0.17455566469042944
1271,0.07399776361371344
20427,0.15878881552558366
1032,0.06982417313634426
5202,0.16098668672885547
5453,0.09700691344130709
11124,0.1621811936854627
11564,0.08913571036264754
21315,0.14256501924504156
17134,0.06369201359674205
11606,0.14004650400482013
835,0.0393607762983202
11426,0.18495627804837256
20951,0.09672142253652975
24838,0.1986862061797945
18393,0.156954900936263
10496,0.12239929493747385
3859,0.10606798543357755
18611,0.19965509053931335
16441,0.09479843829775253
22947,0.05607333177566139
22873,0.10256045097098106
27815,0.10235503610346143
14209,0.15218304236193322
1764,0.09771645577533246
21424,0.3250360772577138
20822,0.08495397521982942
14750,0.09523182064265992
16607,0.06308940551025051
15299,0.1502850827630632
5619,0.10868123397659533
9730,0.12920685074472332
5814,0.2718420872799274
15125,0.15002128749739557
5547,0.12264197017244573
10884,0.07465938414784613
7000,0.08194339083555816
26395,0.15032495535688958
15536,0.18633845148366704
20376,0.11555489416127611
5585,0.11514490308478702
14522,0.2653104674805119
12671,0.26429221243485074
23193,0.055064716159427235
989,0.15442605719526406
23122,0.061455243848720094
16451,0.18488131013137618
29626,0.17268412864851845
4750,0.08802128432325394
16839,0.05893481784934796
7952,0.3916519085772213
20579,0.09091763468401906
5664,0.05448319325812321
7395,0.0980377229696347
27041,0.11590654034048233
25316,0.1415522308181125
15282,0.2028587569873614
22123,0.1897789993246929
6784,0.06342835820816518
23045,0.15531987145025503
30095,0.11362606669415483
2551,0.04131492056107058
28348,0.10055196001973865
10325,0.11021091728187174
16499,0.1510107825875913
25604,0.20221614695770523
4542,0.11674939650297102
25104,0.07203938296953061
8515,0.0950485585289463
27286,0.10032041841684253
8330,0.09729222289466094
28700,0.11946699760107723
18057,0.08829630371531158
20964,0.1010621873116732
96,0.08355171413317328
5173,0.09366059669450948
9591,0.09115229852605818
17700,0.06107817847820399
26150,0.11691837093134806
14360,0.1423288271757861
29501,0.12213600325627907
11837,0.11549831239413898
26481,0.12508068664588023
23090,0.1459472729339162
12077,0.13995401466221427
6798,0.12045789992625494
5062,0.05536897720740177
12205,0.060600533486293046
19592,0.2777192906201133
2116,0.07957764338775083
1033,0.08468400643615435
6341,0.07161610207469746
19922,0.09946021148044219
32335,0.0770196320407836
21504,0.06458004479452518
18524,0.10580966136032567
10804,0.08032712426524102
16959,0.2414716937575138
11479,0.26551311870367483
25024,0.09115354595689666
15413,0.1645426990151037
26462,0.08980012528874733
8505,0.11578583379174194
12307,0.104997670018733
31326,0.12691702727346926
7069,0.09390367553247687
4120,0.1703102693968401
24923,0.10601625512067947
14898,0.14345660236267446
13176,0.05636445327519906
27062,0.09772152591440567
17291,0.090448244441607
27998,0.10128807086717564
20647,0.1130264579935223
11132,0.09417904470899202
1620,0.07075406138526816
20186,0.15806774521379524
2143,0.26430487284901644
30750,0.08875326843094183
6563,0.1226431802059615
354,0.10528901319897124
22096,0.10944752000689772
7165,0.2226389958452258
29683,0.158054036983028
25656,0.16629139767680756
33320,0.08298555465495898
17132,0.19498062236821817
4752,0.19454033710317312
3530,0.05151117815080637
12046,0.21876251872683872
17384,0.12210406825986919
21731,0.14925067939650716
24088,0.05310833859538276
17469,0.3157850208119526
4137,0.07477223971163557
5925,0.10881425704981319
11609,0.19378510235758925
31244,0.16068710688778814
8468,0.07738991429621833
6890,0.07399783838579828
7808,0.1165622495183186
15702,0.19533443867458744
12409,0.18953265846064804
23560,0.09658111249980947
23492,0.13475142278263766
3381,0.13415878540853227
3911,0.11291468511764305
19703,0.06753260158775222
13096,0.1300681845438316
25800,0.1462644175239301
9893,0.11990615370466023
15540,0.05008592182225846
12549,0.2693858363649193
27735,0.07082666325881909
12974,0.10630500760965679
6630,0.07331614712503576
22557,0.07748511410286295
7708,0.1351517886181129
28247,0.09933075005999699
17712,0.1059105564554597
19151,0.10616583549190782
16830,0.08703695830518295
15565,0.11616692637676217
18187,0.10317846216664285
28065,0.06929789998595047
25860,0.09256504580195987
4312,0.22851933179395056
15992,0.07165881247725307
21368,0.19430819094051605
11602,0.050682762437563145
5329,0.08379388281554814
19797,0.24530721351685797
27060,0.1328841100586618
27033,0.1226030475772317
24945,0.042983912605446005
30263,0.09255909458804752
26252,0.05002447884375824
31458,0.0833727458236242
22409,0.1412206667254864
22838,0.3098572908369791
572,0.12425695689722069
29611,0.19522259175269502
9261,0.3067009011305221
5681,0.08878383868390034
25821,0.09462906382780355
31144,0.182711738108517
33100,0.060304056351899143
2811,0.08988058646327673
2611,0.08960006516581014
16702,0.10427998159370201
8009,0.06847515622482472
27942,0.10753840821660272
15414,0.11535144054804317
16971,0.21490330073932298
23631,0.05640957358689663
7327,0.20179021443638537
8154,0.10929189675533323
5762,0.09943414364694037
13440,0.09613056919376366
28263,0.2826907856463245
4018,0.1086383285350762
28999,0.07267385327067111
4669,0.1029627824069823
23527,0.12035121538089133
17193,0.3083090834768425
20407,0.127537145884648
7837,0.16634571065629977
2097,0.179207444765788
5910,0.13522237197343795
13199,0.18611521868778924
8646,0.1250683164559469
6144,0.0585844880733341
5350,0.09389232063283068
29140,0.180326715701503
18792,0.0536619278089203
25761,0.12597231497060518
17540,0.13572962448415218
6538,0.06829246416757112
5665,0.0592170015012428
8050,0.07955804195128399
6193,0.11312713631448007
7639,0.0776088641777123
28663,0.15142034790612188
11310,0.1959291937769523
20031,0.09363896691555085
2155,0.0744850289482967
8143,0.4793187893695195
20299,0.12037380948712396
9604,0.3780497602866976
8284,0.06785311474849516
17382,0.22169972185107922
7809,0.07683103088192042
7448,0.03642645384202851
16239,0.12666691957122536
18573,0.09068195401141353
13370,0.13141713823900816
4426,0.11635848372931838
26366,0.12664062456184547
30889,0.11834046658441857
15359,0.19537637786250178
3006,0.08105064102650819
30332,0.2122389863463898
28437,0.19063043647945319
15469,0.08195780427870294
21491,0.08415416094562343
1042,0.05295222613662011
27769,0.4187869332996187
20507,0.08096505178159939
1399,0.13901367281001992
24297,0.06887032961356875
29804,0.15011034011264673
18342,0.4395031698062018
23658,0.3092845343743943
19847,0.14361264420800587
1537,0.14456767498467418
30791,0.06744633704421193
33295,0.10016876417752059
24240,0.21911491160378446
32861,0.07355145729688649
17560,0.17595631620482288
784,0.08668050309691062
6692,0.05831419415726744
20331,0.09601814103508984
7373,0.09958475135281393
27654,0.06310256323792282
19805,0.25098883614519885
16526,0.036046115723605256
23319,0.2890102011535833
23718,0.39396759476023085
21907,0.05600142959146155
33182,0.060948335958331594
13208,0.12890628305126456
11817,0.15224420356048526
8990,0.24279631892028386
19954,0.08699473431502133
21250,0.12428510963784387
31996,0.20912016075439813
11463,0.07005974765476608
15485,0.07254115437657552
11041,0.128684411477867
21126,0.06599332196536757
9163,0.1438448093598086
9864,0.17766328991648342
9521,0.17424775306106466
13097,0.13398181573969223
685,0.11065638752202198
1352,0.047848204351351696
15440,0.07703447333311027
23997,0.06500507137539517
19199,0.08295061864742496
11133,0.09192121121909852
7614,0.08598544685232937
9922,0.09496903449662446
29048,0.25588666213219574
19410,0.35996885584688737
22116,0.24479449909236106
19144,0.09067732108752619
11582,0.08722335269174544
20771,0.08583113578845579
10413,0.1804478411689978
11365,0.05280126988095328
14339,0.1773070758647357
7823,0.1358305124011294
7196,0.10304210129730254
25386,0.2532109655323789
16823,0.13896818498223976
15780,0.206633298057571
9948,0.10097241579895956
23671,0.14396765363835498
524,0.08158733001265542
26908,0.06502501822025564
17461,0.14413386381828727
9850,0.036706046657278966
19754,0.11039472614483054
1021,0.04202852072890943
17438,0.09892053854498863
17163,0.08785972217667301
3793,0.13187953703375732
19355,0.08205952221700519
15962,0.1067160757923857
21331,0.08949131992706862
19186,0.09461137753752649
26539,0.06592248334483643
26055,0.19274266546586905
22376,0.27341326619757456
21534,0.0640339173202375
4194,0.062621146779698
20633,0.05203393275341712
520,0.0965517675353976
10129,0.0823662777463676
22571,0.1005765130032394
18890,0.35843795076149315
432,0.13029439646673383
2915,0.17398579510109147
19541,0.0624110929846573
25773,0.15158694561216396
9742,0.10842586607832559
11145,0.09657678175307882
18405,0.07736083942324537
30958,0.0875365138853234
3198,0.08465562428836391
2322,0.0720127624634315
32315,0.09043201941765804
3711,0.05963715475253712
32325,0.29404051348324994
16651,0.05223419462163551
5952,0.20497650431010747
20569,0.11282818820741589
20794,0.3265102460788426
10145,0.07339388180714045
5871,0.06479263357232402
1923,0.10945523526456442
23434,0.13932622981066692
23320,0.5116006012213582
1053,0.051884977963989554
21348,0.2987498469174198
11960,0.22708250580877035
30497,0.09797409270064174
21870,0.07347148737942273
28801,0.24908922228132443
557,0.13448083105478084
32225,0.09024932675350024
31855,0.1647523027416192
33303,0.053218683977489446
21605,0.23210212891651083
11627,0.10667522373110574
17279,0.13930064329817302
16765,0.13855428870406794
25092,0.042625336895372186
32987,0.1080659516066754
31278,0.08588234320705236
3287,0.07367505892378208
20352,0.049744364151112816
5793,0.11965145833186237
11152,0.07931122694168477
18352,0.07693329381444448
20126,0.10809189403065232
17250,0.11162534168765204
13682,0.10906445464750009
23553,0.09166870427796123
18699,0.1967094113120296
8220,0.12264192139024753
15166,0.1546159072554843
30688,0.10822318322353505
25590,0.11451907985825324
3153,0.2543479858397982
14139,0.053714569249330435
25870,0.11456587019834528
10955,0.12274408974643349
1499,0.06379688193386178
28638,0.3827311091729196
3627,0.15134855077742698
367,0.11083863686564822
28928,0.10655874691012908
16195,0.18058088431651095
376,0.14605047645887514
17309,0.12630001785175549
22980,0.1414201631498412
19136,0.09745967348279348
9112,0.05997376030463471
4491,0.11813052795212363
21381,0.22256980700819798
9755,0.40866716103959844
19183,0.09767313189624152
30773,0.06431478060738237
12964,0.18488370046460811
18242,0.14267891005354605
12488,0.19793088426727198
15511,0.08157045006758101
2477,0.19561497998430885
16355,0.21521151421751747
12363,0.26517361213672536
9554,0.0839686557706674
23317,0.1145276149740951
18273,0.21320330172360882
17248,0.09489145064528094
13290,0.13315872764787276
14776,0.13491611657288666
29371,0.06964872973714067
11668,0.06857235508766439
5720,0.27666435974298237
20210,0.10323856693112908
30968,0.05423231266011047
3011,0.03672004472867141
18589,0.10044516703868343
371,0.10849139497810585
16654,0.11142823995127266
12665,0.10058321590384514
19655,0.16567369099372195
31105,0.42040558626941865
226,0.15003489809113957
8286,0.1408883329601885
17479,0.1928026251148927
9719,0.08202586516014392
28964,0.15281180891796484
6757,0.07127241879253594
18661,0.29733471879270656
18219,0.09369001487525029
12168,0.1783654473122332
7173,0.10823370986136593
18118,0.09315062819540451
13456,0.053393303104853386
22017,0.26419309756640974
5767,0.34051620210665684
7625,0.24599979192437882
27903,0.262496561687123
30219,0.05327331509427505
16758,0.07567473742852608
8981,0.19785078445156437
2823,0.21987343819686056
16835,0.1032497683688375
14364,0.11291246278079912
30185,0.06335187886230075
18359,0.05024734849983786
5477,0.10453326832716685
22274,0.12972137272469544
9375,0.06939086596159291
25079,0.07133128212570285
5199,0.048508035156751436
12387,0.08095637125301655
10046,0.07934577131098433
15615,0.0715375758134667
17179,0.14437545486449474
16532,0.08820275157281685
11972,0.06919523017755694
26754,0.10626866909001499
13105,0.1304045470184965
1601,0.2452461877505029
16277,0.0596512230262619
22974,0.1287053400289305
25596,0.12114034582127307
12432,0.14593539735673886
7879,0.04627415437508313
22914,0.13216616868765046
3233,0.08289345684333471
26331,0.29282078373147313
1329,0.09258586758229555
16481,0.22024100079447806
26467,0.06053577802723964
26760,0.15491141614379264
32075,0.2595265553401331
25188,0.11128635256955191
30504,0.11848501107034819
23574,0.20287939090198784
11121,0.16924553412653912
5319,0.15833772371886565
16282,0.09562541718402504
18857,0.17511030853540996
15185,0.08234006978144895
6884,0.10509812181716517
22509,0.148610629686515
3014,0.1357145814013878
11104,0.1138995015236717
3881,0.0629592611957536
24190,0.06372221713757094
20343,0.220855551916668
16632,0.11010552426915489
2071,0.11345211167362622
29959,0.16207148761527218
16752,0.14215179416683316
31472,0.13755858435276733
25949,0.16729048887441084
19145,0.13091962995668213
17064,0.2296191874305963
32417,0.3202181064531986
29900,0.3071841220804386
27571,0.13185725480623775
27595,0.06847119478163637
20921,0.0933854715848435
9491,0.15227458102856006
17457,0.08800138926750398
6456,0.10682991488837631
26271,0.04341122048012862
29800,0.13462130178644383
6671,0.22396972660447614
6308,0.07874784773991818
12515,0.07670153390955256
30335,0.35057821925659544
25480,0.18890857645710554
203,0.18298098168903387
28320,0.19960624321577802
10790,0.08737350028967625
1126,0.07029066959242339
8201,0.048080327691578884
25892,0.07570156621886326
12960,0.07461464293367721
3139,0.0775049554401085
16703,0.14806878954121028
29002,0.20548769594627259
22748,0.08154005469972664
15210,0.1681908828610659
8752,0.2409508441802825
28304,0.09926074966172722
24513,0.14703684545152632
32680,0.1253537974603186
12670,0.4613595811441258
6472,0.3441501364218463
30021,0.1191582934954137
24700,0.1327067369117923
20967,0.08956227736916635
24048,0.09362218318610029
31292,0.08548742509963142
24289,0.2342424506589383
22050,0.09492439072090887
12482,0.0844500892445651
25344,0.08432859825534023
23334,0.1668201890540363
3858,0.355915118080939
26238,0.07718068317695054
8564,0.18499906229346846
15101,0.06264279505875231
19985,0.06442006091588133
5825,0.08966215144239324
25314,0.03560362726101779
26296,0.07285072462449992
31748,0.2933107386823208
5478,0.07721118502419318
5362,0.1180733095132518
15538,0.07084158541103279
13104,0.13487508648001245
702,0.1179655186930375
12033,0.05147280116116395
9596,0.06634166642613816
28853,0.18901872727257227
26082,0.08858575885604834
31169,0.13714475570001913
17363,0.10504028729752725
7311,0.07727131567241173
21917,0.10107855284647907
18071,0.09562934067979358
28497,0.26565138314564324
18604,0.12186786414561171
23441,0.29644900346138636
31776,0.11209580534523918
5559,0.1080409947716699
19916,0.07203691920349135
7275,0.11963109608122108
11625,0.10695983305295506
8485,0.14942550729235385
30073,0.11388823515824674
16484,0.15209859571500836
22007,0.11995188636372409
11953,0.12788858403567033
4311,0.10166385307948475
8057,0.058583588410886574
4869,0.07645581576692917
23022,0.11761671835336042
1041,0.22836493058862423
24786,0.25845904473562825
2870,0.07314130381753586
15340,0.19222413789470236
32068,0.09209487671864104
30360,0.33821705644602135
26221,0.08927254754830923
30215,0.10266812029040233
25876,0.17908496503793958
20495,0.2875174503464511
15695,0.046067906269776956
6687,0.06276386289339124
22929,0.04202833625114443
6349,0.14844987543688362
25294,0.08224641768015414
5363,0.20191380585502597
14917,0.09355328627931303
10831,0.31615135802257166
21268,0.13949302673601194
8398,0.1269590164726093
11983,0.11078043460050432
13524,0.11097240402369692
19719,0.2947696343021055
454,0.1025041762825032
25041,0.20088336190701403
10345,0.14129063472248923
8997,0.10811549203836979
22758,0.12762996040428976
18650,0.2072120469664869
16664,0.12731960664895348
7487,0.07787379313785935
33239,0.332711759719747
5788,0.12437821904739367
13879,0.2605606718619602
26886,0.20852061274562037
9455,0.18994883899176543
29803,0.1154635764122155
13979,0.08713106172746816
8089,0.1083872714032388
15892,0.1667018023059727
23886,0.28877891316980164
19681,0.1038752185095923
25812,0.18102618072973595
3228,0.11863340039959833
4508,0.15246046918534473
1220,0.1249545847297391
11038,0.19106038271535233
10652,0.07543085146021646
24067,0.1417845617283434
24446,0.08076188123491336
11036,0.12601889309893158
14090,0.10110645730421516
19337,0.27630743851190476
27558,0.13496770891856763
20096,0.10854273477827639
30345,0.1153098931318144
20567,0.10698833358877485
25517,0.13163530571675086
29238,0.08044831394262623
11010,0.2217073239338408
18090,0.1318518088856475
17478,0.11622751307361466
20435,0.05305669525837922
19814,0.07866929415987238
6894,0.07805924486972243
6377,0.11056739105157971
25133,0.1209217477343842
9367,0.17805057984576178
19349,0.10242816807571853
24595,0.12625664967223008
2859,0.11965874670641255
6549,0.18975264813498183
15628,0.08450655626962614
22848,0.053321390968415545
20954,0.12997957142596694
17308,0.06710435449930544
11018,0.18942122811606502
28391,0.25056283886390657
24467,0.06003813293518657
14656,0.3478412284907002
23792,0.09992139389648041
33263,0.12391217254611779
2896,0.0848570109870984
32230,0.3553955326733349
26982,0.12158004469387737
3243,0.04210749519475398
16542,0.12560892297025789
7141,0.07423895083590358
21423,0.2620993761377935
10991,0.369608934050374
25230,0.05820329344151244
23992,0.2327120825252134
8316,0.07726850551589608
32137,0.15087167178137345
18518,0.06492472890850176
25252,0.11431626322175581
25575,0.12478087972100008
4261,0.18205201920605707
1125,0.10388869596891659
27822,0.06572912095628611
31300,0.06384006001718628
11071,0.10405489074371817
14462,0.17272455454766017
28543,0.1835508311983417
1132,0.05202965887184715
6140,0.20014043822429475
19811,0.04890462770769689
6598,0.13153064704487819
2049,0.175080301115298
29563,0.11699020698141335
11489,0.06615354753363029
19968,0.19239813498053654
21644,0.12425280892907377
22824,0.1195897355053874
266,0.13562590330443602
26,0.12431810088689141
21461,0.1073853307670501
6411,0.07879385304181843
9161,0.14614138970356677
32719,0.08904370299362323
31175,0.05600177039166755
18677,0.06535618808990039
10011,0.1259539348108735
26071,0.07476788092891737
26302,0.22306772620642623
31177,0.11897850909710993
22091,0.17402874527972115
6216,0.07056381310649144
22069,0.07554412652392244
10329,0.11169879438629156
18089,0.40585235509316625
21371,0.2501626771289935
19588,0.19848097245280455
16312,0.09743075954965394
2790,0.2559702278410132
12019,0.052388743569190904
1808,0.20704844934560246
29739,0.06466657417198837
11890,0.16349006760484172
32541,0.09381304316193234
10322,0.2081736106913768
8511,0.09538501829428263
13838,0.14742889948270968
17350,0.18206581117380014
19770,0.3146337367756886
27920,0.12082016705884602
30751,0.27582200901459886
16097,0.1181569771839375
18419,0.1145813683822075
22714,0.09980558128683949
11806,0.07186898373941579
30525,0.10065653596653582
13579,0.19080591953446896
19295,0.12575128961646534
20750,0.0627800742849456
27924,0.08829638724860255
32916,0.10768675071405728
10503,0.11242313199959181
4476,0.13578276480509774
4408,0.17484132891221418
6151,0.12783065626889767
22854,0.06733704669251274
4847,0.06347934372452713
3229,0.12267408334854994
10632,0.0625534874645593
1095,0.11368699498795737
12139,0.054375406239485446
19265,0.14201111364071112
27359,0.2625124225103743
12261,0.24203781146220854
21588,0.08772358655937101
16089,0.10274184698915084
28032,0.10964577092202624
27846,0.1035462092836258
6841,0.062170635656624194
14940,0.11502321153354964
23833,0.257689087889969
25180,0.06552896500020651
9667,0.15087073580797278
30489,0.24678305084269747
11916,0.058451794067074396
3860,0.13181158205170415
25981,0.07502555610279818
29284,0.09618419735788701
11025,0.057573374858261264
19162,0.10752118081423104
11149,0.17817434583434058
24685,0.08792441204549176
16096,0.13257433216500472
10079,0.06668254907597829
12944,0.11166038767151731
6366,0.09718904178543303
20383,0.1474553664396434
12793,0.11322352235851256
27136,0.16966597087163807
8262,0.18410535811101925
3850,0.19397949128651415
18061,0.10866609391054823
27142,0.10346164468507645
2809,0.05991416476004512
7339,0.05534580898164408
22762,0.07880403737135099
19553,0.1337092689019963
5985,0.0827121374516133
11835,0.1223988530469585
15338,0.12989118771498284
33064,0.2301771929764811
28921,0.09095626387948412
29598,0.2965777611081519
17229,0.4534721240679717
20314,0.12359478250432039
13590,0.08269656897510125
2090,0.08560050962517186
14408,0.06816077434565516
20070,0.0754320880897495
7066,0.08750970228580719
16621,0.0886003925070111
10629,0.11949888123218985
22226,0.09404299265064178
20498,0.09689076667900252
29109,0.07104284830750282
3948,0.1094684921823885
19220,0.09147580629819216
27925,0.12845992214457863
14248,0.09370384250378465
13036,0.050577403154152586
29382,0.12467897336690704
26210,0.0647747581029691
13117,0.1359764717029521
17498,0.08410552533175002
29498,0.34548022243061904
27902,0.09790309207691872
5123,0.13806678245428422
22875,0.10910980432068108
11070,0.17681087199467585
19626,0.08133465545687889
10940,0.14288009534523052
6786,0.159306039911556
1141,0.11127595649216683
8242,0.2396341394758956
28287,0.1278230707390403
11600,0.2253507027199238
7011,0.1490993343359489
9602,0.07020555754617488
9933,0.10292292977837043
18389,0.10848226806385096
6908,0.05525754137692855
32201,0.03984072011332079
16601,0.07348918366539442
26938,0.062302942412201565
10281,0.17479241503792092
7993,0.08214904945078538
9089,0.06967428704053667
30175,0.0898724798203289
27987,0.10260239186516083
10748,0.06700223803525206
17973,0.13378773231820842
18950,0.08640448522655796
23115,0.21478330666692647
4074,0.11363047797072241
24056,0.23862415442016588
25583,0.12289727283554365
2490,0.08302393822675537
15464,0.27439048648428593
3376,0.10607594136985578
8901,0.06817747541238996
28096,0.09249529919416878
31445,0.07141759224505158
27707,0.11202959696644309
10256,0.04390916350766906
12949,0.055923731993334676
29068,0.09068479351438503
18557,0.06880237521245927
23223,0.19521028976878327
29313,0.23356353350124592
31247,0.20722262742793984
7880,0.06562677079816279
24178,0.08087715999908776
28124,0.16766162269853052
12484,0.12252075758788383
21032,0.15284801916719337
24108,0.0871496402946266
1827,0.08601880723812277
22188,0.06096269373994662
30869,0.09822415919523607
20102,0.09155655568300274
4132,0.08480963300442215
25851,0.08134786290229148
32536,0.14819627938833646
29843,0.44546334077328137
22174,0.0732845558756021
30343,0.11863236018274381
11423,0.18768659800477477
33279,0.28783903869360844
7094,0.09345107929691
10039,0.1457551045089015
27446,0.09042912684498688
11623,0.3845835188751332
6881,0.0965908098510952
30644,0.22269369491455848
1497,0.16923419508629692
22207,0.06901417389085666
13665,0.0640175754301185
22055,0.08175258469280929
6177,0.13102770427194818
27731,0.10738284386919532
6686,0.12826388369409517
20978,0.08849582797542835
19197,0.05953420434446365
32749,0.08148827624518513
19779,0.13133450139016162
19406,0.23294948588924505
32816,0.21500618564689636
32404,0.1432063157197669
25107,0.0841777769292428
8954,0.12989246970134877
25202,0.2188364602146163
3423,0.09494804977130057
1174,0.09425453899432491
22230,0.09896951549629551
14376,0.16447999290240398
29110,0.11515890590447873
21475,0.16627069659643723
27860,0.12114975075781251
18682,0.27851495412951865
28485,0.1529774201991948
10857,0.4798035409223238
14571,0.18692626349385902
26792,0.12061474273637215
28954,0.29635530012015715
29095,0.0826097062056611
12220,0.09336805565579676
31471,0.08348762144229546
3542,0.07652416960744485
16319,0.14118604548421365
23809,0.09059565873085594
6172,0.15200363575282158
8738,0.17110991022021296
15337,0.11263164791403871
1970,0.3253221671168821
24325,0.24552805658895127
24601,0.13924915399056684
22224,0.11204334208061585
17339,0.15028861809059404
25028,0.14675381282196606
3594,0.12689689449424682
12192,0.09316381164057955
31792,0.10194929192656112
20913,0.08731854670704435
21415,0.10556107738748731
22948,0.12620270599138453
4112,0.08914622826777883
17175,0.08157381148616782
13768,0.07368793462764697
24304,0.04102697299005758
27695,0.1539407476014312
9862,0.09772965239440594
3417,0.2744802698272854
31590,0.0989258019242359
12003,0.04235649736408555
522,0.09441517595163818
32107,0.18764888542450234
26318,0.1634171719610773
6019,0.10746173229837187
97,0.04951220956583401
27835,0.14381700029900454
28775,0.12069527494286611
11087,0.0731781622934191
25142,0.045628958958881284
24501,0.3003572377089128
19949,0.11640205404005595
8641,0.08112876986294155
20730,0.1718724648539415
27098,0.08170123107064127
3150,0.06219558001227616
25214,0.06927956975908385
10213,0.13146532155180707
12223,0.05338889990827884
4997,0.16044794397830278
26330,0.26128954471737076
5000,0.08479157081148726
16829,0.11528080109346546
18081,0.054420417085194454
23200,0.04884224916633717
10258,0.11333001504432448
17192,0.10239567484144384
19086,0.11775587918669082
5691,0.24240039621630777
17494,0.02528786452940156
4924,0.06021846817638955
12979,0.053807108151004035
5644,0.03552158506744751
5757,0.06555823128867608
32262,0.37629971424186354
5274,0.07705257151952946
4090,0.12005305876660802
7706,0.18431820719431144
23390,0.08148770217422834
27737,0.10223923669478005
19137,0.1504542355731598
18558,0.21917510811796237
5623,0.1724899141781225
12528,0.08561124462770096
966,0.1427689043084247
28970,0.16390175769749485
31081,0.29274068294734723
18117,0.20500149606135495
7458,0.07628223465252029
31325,0.05654354131943776
17985,0.18732647076862802
30419,0.11739667407197321
29253,0.09166890063886535
25457,0.06710231592866983
28332,0.08075668885447575
10683,0.09864458412196653
13065,0.06894496639837089
25336,0.13941309999812745
3131,0.0991593978530755
29325,0.13678970987666217
21232,0.14485710964893378
15352,0.19502461482963393
27302,0.1234002080649254
16005,0.10224826960017741
11196,0.08077493094322354
6504,0.18746105966501844
17608,0.07533093439859923
20483,0.3449731404067012
168,0.16253087674364117
179,0.2147997649762004
4123,0.2762951533124929
8797,0.12303277053082794
10927,0.27170012619423617
16766,0.12820368128305323
9085,0.07177382892046208
7137,0.09185910680631768
28475,0.09842339935391083
6299,0.07132055887250792
13920,0.06423227364899668
7079,0.14202923010419863
24989,0.1446065606983356
3561,0.08596514708295419
12667,0.07213536946818258
28591,0.07642068293887777
8874,0.13243541187624644
21905,0.10492684009892067
23970,0.11962710478160085
12320,0.1608295562241158
27646,0.048832268147172744
6315,0.05670408755144227
24330,0.2090697778216489
1103,0.06484585158550293
31296,0.11181206090772841
6320,0.09969926244436168
25980,0.07918586683889521
13186,0.15429447647906966
19474,0.36697147440862776
22360,0.09926268708289662
29347,0.10903498148295862
4517,0.07656311460346227
11533,0.08227297217987087
29920,0.09208302548843114
17831,0.26767066936563166
23548,0.12788285197548863
291,0.16115452703727343
17377,0.10126765352056678
5611,0.1789425782101303
19624,0.10087474224863072
28715,0.06960588355436464
6217,0.056862703881366966
3456,0.23555113283900395
7844,0.20015558307128678
3649,0.13116407311441997
16663,0.05465590751095828
18426,0.26710721245068186
29734,0.06966670897223856
8202,0.2855824718287778
19323,0.20709564855086943
11118,0.06928697203017078
3800,0.11262074631584683
11230,0.19765992288453446
24368,0.08774693035490562
5523,0.08442447032153448
6032,0.12577877284588432
21656,0.09885825306796299
16608,0.3451498633421702
14760,0.1578066497055454
1841,0.2753369804873725
17286,0.06571273399818567
9231,0.06586147713694955
28143,0.1567901390242196
5609,0.3038346735380764
24704,0.08672311091519275
31362,0.11725270010881157
21715,0.15676443805811466
15668,0.10841582253507684
32471,0.09775017748765728
23284,0.265059676727396
16918,0.10440392360138298
22969,0.09929468195307842
8462,0.11428798285253096
16033,0.15317095218460688
23824,0.1306247122542869
17773,0.12056196664641042
11086,0.07340539119019428
33014,0.10202736410054968
31894,0.1446754815109908
30048,0.08126316919123612
16175,0.10676542753349966
24839,0.25079628582048274
11836,0.055076638435274224
3831,0.061389750158675864
10215,0.1996758652566594
23262,0.1053729416107256
13418,0.0626350809565953
22036,0.17709210138484385
23332,0.10546444572439588
7701,0.12780181528187187
22187,0.07375287967127815
18441,0.1293065975973467
12824,0.07915627960692041
17621,0.05207494801021294
20665,0.12668258953007916
19662,0.05899840708290793
8263,0.06248881557900373
28521,0.1389805033746401
29665,0.1580048052524547
14105,0.03700836617268694
31694,0.2087371117010717
30235,0.09598767914051386
29828,0.09222497355561629
26791,0.03926307539783589
23375,0.27345455970452853
17520,0.092483780314646
30437,0.15423025762755113
2238,0.055594502745278586
31530,0.08682701008339111
292,0.1051975908098111
13255,0.21436459063513255
69,0.28803398232417887
26447,0.1993280305131564
23058,0.21435483469509126
16618,0.06008690321477724
16250,0.2311770095924944
4539,0.1361950139253937
31704,0.13991127338087167
27744,0.06302712503612859
8838,0.2511736313414155
8767,0.10747409694175739
6044,0.09530873331715299
23325,0.3424132547786026
20097,0.1596273515671431
26245,0.10158469670135212
15683,0.10115567021926843
7749,0.03695775497486453
19951,0.08137585860004706
24000,0.2080971265543237
31460,0.051692615605247634
25675,0.07313643040835022
9304,0.07434940244754662
30788,0.13138225432223605
31295,0.14796842059315182
30495,0.08546365441502864
16039,0.10153826618615482
29596,0.13966547594937095
573,0.09878672577678468
29731,0.10248395516446307
21121,0.09549687010098921
27275,0.2879507088507133
17287,0.10429290781318297
24915,0.28647632500360504
9652,0.08991418088022447
5341,0.07163917768841323
1617,0.1432634327907746
26946,0.06581767468178584
11138,0.17430417541571794
17385,0.07940832265805688
32336,0.25805423568671787
21555,0.10269286853411828
5696,0.11422359445818253
17042,0.2565791662633247
27472,0.1713576023435805
20237,0.10195989680729042
31511,0.13331881641548346
29047,0.15560766233974935
10577,0.2729005262095063
11786,0.06265837002820186
4582,0.14786230799169547
20959,0.040511560517565444
21056,0.09451174291603409
17185,0.17581421116741677
16232,0.09577938179012231
13474,0.25017390842396864
22324,0.12781859274201174
8327,0.06734298332141753
2221,0.0991141296429471
21904,0.1864018144469901
31477,0.10084208013485366
5180,0.1657658598666594
5009,0.08694996709376837
453,0.21147230720441423
28888,0.3240936465760014
94,0.055027628010294524
29632,0.11285394263149777
30652,0.11721051052442613
4418,0.10842167996707264
14419,0.21627659814860492
21614,0.1653624362151795
2367,0.14289856011091265
3670,0.09155319205313645
27714,0.11283559304401915
28277,0.07291033920236449
13217,0.17292024857744284
17655,0.17882976834018047
20367,0.1180186550666906
27596,0.0745028977241905
13529,0.1406010199824345
21289,0.2022125536966181
27358,0.2083516066784211
6952,0.0737199755785257
7914,0.36031772820926955
7967,0.028159229587559533
23435,0.08613729985071868
23222,0.17699122852054447
21763,0.05825044513257807
1442,0.06086879789939209
8647,0.09743741734230475
11291,0.08076247098390306
8721,0.21413214129486388
79,0.20787388538043647
18430,0.19533820445724198
26632,0.1267407692141186
15494,0.11824292102025778
1350,0.0982864004888921
24189,0.150993535957798
16346,0.0870093760151226
26536,0.09723201924944357
5370,0.2317562903178611
16518,0.052301255422694724
25503,0.16093306388655987
33038,0.1399549994433974
27702,0.09181903043446722
16858,0.0924279010066607
23677,0.07812229332303412
230,0.10950655121091177
13695,0.07515546100574685
6633,0.07288429411679374
29178,0.12948904095387803
19441,0.08603997807977955
821,0.08714129554654446
19071,0.12706942155298448
11407,0.2568365733789914
1513,0.08553808332077746
1395,0.027030093858045837
20471,0.13446721515600804
17480,0.04226937438701915
32236,0.3197247648452407
12702,0.08470159908884596
30299,0.13577707424399238
23540,0.08596560634265181
29761,0.1118032445225981
11431,0.15045555837915306
9045,0.046687942203248345
4628,0.07982646153820283
32887,0.17621684467520485
2193,0.23806828080581813
18530,0.16119828942732584
18471,0.1367361419566313
18539,0.040464304999762266
28239,0.18536624148043232
10078,0.06504743503161145
11483,0.13801753657981558
20216,0.11007637867024693
26179,0.0338575388750519
14601,0.3598073842816625
22532,0.18839668929092537
18555,0.04179609520181041
24357,0.07524044818113639
3709,0.14889135487518607
25700,0.0803112266580942
15622,0.08976742647734741
2331,0.05323346109233364
22445,0.14513076039996742
4605,0.11952895502020436
28283,0.03560598887480346
32979,0.09469136672357388
6711,0.16239564145460467
1480,0.1039655990902342
28286,0.17008127944012547
26016,0.12088058132754535
15794,0.10243717818468863
18464,0.09931748405447446
14319,0.14032541261074244
10935,0.07551837450596395
17635,0.23177253075464024
9616,0.10917427185682724
11466,0.08865564622392957
2545,0.2791200666588713
7548,0.07149763836491485
33168,0.331521549247976
24535,0.1387268745422023
12904,0.10535484083695693
2772,0.08715363376057754
23547,0.3021389349459203
20109,0.1474619224604449
6752,0.07541949485461356
20094,0.1263054903528321
31279,0.08531331985274623
14310,0.08703321989037587
11875,0.13155073064542389
611,0.10807245453363831
11217,0.07838201005019906
29634,0.18961166217641295
29622,0.08944361641149663
3452,0.2289554869534082
32440,0.11601914820021955
3521,0.07418204181156093
25580,0.05742830919607656
32741,0.12028328182102914
29471,0.27033072884362924
27847,0.09840731420946026
17652,0.19310403141516738
16291,0.06294473728766345
14207,0.09305978034831643
16583,0.2510672513379118
20415,0.21481540313824712
9925,0.09528677309786775
9442,0.09267071136284384
14504,0.10783787442950239
27912,0.09547321166274118
3253,0.07654901611298137
19415,0.22043918135055365
259,0.12688715451868351
17405,0.06793878291546362
28973,0.10148582702300428
5588,0.07786152592965356
29812,0.09678408916678251
22710,0.29968079238514295
5535,0.16902207802984148
29817,0.06406493615238733
20714,0.12862827154531395
22154,0.07912723720611088
3327,0.06458557243076388
24419,0.05871448603279811
16274,0.1422202925462456
7186,0.1116867251282387
29795,0.1590196817686055
19897,0.10006803657726072
8864,0.21994864377031248
4901,0.06811754653452899
15351,0.0701924912030841
28155,0.15091055834694117
1943,0.33639502402455873
23498,0.15453605851152347
15267,0.06419560233289752
5506,0.12690889900704952
9250,0.05694893405821901
14624,0.07094032433973092
29246,0.15155593752641208
1712,0.1396956627580311
10639,0.08525032041309485
26118,0.09205586809352999
16970,0.09715293965684893
16306,0.11030448329823073
17013,0.134482782162288
17543,0.08149720064081407
15109,0.1548324222836282
10350,0.09991714428778212
8831,0.12266884798856283
1363,0.08239477389790599
28258,0.07089348935381357
7758,0.11366483971022068
22617,0.06359761751200346
10250,0.08109945493951799
16944,0.18205680707574942
4834,0.09847987774886317
24049,0.1551473171407347
30613,0.2104227842498987
12264,0.06928624436061677
3115,0.265735921491177
31461,0.3547222653400198
30696,0.07477233239357754
31352,0.13133782382491013
10367,0.10178803356723225
24064,0.2505639701840746
1176,0.13201286301883391
7312,0.047752122103913115
18499,0.356132199904195
19515,0.22389484530806955
28055,0.0909207288922247
9962,0.06951275235139993
10865,0.11106051736692076
28709,0.11278899121994314
1905,0.08050991978627935
3220,0.09049096692103377
19066,0.0772989084841743
5928,0.10513820218558247
14979,0.1179178172225522
32730,0.2936097895071336
22410,0.1465203139610162
4530,0.10883870540498783
825,0.15074559171811572
12905,0.10448335349848965
6159,0.11101478074586366
28878,0.06869508655981335
21160,0.133386996458194
19542,0.08787906816714762
12490,0.11945219913954688
30271,0.1366167012648772
13315,0.25219050182759717
4677,0.07552958583106316
19605,0.3117414717992182
9945,0.10652973079815008
9498,0.06974304187404218
32734,0.23737531725953037
22236,0.20324516103743082
2024,0.44483459372338013
33137,0.06898291847091373
26747,0.08742033653623545
32917,0.10509294178674472
8380,0.17584693744934798
9464,0.07960652858738484
3912,0.08011198742681375
27537,0.053262998665351426
13550,0.06365077925656039
12616,0.08330887582389786
14714,0.3743568949811186
9808,0.08871889776499667
18606,0.09793230206089135
14012,0.1605050248051412
3404,0.13751277204779758
29847,0.1349846760865918
13884,0.12552083566552694
15373,0.0911014952665796
9537,0.10225375394380781
23265,0.13913483867622012
23131,0.10707530188136147
32806,0.22707026300906025
6236,0.19457280902563137
11803,0.0960461561731464
26689,0.10237669148432074
14253,0.11456368621655644
28871,0.10875080674938485
7130,0.2911476791962848
18801,0.1418867462959733
9176,0.09924112382780675
29257,0.1017830632916731
26532,0.055374144597259055
4829,0.05759813236391598
10074,0.12329843990596415
2263,0.1304726551034536
1650,0.18159608911971017
3519,0.10584146241425238
22686,0.1207008058498666
28753,0.21136499518461838
6677,0.05232524172421375
29115,0.13422673660984186
29792,0.12404079167106964
1669,0.09784589446753138
13080,0.08415754139480401
8607,0.07725233469922989
10728,0.06337117407261537
29989,0.10535097287933858
5088,0.20151769356590107
14970,0.12036054183244523
21044,0.13763832035115503
21360,0.23978635312132907
27742,0.1506554403735537
24702,0.1361542470959164
5427,0.05790299666478321
30221,0.469006215898435
29525,0.18045743719581517
10868,0.14599357557130885
23643,0.22807585196812696
363,0.22065271445133194
24732,0.1270307594527425
23405,0.08550847534091792
18124,0.09729370320026388
20564,0.12467043298472971
26730,0.053198191649143876
16427,0.3150824689616535
12508,0.20400591222289716
22406,0.21290851198675875
8408,0.08839308255014307
31969,0.13647549858837021
11004,0.10736568097315029
4446,0.13365340759849836
24728,0.07346121047080513
12037,0.0678207581539747
31492,0.05997899280962701
18284,0.14313098693737447
19238,0.11722326269870006
32787,0.18552600534782465
10260,0.43546772484554064
2325,0.1537841841549863
26578,0.11255276720673918
5430,0.10209221753132156
29629,0.39049301796180463
22961,0.09001580187619412
23819,0.1392872737756383
27896,0.10088677628931077
13628,0.054171808632479064
5718,0.06653313241160282
17017,0.06968190932913489
22842,0.04938256983941311
3041,0.11105816585555689
17838,0.08670932022721992
16407,0.08999126309882828
15542,0.08369919762619114
23682,0.12020511532706883
7050,0.13709447681767428
27167,0.06227630455612523
20610,0.13725663924445333
19359,0.09398324825543494
24442,0.09261491107913081
31576,0.11469916309632595
19751,0.1207016347344834
26461,0.07714925696352705
18225,0.13511965173388324
15833,0.08198209194051159
17435,0.21438378326557617
28175,0.09768176436298288
30642,0.09558685218803202
24217,0.07741340793642554
17531,0.1662926208148202
19279,0.13379308857546107
7100,0.06662340231048948
7524,0.1399144328052805
11393,0.06065417573721811
11227,0.07103820791586705
11208,0.18467555746441114
11293,0.053802525792226476
21717,0.09858172597678565
21888,0.054614612150519486
26344,0.21536340209900032
2376,0.10558077129412821
19956,0.07918993426634104
15277,0.1288182330603508
11201,0.11620988189381308
19063,0.20555034826417437
14444,0.12469770967986035
3114,0.06758162956948793
16808,0.06691188495523342
24558,0.09093820138261122
30188,0.1525596424866968
30893,0.07524180349303881
16333,0.17327516087008263
19582,0.3342956747620501
2350,0.3099594915794999
29593,0.09832816314246565
19990,0.10642912775060716
5936,0.08242288148171073
17626,0.18800579981576943
25740,0.12438057643236197
32568,0.11358349019726222
15400,0.158723505261294
26928,0.09183251569503209
27344,0.12220355427296828
22836,0.11641431022338579
4484,0.07530212028035103
22149,0.11872955381678006
19576,0.06721970751184257
25494,0.08081422422532437
176,0.05557572007517544
20213,0.07376803338486256
6839,0.0987238794576241
6388,0.21235456083822374
3147,0.1212124171237579
14604,0.25397245900229964
7477,0.06215130495897614
26808,0.10275619627562692
19222,0.055487800610273294
12725,0.1434410131553859
6296,0.08039796521638032
2573,0.2121815534677327
17026,0.11751670318587987
13113,0.07085194196488762
17485,0.12826902341210222
30809,0.09721025509153405
24424,0.09382293526526266
32002,0.12299932813769926
6073,0.1261706640803413
11486,0.10407935581683185
28237,0.09681993953334012
32923,0.14515589905988072
18775,0.13209694771106445
532,0.06974654567537848
24948,0.11825954681129157
27647,0.05242326566351804
487,0.10065282518531556
22247,0.17555944390705533
27765,0.21930700067838232
15395,0.08020465878287932
23800,0.13094290797785713
20683,0.12164854931017359
2671,0.07254417101165427
8590,0.1527850720432398
22558,0.17408801479685107
2525,0.21728510496026301
3700,0.09789837247807916
5832,0.17341145997034288
25112,0.1662673460632329
27640,0.10418866145174276
10105,0.10652330030529873
20735,0.13217492439640252
3775,0.09914006847700506
13825,0.05948555398165017
30904,0.22566342260818364
743,0.16967030851590145
31547,0.12945997095873368
3740,0.21116158495341442
18115,0.12991422592725183
23582,0.11085224333156214
12811,0.3198815239759293
2480,0.2870788504038539
15750,0.09602907120318786
3447,0.06526311048202786
11235,0.06340465500390464
3216,0.06093668032786167
10098,0.07854015427951001
5676,0.09960646838818582
2794,0.07121735670045896
23245,0.17720525066331877
6909,0.13620097891411673
23811,0.13493638458348026
18711,0.08630576794766279
177,0.20971043857981694
14599,0.056881536270142134
24740,0.10243674397697533
7560,0.10275408823902005
27179,0.12331437937175903
24309,0.059287332365875946
26489,0.08999417599435341
11056,0.28633194303288684
13223,0.16877061725184625
25128,0.07780188260053221
28390,0.26833669562025037
589,0.06395237429638068
21392,0.07990533144050896
12850,0.06587904202523466
20644,0.08667546410227332
18159,0.06481963964587376
19016,0.16012034910882048
12463,0.045242524074418464
1112,0.1143466348375479
20930,0.11524938209181158
10093,0.1745120870240611
11478,0.07444485668799737
17133,0.17034727624761972
33061,0.0736209836909827
32894,0.11588733467507213
27467,0.2601376574592239
1629,0.1028973093660292
15184,0.12006596266485547
1137,0.09920151880863728
29227,0.12442685494376293
19686,0.2813380218499158
19928,0.16611013382581402
8331,0.043001954319974486
25105,0.1763011694707438
14460,0.21242680370370817
2203,0.3290166883780371
14265,0.19180515313417854
29575,0.25061610853251637
31516,0.14882322918813418
24416,0.12871860216350448
31049,0.07961264920127842
7700,0.17219445590284221
11410,0.20832616177425
17825,0.07868490793353095
18949,0.23628745326158282
9262,0.10669961708975045
1694,0.12017651604619434
6771,0.21198436005363994
21793,0.052372062169719444
23887,0.06983657384766866
28457,0.10563589929445737
20946,0.08845388562802081
12067,0.2223039114336467
228,0.09000603263842193
23048,0.4190519423151452
18310,0.07105018673299397
5990,0.22368639910046828
31060,0.22343612254166573
15211,0.21842885665048822
23536,0.3185539956002948
30595,0.04589051562988873
9782,0.06440805690587707
17122,0.09921778855770794
21625,0.06549274616944414
26526,0.12996209227556071
12020,0.07059505593769941
1611,0.10054520279285126
21251,0.12552981744429165
11641,0.1334516472526287
31925,0.09676263396627457
8620,0.1519101974167074
20263,0.10101573592955465
13275,0.1934564702323365
28885,0.11369213635684107
4950,0.10253839325267061
3830,0.10317620095688777
16166,0.06446855551160525
28375,0.0744488104704807
27086,0.11048318963050645
23748,0.06206321996019827
17280,0.09447273675256489
14083,0.1894488888223176
14074,0.1314857072661562
11204,0.11273832647583185
3914,0.11711939273961566
30047,0.11508416172241978
10423,0.20010709175037217
18715,0.07189843211545513
6843,0.25919423432703387
7529,0.12203638741565451
20353,0.2513451739582891
13730,0.06589363313913167
7210,0.1792840032527049
7182,0.07208014428061746
26025,0.15581942766622373
32888,0.2298802943212392
28385,0.08569328648474052
3970,0.09872755473419474
8996,0.1376056648784782
1738,0.1472375153216309
24811,0.11489447620458018
20666,0.08009874781331919
25919,0.05779131065978363
13534,0.1264146353637485
25827,0.06873328855295038
14667,0.2105084111401238
32399,0.08199417773404058
3357,0.12312534229438855
30501,0.13326054424458442
17414,0.1569609662859028
13216,0.21908618986728498
14837,0.08834453356788112
26872,0.11902961059990545
12926,0.15678108473033925
7876,0.09907405495649745
3656,0.09276278437435179
26035,0.09412120695327726
30451,0.15067948211050025
7922,0.08666339464235272
14646,0.08830383381879486
4682,0.16768475059294208
32574,0.14738068659008993
30534,0.1100107803539526
6360,0.09491095462795514
2700,0.33020704624789327
15809,0.04969845962993488
25389,0.30392687824597747
9362,0.13507308399304815
7589,0.12631790923371575
21885,0.11869104832887915
26957,0.07697525809590097
3690,0.20057157040422724
6875,0.07654468774053157
15263,0.0622714711096661
15132,0.1287871486250307
21245,0.15971534963956202
12694,0.04931000793433327
5449,0.1130891444380575
20696,0.07886913223787327
24749,0.13458850234407574
26989,0.15438977447923347
30037,0.1378542758980186
30771,0.0516983016110075
2645,0.18208217978951058
6431,0.10631007879024827
10262,0.17130467044560513
27943,0.09140802526968347
21087,0.08978573464862886
11853,0.0939895295202478
22756,0.1000155565297724
30236,0.07348161556722153
29055,0.08051582062020082
27694,0.13624364435239644
20563,0.10886096236267441
7076,0.1669142263192154
5640,0.2347033814746233
31679,0.11064044215012836
21441,0.10728968593857223
22813,0.2296999026440963
28405,0.05387177869540939
12544,0.2193451291193259
28484,0.2277790809807442
21458,0.2675081912837077
11536,0.12513374419418263
1365,0.09847607186213132
12806,0.12891951802912469
4136,0.0750912485651607
12438,0.054947643272636924
27833,0.1657283719717048
16593,0.09180439282269094
5179,0.08739909440500859
13338,0.2696994005864104
23686,0.07951993977117837
30135,0.10416046772195314
8811,0.12150962210670194
20240,0.08670032779126383
13693,0.07953189763096179
4330,0.03486320690829621
6432,0.0947672952414427
1925,0.22295737580841854
32595,0.06148214913097237
17909,0.07885919499045782
4762,0.08212666461222927
14075,0.08952718629829265
30295,0.31771696465671256
9934,0.10026356123530988
17586,0.22045638693687117
30559,0.19978273788274256
29445,0.09224996032852996
5101,0.18960481387189831
24403,0.08124944003191698
33369,0.0750125890614131
17744,0.14960631110016143
17662,0.0440764563923855
16812,0.0765189639363354
17930,0.0882168674836103
19533,0.06574031854174024
18746,0.18928067561106512
32211,0.06414867889197863
12646,0.09418793959667855
24252,0.04474373505244703
7047,0.19869135136679753
10177,0.1312410270459404
18305,0.26227933720524726
2466,0.0642880893011953
14128,0.11969596823751971
18129,0.13571716877427664
26017,0.06094341777520103
5393,0.09065114074228188
30398,0.09401649028768
25578,0.12059313862891359
13437,0.09585481873419005
21291,0.07459317420809802
26452,0.06165913514126785
16880,0.07172824019399116
7608,0.18281609499444182
19660,0.0640689101018905
10066,0.1374335499460914
3502,0.17488002463854846
13721,0.1051401931926252
20447,0.1337499879641113
18204,0.28092895317305033
19807,0.07532546388906693
28394,0.06407251289296283
6534,0.07886464206720226
7675,0.14201698766046095
15558,0.06300741295498218
2036,0.18220482484858588
22477,0.19709698595488997
9983,0.13035104432603198
26552,0.08213517801974499
28684,0.07789809421712691
13508,0.0781019534214525
21351,0.059076663525687176
7684,0.2319066490328581
21643,0.14595360102819402
16214,0.09374346518734947
11824,0.2003530963888456
21740,0.0871225188406905
15318,0.5185038458888712
7787,0.09507696929115061
23763,0.08345771550692879
3057,0.0856621949474765
26113,0.18438281253314526
3733,0.09668570209896467
1893,0.07079889518172694
15529,0.19824219505752613
19750,0.08580808250100107
20381,0.08422307481556308
9227,0.16898800122495775
12843,0.13399130126656755
13866,0.060267348268832746
11899,0.10452104663449352
3055,0.1461202898401029
10708,0.08915475653691513
25220,0.05677041567355246
448,0.23530029494594587
10065,0.07616263172966574
6055,0.07519342065218948
23461,0.13026521272021493
19875,0.21229492982579917
24734,0.11573208697992862
25033,0.06559543753585384
27202,0.1418494328066399
10558,0.07528693761411671
29126,0.14562123912683658
23171,0.28303131736272
19902,0.12685298382516627
6045,0.07661154687048728
25247,0.22570242489985223
3202,0.13893468267622777
31311,0.0918255022821049
31657,0.2563405232256602
290,0.06921819840208189
12337,0.2516111449327187
29360,0.2233956625285154
3414,0.1392850270150833
14616,0.05664979744801878
5290,0.2349941347000758
23312,0.2889718368641769
18158,0.05609007715858807
32696,0.13829401178295997
27529,0.20231928333053545
21616,0.181164453321605
22182,0.16656596889569045
7386,0.10745502267515268
7139,0.1505756149646481
387,0.09038205622599377
27161,0.10765515168212954
31310,0.07771079771803886
28111,0.09098913241070473
10158,0.11134640481313107
8403,0.05800857228846479
11465,0.03200938242138396
10019,0.11055903410517776
21366,0.16754148980522032
10526,0.03479560201836338
30700,0.32397517998545744
6871,0.10104493030067348
10184,0.19333144163893798
92,0.07958520389846403
13707,0.041219478863585325
32101,0.26124186268634664
17323,0.035810425666680475
26379,0.09765311169395978
18438,0.06797864586607627
24600,0.1464194229951282
18312,0.10522419350366435
579,0.08179676809144153
27001,0.19727800878691762
8477,0.17716554155505765
14892,0.113980202085774
8175,0.1519371982469299
529,0.06373118312887144
31966,0.2027006522036099
3799,0.07305449900577342
19929,0.06205950957069997
24604,0.11608254143771583
13346,0.13588479341899828
7065,0.1209628547464499
10099,0.1339027739031697
23869,0.22118350301927497
21397,0.08661576230682945
14905,0.060477199571361696
12970,0.10752279101774458
24394,0.05285829622044216
513,0.09078098424545039
10069,0.11982866128042083
12461,0.07229254924917215
22967,0.06380872153243626
571,0.2054759511327102
7775,0.0943794566301257
1691,0.2464641628673535
23528,0.1183385095881306
11698,0.04245337162335064
11569,0.11191489628971728
15870,0.04890913241190778
30578,0.13311978318855958
15641,0.1675869142137675
22202,0.1628861766853969
30834,0.16563429880216704
1104,0.06664252782798234
5885,0.0748845379500834
3208,0.10842484756928453
14137,0.101980200549362
16587,0.0935244086654641
4596,0.07907991464721754
21972,0.0803325638957712
17801,0.29462653407929373
29646,0.28709518201437517
14708,0.233224161007282
10608,0.052529285972464194
20307,0.164704849193614
19466,0.2861166183649942
14815,0.09176528957068293
30198,0.10008260215644096
29765,0.09056103612067366
4337,0.20922475294280754
11449,0.2686514793670926
24861,0.2663243461364771
27303,0.0584601763563746
19019,0.0790724815988023
12040,0.10705604016727858
14583,0.09467495218401431
6848,0.27716116456627965
2115,0.05730153793664555
19848,0.2199071830486748
23544,0.2381454050698092
20019,0.2022442522738546
14859,0.11182655345534434
23386,0.31120626460158624
2158,0.20428854718782524
23254,0.062491512787873994
31276,0.09765994256658571
24940,0.05457233256389115
19498,0.09900456858656188
12953,0.09272163108042607
13544,0.0887668572744191
23921,0.056116806761464966
16353,0.08745650493727011
541,0.076271848085135
5200,0.27132946564619087
16923,0.2455956884828532
1242,0.08333310948510837
20844,0.08841951602407531
25212,0.1806230299095238
23345,0.07509838036497013
21182,0.09060483866344324
31228,0.2626219900854973
9354,0.09807274879687983
3204,0.07227397759985048
314,0.12007973850667242
23685,0.13326996108131517
9979,0.05927812109534536
10733,0.3943286166708512
33366,0.05529016204822142
2056,0.08230038761624861
19371,0.10332069145116776
1437,0.09602907224098586
29789,0.07692835254362977
21851,0.09473012274654564
21127,0.2177618893653394
24006,0.21678826570309317
22902,0.07725936644620303
12745,0.07632993937193037
18879,0.17321204080388283
5505,0.034136686112013266
14030,0.14872756418465446
27779,0.06970643922600632
29215,0.1188359289361075
2983,0.07057788922194201
18679,0.04971204793962795
23702,0.19256171043097817
29597,0.33262953881069995
6358,0.07197473595500167
28950,0.09139703187709572
598,0.5430270848170501
21124,0.10865325070701409
8957,0.1250618420342947
33048,0.0880169381477394
10126,0.09915702057520213
3066,0.4764067526678302
22802,0.1540494321235052
22965,0.42445001366134005
22079,0.10197256677813767
10675,0.1086017793083958
23602,0.07431003593069464
5877,0.1313870374595651
12366,0.10287176343272555
474,0.0689908886933891
28208,0.2372845838855118
16598,0.04611328360338405
2001,0.11126109591183539
28489,0.15899668621034385
24347,0.29209155602762826
25237,0.04741976576140794
28958,0.07940112266292093
6931,0.14617258837269156
7901,0.1321267089785424
30963,0.08636403335591171
5046,0.05705547187551149
32846,0.37519515552581384
5233,0.15052131495357687
2488,0.11987598713567209
23125,0.07234890411728524
3383,0.0953515825925125
22150,0.11939065071359467
3482,0.11664947147463238
21662,0.09670302749496022
2019,0.06902217661953158
28822,0.20022401727240632
25755,0.08542878309641369
643,0.062221723971670286
32877,0.12989118771498284
14238,0.1334521711948713
16170,0.08687996839871846
14006,0.1239213139823753
26719,0.07834905244009371
12596,0.2194859745334982
4663,0.1107355218548658
10339,0.11218192380405122
16233,0.11026981976813187
7106,0.11791411930844133
31164,0.3499974814909743
28731,0.10523532042266699
30078,0.09830999289426574
23980,0.3441182566470098
13221,0.11990133872909356
1575,0.10741519992624048
33270,0.08721559029497586
26750,0.1931701979687812
8613,0.12963439777412963
3212,0.12123179289393336
7495,0.23674732124751052
26914,0.055764273365581735
9135,0.1070294840914409
11140,0.0798572364640555
30282,0.14169750607371304
16362,0.10864896189775877
10328,0.08917253441348812
4420,0.3448044710117494
15773,0.1684928586113118
10716,0.07436862523002051
18925,0.14163768726271864
19433,0.2907441512123915
29231,0.12146894726020196
16183,0.09050908272028038
25398,0.08692536370940941
8558,0.11171676245113894
31496,0.051471915510541075
29589,0.12493538668436752
25937,0.10520588087214969
29694,0.15004061049292694
24265,0.057321227115156005
23749,0.04523672515234052
22660,0.07542828520038475
32565,0.08403754868999311
29510,0.09075723406526014
14876,0.10895048644618971
10706,0.19826316265286165
18207,0.08060451738876347
3727,0.1276114160340096
16391,0.09132274259023944
30326,0.2054075109400245
29061,0.11835499919552066
17290,0.12114004636027215
32150,0.18425750257735132
32264,0.19447245780377903
33111,0.09837782049300736
11992,0.14926026205815687
11554,0.10072536407150029
22991,0.10081027371912112
25721,0.07299032955229923
29619,0.05152035203964897
33287,0.3897223825376843
427,0.09814112156506122
1813,0.10633794792262485
5227,0.07892091311049035
30241,0.11578681896861347
28248,0.10994274426813068
18412,0.11530498265716392
6416,0.08110546160051949
9348,0.13258398691631113
26288,0.2692903817753154
23281,0.1861446926574883
25664,0.19741174751819887
19535,0.16779403354511266
12550,0.11352018753667688
19416,0.18163112858241054
8252,0.20925762494951444
23789,0.19816563216452812
19141,0.07305812438980448
32596,0.19121459994559117
21835,0.09529993245858297
27810,0.19314670486865057
27802,0.05365413617479155
15572,0.18739687896272444
30942,0.05381747594853788
24894,0.3707163165176098
19856,0.10442385938944436
8730,0.13871663217753505
22060,0.22291781097692984
4764,0.08011618517027382
32840,0.08602113272584773
15582,0.07383894538771538
1536,0.0851465144487911
523,0.11630016941207637
8474,0.21888310262257946
8172,0.09038513310587727
23764,0.07285694752515084
2689,0.27978599970404977
12238,0.07006798023694609
12687,0.0719596787147195
17810,0.05655332726606446
27877,0.12793419444562368
7752,0.04603689549273268
28962,0.18107502151660465
476,0.11286425016269262
11023,0.29643002012056036
22021,0.16851774819673845
9027,0.22223373629431026
12257,0.12160521175928875
20772,0.10423748200284837
16797,0.12513235375110335
3141,0.07045739700008022
27570,0.09997468283860705
15276,0.15772030047068777
24831,0.10957022511358573
15312,0.1045237681337384
21963,0.0856261241937903
17321,0.1697657074464175
29327,0.09055579419895289
5842,0.2336302521379287
11791,0.09326009375418212
32060,0.10173904125943592
13983,0.04562934208435726
12940,0.136311074101512
30283,0.28795442450855174
23559,0.1404072646810373
31270,0.13355942518486033
1731,0.10653171001935631
20385,0.08931890696716942
9828,0.11507315270497799
15419,0.081890743309812
22452,0.3228805800871434
25847,0.09338970670614677
24797,0.08650530284480355
20602,0.05520904115456239
27245,0.1885987951030933
28030,0.2698725639939252
17263,0.16035231825776772
8157,0.1854250568754606
29764,0.0917257716699841
5816,0.23799253490410774
27295,0.0836707748116912
21638,0.07001577572114309
12524,0.06480803446091385
6382,0.07920355389699042
32365,0.14893798133005565
12554,0.08249178886344329
2714,0.07365404156640448
29369,0.10524512971188593
30122,0.11285205440304512
32385,0.08276354469737689
7828,0.23325621417813752
25012,0.06843932690893444
21128,0.24922320208259452
30626,0.11480207620640213
19747,0.04612114263981335
6522,0.2558069911429363
25814,0.1503095870435769
24858,0.061188764454626225
7440,0.09769917597370499
16360,0.10102776634775472
22972,0.16619185917135687
14227,0.055206095006489014
26436,0.09807883784619136
4943,0.052514008226718326
11585,0.05394268129554926
19430,0.16617520020292517
16596,0.09819125135090771
8817,0.1420156801779946
10822,0.123511061550642
17394,0.07226219778650163
3164,0.07535346325052365
13369,0.18526552511507988
27916,0.1011972933016748
14593,0.09592346153744628
32562,0.14292128253643227
3274,0.09531315999471278
24970,0.07754848416779908
27235,0.13859125881143883
29124,0.12931060281128293
21855,0.05007989793243669
9835,0.19002519911717686
21690,0.1816742016568197
23976,0.21608926979335646
5487,0.08517395942648547
19520,0.30954991027247425
8213,0.14055910881141306
2456,0.057652125960287605
30259,0.06319456246889114
4566,0.07672699293130943
14998,0.15276903555442095
32377,0.15421576345530397
32689,0.08676526763801944
15196,0.11612643398439246
22311,0.0983781185223026
2814,0.12590099800590362
20855,0.10035329277471675
8008,0.1771999503477715
13020,0.09403125613161724
7802,0.0754555939246593
16202,0.1174968078745685
14131,0.12121952382295104
30449,0.09814565824109646
5085,0.08505971575716967
10825,0.09287823298139937
28456,0.09452554911130541
30576,0.16900929161242864
13964,0.1397271711804696
22281,0.10267391307868273
19659,0.11457329430102618
23362,0.05015456832349026
31054,0.09123148243187265
29556,0.23041856194466098
32295,0.12254453447069395
25854,0.11527011357879076
507,0.10064355991026883
16065,0.0752000655592648
6681,0.2773495428670574
16912,0.14145724096263868
25464,0.1655497665588936
26372,0.2528180865127838
631,0.14382456495588686
964,0.19010014146638612
13101,0.07092662780120275
11970,0.24992966627775814
14143,0.07548355561280677
27011,0.043863995689920776
31958,0.1363479457966102
11278,0.1293121417761753
350,0.07011528192914754
21983,0.043838610683144916
26039,0.29712716005917894
777,0.1252796436816108
3277,0.1579045098620274
4138,0.13701963795383104
1657,0.08024917606194373
20935,0.12734723561775005
2013,0.09033122787299105
4304,0.06580103851242806
22295,0.14219961963738625
30024,0.1174458577354839
1263,0.12930638182535753
6020,0.10792585962560046
28121,0.24143949169780585
15900,0.08620059266241469
22957,0.15574874266224212
1433,0.13631134991281785
6613,0.1714424894953277
22403,0.23775271917901136
29960,0.1308582774259371
3577,0.05946027172333225
8743,0.14326196944374148
30356,0.18436336080878185
6173,0.06504488651002435
19545,0.07286955490727287
24951,0.0944854578191044
33030,0.13505286411550385
27453,0.09958990751072942
23448,0.07192958888235314
22995,0.06013152843045152
14850,0.06742795214764799
24417,0.2031850461884649
14016,0.06393024366403052
1198,0.08199424647062611
12909,0.0798488130649837
15757,0.07981932771838941
19121,0.07109673490083367
16431,0.06866524651583424
1583,0.24124403445937154
6846,0.16822181789747276
30748,0.06415798831138035
21781,0.3107502360897694
30971,0.14999414209286321
9404,0.1388080725772777
12804,0.05581923411105052
15755,0.10840255298912484
26056,0.06543141804198321
19831,0.16515480392012188
13039,0.1322807173241223
31012,0.3522436793847564
8657,0.19767989548398654
30045,0.04694184847870304
7647,0.13109632089196768
18831,0.09543362918161827
19665,0.2329002973780775
17334,0.10049587463535824
12196,0.08270205079671768
11090,0.07884901814033472
10718,0.0820361731384342
19567,0.20311366201235223
31635,0.11106301271281373
7112,0.0741799942627626
25687,0.04977861234734643
12620,0.07249570002165932
17579,0.05455095975366324
22998,0.09566919120301969
19180,0.11996691412066045
11706,0.09176653957208937
2130,0.13316067807889181
17550,0.11152829223721647
29816,0.13114412639596712
23930,0.1306642320346728
13473,0.2117657377938857
25899,0.12342187065586858
5422,0.053553948645983764
31337,0.1213374134065032
20291,0.19700655494713382
27090,0.06388321199629941
22051,0.20894883155373675
31571,0.10055099487769541
20709,0.07506061906899093
32839,0.10964409558347127
24560,0.1709181215325745
5528,0.13130600944289178
30727,0.07183221946294702
24463,0.10887309975936345
25029,0.15731538601937997
23466,0.23123441857356966
14296,0.08594841273864665
9655,0.08548891270452226
21929,0.08775920439752279
12110,0.11889423275716685
4012,0.1333986360766955
31232,0.32922069222998934
1247,0.10290967903797438
23422,0.248760005791648
24669,0.10320617559039505
13350,0.07506391663247317
25889,0.17414125492914936
28048,0.08564880496772186
18494,0.13536781710449794
24679,0.3083786602021633
9497,0.12023177261997225
25077,0.07685400695234475
24782,0.12913505788429921
19918,0.17637602567499816
21263,0.180216519562381
15817,0.09855723239589602
16488,0.05755693521772691
8543,0.2531395842669945
510,0.15603595071856752
6133,0.04294492030625604
1379,0.10090072178957399
16477,0.09064869263432956
15653,0.04201641474757417
32133,0.07445332633253617
32669,0.08657232429896011
4765,0.29500783131813035
3488,0.2766164101392561
24286,0.09426651430249776
23507,0.23185032156347252
20026,0.17144892774866785
13293,0.15278238198754263
23153,0.04617831503658248
4289,0.08556902513875013
6295,0.09833621008810273
26954,0.06833954000440369
22789,0.06423134097910067
33319,0.09085446536358162
13712,0.1511046519719298
19565,0.18173546976337973
10435,0.08862195659270969
30606,0.19474097731110337
18992,0.07629095890401795
24614,0.1587861239166168
21328,0.17392285923284645
16611,0.11050215765564757
16836,0.1507436318472341
30535,0.08764882208001967
3668,0.10632737490021628
2616,0.21520007882802022
14056,0.07037946188101836
18043,0.12624978211515486
9141,0.13114090826692576
26535,0.0707628676470502
11857,0.06620077113699105
9633,0.1055909897299445
5312,0.06292513082437627
13878,0.13496605347006757
33123,0.048021740600945884
22774,0.08356065024175077
19287,0.20587441869443238
20349,0.07500308964565533
13214,0.1673186122270047
15398,0.0684186629341629
27812,0.3374432958642258
2505,0.05077108395045253
31181,0.11025223019072436
1507,0.13977033972691075
25917,0.11365480609767897
14053,0.20216278673337276
23277,0.11523734060380497
3659,0.14526084911578988
26004,0.07244536965698357
26620,0.20445649681648428
15699,0.08723736828226251
6414,0.1521547711498635
30019,0.0746707035001796
20092,0.07920782872366212
1878,0.12620270599138453
15883,0.07803767193235212
29752,0.07178193653460796
21549,0.08659326647707155
4151,0.10788171496893798
15113,0.06296853151096078
14288,0.14561981164105536
21374,0.5219145912426632
6049,0.04455593781380333
19863,0.0979883447881001
28452,0.12630506725441323
2825,0.07005954622049407
31697,0.04445621502240407
31451,0.19387517347291805
29075,0.08369625216021427
16727,0.11189126529561341
5675,0.1750879599893556
7623,0.07402239830730052
18153,0.09134061746761675
21075,0.26018336447477136
25572,0.12569680599560773
1360,0.16057789332315842
4905,0.0688553566206093
924,0.06494667949311878
2594,0.276096467911046
15129,0.10590580309086851
25990,0.1339536383560065
33039,0.0679531631323506
17486,0.13043875544463776
21373,0.0755656219958463
30910,0.20655866104850407
31135,0.1726979529239552
21379,0.22566682703097599
14881,0.14493556205926894
31904,0.11162246877228127
8658,0.10123554470133696
20942,0.050171322375149055
7482,0.10851470396775512
2663,0.06187138673315737
3238,0.07579575643241249
1765,0.19128620711068542
3532,0.2267783211024081
12744,0.04335328567184972
10192,0.12793143936193582
21298,0.22915921851958482
8757,0.14860465729615185
30467,0.2908388215231408
18867,0.07173068288957092
5548,0.2809869104160072
31213,0.15783763019208044
26800,0.07511654317883683
6796,0.10839726090009948
6409,0.09648773301709215
9892,0.13130653818304214
28563,0.04571628590515196
7002,0.09069342889554878
21979,0.20036430460883783
4369,0.10750820604009204
21288,0.14289018550661226
32815,0.25218255912986176
19917,0.19198218046440693
3782,0.16056860902534664
7595,0.09873804931840342
13968,0.1829354699589244
3976,0.11223926138212709
10144,0.38229827067336936
19015,0.1086088668633192
13023,0.13047802468791747
23360,0.2694148408647077
9355,0.14802334284234264
13405,0.10491008766387544
32500,0.18962521961285647
13424,0.06662977927392548
11094,0.13708023099413838
21704,0.058585055276860205
6346,0.16509947067420075
24105,0.17926952593664838
1887,0.11015347959020219
17741,0.19029662317571377
19789,0.3283005278787956
17925,0.08695926905064064
32827,0.25182344401529166
22266,0.09606257984377975
17735,0.2456331272572597
15128,0.07628768771654804
22340,0.02702174555830317
32662,0.21465344181002902
23396,0.20648286581956354
16883,0.14405288827007948
22936,0.18804137378450847
341,0.036316913867317654
4956,0.10718816076566409
9826,0.26911641135637426
33167,0.25079070467286835
11319,0.09405113741429778
11304,0.2108305904376506
15970,0.12464273205996489
1381,0.23807480383607013
9248,0.04967890421828358
4427,0.12814413761044
16563,0.07346321403312224
11758,0.10558235939713943
27869,0.2356425241079247
3651,0.0917636064154782
30884,0.0878714993801816
27063,0.1469908072478555
15718,0.1784820722110677
33166,0.18772908558279364
25790,0.08643567012785973
14026,0.11256060863364799
8971,0.09464276395501094
2640,0.07794251576322353
17953,0.12289616159840207
18132,0.057157764332938725
29884,0.14414694767638322
8545,0.08462178133379386
17092,0.20001993027681217
6559,0.3282784927089343
19812,0.09728897024149599
28821,0.12108368682630997
21945,0.10627201942034174
5457,0.08205000470382111
26188,0.08266221481037354
21506,0.049840886319149166
16249,0.05897628259961885
8549,0.25958745808132955
24410,0.05967136127452553
2492,0.07014654226516741
10222,0.12474242240154364
3828,0.13352471909861596
19791,0.10232986617568487
6862,0.08993701295707811
15989,0.10085633347452524
24512,0.09428682405881152
29429,0.13029439646673383
11589,0.04896175514758195
30375,0.05513046954616037
5542,0.10651356287153241
732,0.05711729921620108
14831,0.04685879760363227
1503,0.1436504127160614
9592,0.11493659387130654
28924,0.14093092798003873
29938,0.09299331165183597
12492,0.08380674737598862
10525,0.11613028642215438
13684,0.13123590884138597
31674,0.30088198343996697
18470,0.09497448274384857
11153,0.11058528674220966
3347,0.05037799995589789
21224,0.1717738723916624
3873,0.243587151945219
18579,0.06360636873547168
17035,0.07234828269420397
31225,0.2667070965609966
21537,0.13856654839522556
7965,0.21335246331691687
22478,0.14869670650563932
21977,0.25101921291193546
25552,0.09546253920726094
14101,0.15271010289324977
18747,0.13629532604052996
4935,0.13805544820376917
3448,0.2197554091198528
5714,0.0477338457782695
18432,0.1912124723306903
4538,0.08404820915410016
946,0.1061089382310888
30060,0.11541145347329405
23296,0.09838708647347459
12446,0.36205198623639107
9733,0.09072486994547153
26069,0.09683576386544553
19478,0.11122447016335646
521,0.11178037674780737
20021,0.11146616871905539
8363,0.09645235553314904
25164,0.06067161283364953
23412,0.06321041065028844
22770,0.22221857352556357
29518,0.03509108203209973
25863,0.10060067458422958
23832,0.1260121554793214
24581,0.10051093625436366
26386,0.08034723598152292
7423,0.18575442064687736
14992,0.08988517736632022
1236,0.10761716348845675
24756,0.11979225856653558
5498,0.05465320994201859
12147,0.1854000595141917
12514,0.06824404527254106
4469,0.23062129091285619
10469,0.26026235647341983
11733,0.05074888507906681
22655,0.052427517233996704
27038,0.21290995092597484
32643,0.3152742648885716
24054,0.3178030486503107
8187,0.13210251638212098
697,0.10370620474195437
3854,0.08874359210968406
19603,0.07595082390469036
17581,0.0875260812086985
27234,0.1342064416773317
1830,0.3537698391797038
29648,0.07553789307985663
4787,0.1232845547700518
27513,0.08095661782011665
21041,0.11149058180839924
31626,0.12836569806555337
19666,0.08033541247004189
18920,0.06565940693060723
18976,0.18079295249203362
16962,0.18659648027369027
21470,0.06979625140538967
24721,0.05664970168178301
17882,0.06680904071372097
19232,0.09326407217816411
11935,0.10105295839436351
19828,0.1590645742861158
17611,0.1594603465342949
2763,0.12509095860650565
10959,0.08925305999351854
13078,0.08587569979430372
23994,0.1088691609275359
1942,0.06308707719530272
9867,0.14431911056292118
28197,0.07991579754860004
2353,0.43554963739494446
7084,0.15839388964297277
1367,0.10802237172049195
15354,0.12650120290502445
23302,0.13091962995668213
12093,0.08125823590470432
24423,0.09474125838749668
21388,0.08291868469122565
23938,0.21838983251414348
6200,0.14367334875032475
13123,0.12257753802746309
1302,0.09625293525935708
4614,0.07018453935365998
17041,0.044558492336318666
22793,0.03486997311385846
18354,0.06155030419889872
23163,0.09100049989611199
29438,0.0767781923751699
12876,0.2520889869042308
15065,0.09182631303866327
2274,0.13760963982721158
16211,0.1790835904214576
7078,0.15848141634438123
5138,0.2707786755077285
32207,0.05540227501953246
9819,0.06825526747681486
26525,0.14393659046374854
25342,0.061714058405447934
15601,0.12768212134946796
2495,0.1047347056119977
17828,0.15991822887566062
31923,0.3121024287797935
7278,0.16440984186492877
7991,0.13023717160137444
8161,0.11114581164469255
1637,0.14836580062038623
3008,0.14103531342149322
26978,0.2616299732912696
8356,0.04837000331858838
21580,0.2660154690559797
14325,0.10849388598092041
608,0.08288462596472253
5922,0.09331090208339023
11785,0.0480188537045907
13228,0.14102206404618528
15651,0.11650510649397898
2118,0.16497722293393438
25642,0.064873763796559
17059,0.1294153947749925
22363,0.16574843221775876
703,0.0545955289041633
16087,0.09818249592437536
409,0.10768787128027209
28579,0.09492807869433147
23120,0.13070986109069985
30377,0.2111178391479793
18996,0.11740284154755014
28634,0.35517295741776095
3476,0.08415487277054962
25955,0.23629144087785472
23025,0.14205227893862346
15286,0.09639234580161284
8081,0.07971986319947419
18015,0.08686288321737187
5976,0.10892499350804465
16679,0.09166476055681849
6165,0.09015589333639303
23557,0.145601140160217
8755,0.13779863032537584
5750,0.07063658906279072
688,0.10414547984180589
24779,0.14099607928613198
19060,0.11175186388934391
15271,0.09618175591061395
17680,0.11611517029611089
10064,0.08152122070006888
1344,0.09142677130202435
12023,0.1374306308664088
11862,0.09231410570098401
16606,0.15251801241588145
32510,0.09134621745837848
23472,0.10600260547799698
12957,0.13523646625550978
23501,0.24606655225469207
26216,0.01742899680713409
25524,0.14411075924748268
12989,0.15165804743769673
20914,0.11862017870161201
22446,0.3320860673688307
19825,0.07678422154685895
31237,0.341086151710804
18693,0.10950439387162306
28145,0.07953485123919285
8639,0.09878572917850759
16103,0.09941100508259208
33059,0.320655070573477
30187,0.06899908292647877
5390,0.1250879842300113
18853,0.12247168676859407
32280,0.09631130930677716
31243,0.34654396184064484
14755,0.10412816206139053
8273,0.0998567480614383
27269,0.1298296006494495
20925,0.09111353331381428
20357,0.23181064439457616
6000,0.07163044912616082
7950,0.13775189847355968
3595,0.12181578255108451
5806,0.06602337254444386
21894,0.12952555590972634
16937,0.11307694577118296
21579,0.17155864733419854
8501,0.1397051731326751
8723,0.13447956525860874
11049,0.07333274676391148
2558,0.10469351782347991
3263,0.12189511365632161
20347,0.14921155638745562
9848,0.12796658491774188
2119,0.10356271970221005
10406,0.12562067864389112
2708,0.06530178733403885
2791,0.12513321479151912
17529,0.24266335574651213
6081,0.11839299188181997
18762,0.1497798990704188
30547,0.22461905437953036
28784,0.07272669373140835
3829,0.07884770255781892
10509,0.07643060548270886
8272,0.12052937506614542
14736,0.07231138865961095
4307,0.12366149334418967
13944,0.11265479908942766
2399,0.19486120011140198
31684,0.12857945342371288
25515,0.12619907623625676
1483,0.0820406010673178
31549,0.0914178681886561
8625,0.1475905388527412
11002,0.10679356325511884
17595,0.0901961193860773
15117,0.10752256973641316
32570,0.38774367318986824
10007,0.07415248691385067
18136,0.05673451534754024
1718,0.24958240820102445
3636,0.07727350270834579
24101,0.07389153411081127
7270,0.041429747773597356
27097,0.09563854816191901
4963,0.08698539602395991
1027,0.08802337881994868
5125,0.11836220281288444
10422,0.11267740138611024
26032,0.17538685899870488
8439,0.11218230799286119
9718,0.10307542028819157
29743,0.10579011494742352
18423,0.06459636542322846
14290,0.11276795985667376
4414,0.10490801413412101
4801,0.06080252833674192
27442,0.11267043282621356
26764,0.161076190508703
22772,0.10386585361333277
2688,0.16324324946882915
4562,0.09515959743858976
8614,0.12239335226927497
15887,0.0837922270295931
7036,0.16718327559463075
28146,0.08983176607391954
17124,0.15660985481966247
12123,0.13031876032516201
28920,0.08817927821632392
10678,0.10999265408401267
26202,0.08045387801506476
3380,0.0742565865286192
13696,0.07632374377703031
2287,0.05147973141951669
23596,0.0912899046352644
10723,0.1282844004005516
14499,0.04840485591721779
24596,0.09010333677985144
23701,0.2573966651370098
29274,0.06890898822027311
13806,0.30334028216086983
11948,0.08023855249690025
3770,0.17601315536336679
17803,0.08304698973460434
21584,0.054342210011482164
33115,0.13464073630789644
9843,0.09745200137318169
16251,0.2800650480811561
11075,0.16256109951302503
24806,0.1564839960649053
21627,0.3961113876692935
28617,0.07382629266036234
15680,0.09999196186454981
15169,0.24905964308086756
32771,0.1272874995195362
31650,0.18043133816071638
3320,0.07589260127857032
1547,0.22197879994703495
5368,0.18557961173546805
13555,0.07245047596024384
7821,0.05831192653146675
6272,0.08741701950432905
25003,0.08960269850122979
25085,0.039571235106779575
21791,0.08776273999304227
24905,0.3288430133450084
10900,0.05242913474885796
5519,0.08470611893166295
2172,0.06220858299035239
5694,0.2288636612047917
28740,0.14464986036447394
24083,0.3818487900912712
26646,0.1499909071815858
21141,0.09148623095968424
7526,0.10364882154787076
5171,0.15457008929051405
24406,0.40353787324719853
23039,0.05999401562771061
12604,0.19220583231484636
1645,0.10605948460371452
18401,0.21282627834662565
18218,0.1346486626979208
27133,0.17228896811386066
88,0.07220096599428943
17728,0.15267495878506046
21471,0.36749833517038305
5683,0.10923977779428165
5261,0.09640671118422912
24777,0.20169600553797412
26005,0.10338828193386496
17482,0.1380983573160778
21819,0.0934286921569135
13365,0.1348171174286071
18222,0.0943543826611774
9397,0.08407978525045345
1107,0.13905010592520062
20884,0.09694333825392148
9990,0.09630720014901407
25510,0.10018856187752097
19927,0.09050895555975545
12341,0.11608421564542873
12915,0.058842062950840414
7909,0.15668213313508222
23601,0.08776868818326164
18160,0.05788882465630121
17557,0.04928064546939579
11369,0.11912799339210602
27450,0.10932190226834665
23130,0.13116289230972122
8962,0.09997407090764202
30586,0.07834138789681604
16042,0.19880411588400487
26457,0.17707699759581985
3297,0.07551688587758157
18769,0.13259859795242995
12396,0.24111136315255896
6764,0.2906460239213162
2524,0.21074316515867997
1724,0.1985571800452164
8653,0.06789109058630959
21444,0.08436581415395655
23439,0.06625908642512886
24536,0.07446855015390728
22638,0.04846672714464029
16400,0.06752911599423517
5120,0.09691462894190682
9622,0.177502695354621
9852,0.13242298617117626
9822,0.06560856459554319
12053,0.11906111289186481
10633,0.09168991728035976
32327,0.10033359091878598
4835,0.08024673079361345
19269,0.10671481727507252
28061,0.20544458297792076
17666,0.15207589074139935
11406,0.1972973166963435
25315,0.16873058918203118
26087,0.08984725295914985
1498,0.13411898300233493
16554,0.09952859603482908
9926,0.0936254847497615
4736,0.07299973474732449
584,0.12301006146953508
18033,0.2660434388322246
21649,0.09752752645173633
21742,0.09357910336878225
1183,0.11012553459994713
5702,0.07839208073293401
25967,0.1349432014915998
30946,0.24714306304681974
30705,0.06696771344918138
11168,0.08638282948101303
3774,0.10282922436333763
17971,0.06330749455435977
27551,0.19216760392853463
5146,0.12549767734930295
21428,0.07230155054192024
27740,0.08536413961848266
25898,0.2240065042459995
20755,0.0768583458325048
31059,0.04455928638974256
15871,0.06606154735447374
21674,0.28429107969836265
21096,0.06263171679688265
23790,0.06377119989840478
7923,0.07895472441856781
20526,0.39945485990619056
5805,0.10220032171954732
21332,0.0767093433179551
18070,0.11488708531731696
23896,0.07362805433604071
22631,0.1631475209884833
4103,0.10725983238365405
26121,0.14597812443555325
32780,0.02815505690689587
21416,0.1464943196527794
16528,0.1625527602081655
22419,0.2570386633203869
6599,0.054266503454392837
30627,0.14152302639291797
10842,0.04313113947718322
32598,0.1186929381494575
19639,0.2780566651534525
13779,0.11514394592887044
19621,0.18439385535234928
29726,0.10867368020833584
24433,0.0840803190257058
24445,0.09382706877240997
32233,0.2870380458889517
27722,0.2247719514626546
8281,0.10936240974643613
17812,0.22627635807681165
30044,0.32065623912482566
32638,0.09383135869253119
20083,0.13277683083782954
13402,0.03808026708413303
3319,0.05177103554830693
7606,0.12889777593827256
32129,0.09623592974746775
25802,0.12374039314501704
11130,0.07822988362064999
26647,0.10572308411697139
19189,0.165121133514836
1993,0.45315104790147825
29605,0.1329951740244257
3772,0.05135212008005954
17415,0.12100620470516997
22493,0.37586687747250397
22597,0.2956191254284275
12585,0.2564613194729002
16516,0.30230316211393843
17429,0.1742124535360657
4328,0.1561020824822031
1307,0.09394193625417274
7617,0.19133416336576556
13928,0.10241599767609187
8188,0.0798691141124097
18937,0.08537537555166852
10819,0.24235286718715848
24165,0.25099370310211466
16046,0.08676935626371304
12453,0.23147899524485469
27096,0.16527889091268982
16272,0.08528210257265773
1855,0.24131294675704318
6535,0.22429739999145581
20211,0.08304637941588781
22716,0.14309928431443347
26497,0.26347807760621034
233,0.0950183268362731
5191,0.04800409454770035
27228,0.04485257536372334
29776,0.1770641480887317
20,0.18742651362693766
24387,0.0736202429640477
22993,0.11621103532173625
14385,0.4206640409137477
22962,0.20894165365193362
3621,0.1488616691940747
8934,0.18742848451974667
9214,0.128318431592275
31099,0.2658916518237123
8865,0.03941343968346759
8506,0.06061590820501266
7597,0.1970033921532793
31907,0.12272528797861147
9223,0.287057375961662
26085,0.1471482065567262
18502,0.047647143112973016
8124,0.090493703983901
14861,0.1826480226052932
3364,0.17661603378518642
22456,0.10783354531434335
9975,0.058285110016135816
12587,0.20142551589293872
14321,0.09842651908378479
18169,0.16145124932322763
2600,0.07170103076219911
24809,0.2483407509411585
3135,0.08085157773838308
11750,0.19361256804045623
14463,0.2884180600097214
20078,0.10514269834505492
27938,0.09044905902842024
19291,0.1253380170598867
23707,0.33061049742349
20304,0.11557908418843374
2515,0.1849423033280888
19150,0.1250102735944854
18486,0.057623498383556626
7255,0.09716319227325897
16584,0.10202351627289598
19134,0.1357847883413116
13227,0.09311353263966282
16323,0.1164701432568033
237,0.08846400663286963
22513,0.2649579429277966
2236,0.160716677697396
23520,0.2078974310469714
23705,0.08265198021251578
5494,0.1413643578167378
20627,0.06166844904891434
32920,0.16508678322140102
676,0.10817238718193076
10588,0.14004183476445187
4279,0.12156628053487703
29888,0.09936756058445051
27971,0.16473804862863115
16954,0.09024603797590643
22894,0.12360361939993961
6282,0.1634166889179359
9288,0.06845073881682633
14922,0.24460758760997448
14770,0.061478936405428626
27587,0.0843563670486386
19051,0.05281636257544477
3917,0.08170261226037005
6292,0.12490481543407776
1491,0.1524074406047365
7963,0.1940621025834433
7257,0.07348506482287842
24664,0.12209440888190945
10354,0.1396953165668367
26545,0.10312442138671081
7353,0.09212282652157008
22542,0.03953090764773451
14975,0.07013659039285702
17794,0.05369925124467309
3609,0.1734369567294728
23270,0.049182808079356544
404,0.11099642434388829
11334,0.10190775594033501
29433,0.10950858998186776
19846,0.34696003814741594
11264,0.09869166034440217
11059,0.16679599929362512
4460,0.18015658602671633
29128,0.060130718184853355
31632,0.05610391238540555
10677,0.13821910318175984
22577,0.06370234668597628
4969,0.17124961038248762
23451,0.2640949595219021
152,0.08809220381790042
4403,0.08280585499047773
3103,0.0898650320438773
11434,0.14166832025456882
10027,0.16181347458742582
14907,0.1613324226516618
30184,0.12940913200341675
4384,0.3048568048091628
7650,0.14060427790420638
27382,0.0490491085637392
24270,0.07437123125907738
7266,0.3626093790278941
11687,0.03560548790864641
18991,0.1899170026207784
3539,0.188998990859077
31628,0.23478979103789793
29748,0.11487085742689442
10012,0.15668967936760494
30218,0.26376404447719587
19668,0.0915983244348019
2015,0.12420290169301357
11084,0.3529506628034471
25251,0.11916875172129149
7225,0.08770827021891703
5124,0.04905652377885095
19074,0.31324939375952493
526,0.08506848632453187
32037,0.0787439069758075
30961,0.057067273392993556
11778,0.09968978823737065
19988,0.06764769242131659
17814,0.11576758685520587
11516,0.040485187786246664
1374,0.08643736104836898
21448,0.21399717428101087
4331,0.21657550237910736
3622,0.09409010340132738
4263,0.2836451284880698
23852,0.11769528925238895
12664,0.08352552898923314
28832,0.08736363604634403
17829,0.218677317950452
30328,0.27956501019762153
2489,0.06584051740584408
28829,0.2254611727509475
19903,0.06502268625624108
209,0.14245741467542813
18977,0.07055525220436888
13763,0.14027753109464625
16524,0.10612402515626831
30900,0.10882254259374857
4953,0.08932755951022794
23407,0.09190465591941642
14590,0.2692279188610811
13493,0.2981777506762878
6893,0.06758142081296097
1875,0.1693742813637873
27770,0.14082577423756798
9140,0.27410285485873015
196,0.09245458776257232
7797,0.10136470331654401
25533,0.09074165944788601
14503,0.11474181814103715
29009,0.06597444953702263
14985,0.1267027545407525
26693,0.14965619024464238
16052,0.08920218309432779
15326,0.09979563449039913
6136,0.1317996166055281
29156,0.06834284193804147
1522,0.11472332170172886
2182,0.07895944212640568
30370,0.08101032696460539
15146,0.3409934330873244
4391,0.12078778350898843
17283,0.2540866736745699
28985,0.0790843304359879
16566,0.09509483001604267
33021,0.13052424612071514
22469,0.07276854377493272
30007,0.16705790330847478
754,0.4166898046307728
21177,0.200294055907514
3738,0.13571048413322667
23784,0.0932453043530555
4707,0.15434627201384138
16032,0.16896360342164476
25683,0.22758875911069093
7520,0.10455153852398404
22372,0.3550987795812614
30432,0.10434776961773728
18265,0.15306800033611337
14966,0.06938430515417045
23926,0.15512512943807788
7282,0.2040616915870782
11904,0.10890645181895524
6056,0.05593656157034129
21377,0.13133725911014085
20335,0.13582449835530994
16916,0.21380852648660845
51,0.09032977378464821
33028,0.12342651845725364
25947,0.08085222277614056
8190,0.1473129782439998
19422,0.2835587714350804
14284,0.14784708501972982
32117,0.038780129605776086
14331,0.18848690611087204
12378,0.10888294533046217
9763,0.18872829797964977
6919,0.0648559515219792
20206,0.15631665299848022
12642,0.06021495537865318
6425,0.25396989439805295
10912,0.10763588622504983
7599,0.09738375132604303
9276,0.14691634488903904
9703,0.09112019988197863
27592,0.13791794282352882
1223,0.10966901968618403
6484,0.09026960617673532
4210,0.10773592557306798
32460,0.1029186359879374
7601,0.12132439469158314
15928,0.15911744540627917
2831,0.10643778747147392
4871,0.09810041718994858
21081,0.1435405384757744
9160,0.07068070011242246
25815,0.1806881646455197
6337,0.12195048871612918
22104,0.17986090996681356
14461,0.2958553039620338
33269,0.04541839142113438
492,0.18042540138021726
4844,0.10751410589441288
28577,0.12587588886566864
8361,0.11217622780271125
4061,0.09367083037235735
26199,0.22830629910227623
29956,0.13282941249999033
11362,0.12391981421513201
9705,0.15661057560398448
27010,0.3438030321893266
2931,0.04044005467834887
13561,0.13588772359820142
15990,0.155969856048446
32458,0.17781823334171554
27481,0.13800167469151708
22325,0.09118654403568166
6904,0.525603338896074
15269,0.0929931694504191
4455,0.18984163727375847
14567,0.19272278624002942
13071,0.06301651428678332
20562,0.19609313562288797
11139,0.09591016749667695
24974,0.08416603580330016
15537,0.0771885691716952
24215,0.11038045623298809
22605,0.07620467823783798
8736,0.14503706201831076
17706,0.09589624083557771
1173,0.06104911254901651
11159,0.2541173536620971
6736,0.07288985518909276
20926,0.17906961873430344
4465,0.08971043634096351
22209,0.2018556564526026
1812,0.1256359378242252
14123,0.09960130341627757
32484,0.08411377077067451
31739,0.12012254411288655
16841,0.0815059905067365
28413,0.24727161329687344
28334,0.07691606047986664
25986,0.14869320024070465
16928,0.11607604194233359
1627,0.06933413204974966
7224,0.09254196064342805
5238,0.08674631215677725
31937,0.07863076048540045
6733,0.11991304791210994
21609,0.20901374487675378
29664,0.09101342401374873
5279,0.07411786255312064
32468,0.25198397106204506
24062,0.1407197672627415
25223,0.09423634221946921
15945,0.08401208250029452
4914,0.03732795207523095
19347,0.10816524999937949
9000,0.08377155600276354
19997,0.06241940188094373
33294,0.07265155483654481
28523,0.10814036737387975
12394,0.1428268550559336
5981,0.1110648121284391
16426,0.09149475596386797
7333,0.12475690192875587
14696,0.2919088584253336
20059,0.11288605878106452
3534,0.060167448304902685
15473,0.2559655159647817
19938,0.056103124810412165
25426,0.1783675828489397
4549,0.07923538053065328
10928,0.30038677118677864
860,0.08292600010962324
5492,0.10720020738513007
1007,0.08655967261586335
16037,0.16632280091931376
30945,0.20475858857409393
20005,0.1073616630150947
31199,0.09151829489381805
18629,0.06449071233093413
21429,0.04819656042347361
6927,0.11218614467753249
17178,0.07004972067048511
3105,0.13617752399962726
28465,0.1329433160799703
16838,0.08120702305280851
1564,0.20974912530055217
29310,0.07627311176068077
4495,0.1029122572585894
24569,0.20050080955348346
17892,0.07818608322329496
7128,0.08555030161486334
6847,0.11944036037778588
13021,0.2073745337360851
21502,0.03917656509791589
15479,0.2982177006516237
6949,0.2748725780571854
15145,0.14165532621653837
1191,0.14185274605256648
18344,0.32691777956869617
14237,0.13572964906553886
20984,0.06921878150954648
7369,0.09130020017485238
18119,0.06934132968152958
27755,0.18478022499358626
6652,0.08532620702473924
7887,0.3681982465604157
15173,0.2513541019804984
3083,0.1331674482106025
3560,0.0912811986614252
25828,0.11970826462635684
9320,0.11119472578347418
15329,0.14035399661115866
11611,0.14262712614323794
501,0.21638494215831447
30258,0.10521858432825869
1411,0.11738363813174675
17512,0.05567371510930337
16567,0.054299443165298174
17915,0.1262729761229883
369,0.15876152742333843
23924,0.13114090826692576
19880,0.06355375297309848
33241,0.25517001418669866
18239,0.09756167631882945
31686,0.06066870813810401
7541,0.15708709240734214
11594,0.06852436055235295
20130,0.128900448772954
6531,0.13707794381731236
19426,0.2562459833372328
3767,0.09806300194221973
13865,0.07502691409165542
4702,0.07344438540908622
7527,0.06739041588388756
13492,0.08882256928190671
24766,0.14309006994121387
29756,0.08662464827201066
29955,0.1793199180911344
1082,0.1901135412240373
20880,0.17552678300424643
2110,0.08606048760303694
31413,0.11203134572596517
28140,0.152610662900995
28647,0.06103587305264008
193,0.11664351648554568
1959,0.14514033092587986
4713,0.1256066888710335
9258,0.0514418634473639
22472,0.06680586830215862
3840,0.2747361638633733
14796,0.10953017421989225
31871,0.13345711151043213
14167,0.1879868288616067
642,0.12092404011479668
16677,0.056618048665923806
32637,0.3489665653314026
2777,0.21792624656355267
25291,0.09991459306603767
19830,0.09480024126590995
24382,0.12173900261699583
25422,0.06452642935237576
21729,0.07570139274819658
7632,0.06610339213070075
11525,0.33559179634528
29891,0.13776046514597579
17118,0.1782199539083646
25823,0.15867004098390988
24135,0.3016340874914568
2875,0.10723756202991526
21080,0.2021045212134316
14548,0.13913734694208496
9599,0.15128773175997426
11078,0.12118656269306065
17102,0.13993554017623627
17780,0.14489236832335425
5004,0.19692803444835358
7577,0.10140370551738703
765,0.07451066466193466
23244,0.130945131734622
2759,0.07366186815394207
19259,0.07113348105596537
4619,0.05229714011510341
11191,0.042439973063483453
19568,0.1682320295108341
32058,0.09131610614413685
19786,0.08088726297305822
12755,0.11735016998938355
16913,0.06887931699237616
28478,0.06817646829688305
9202,0.11060527892492047
8434,0.08579073162475148
21820,0.04709967599107281
18427,0.08040549059705372
4298,0.15563137579968947
28631,0.10961682045162122
17887,0.2556687920033362
13876,0.1014315303793906
22896,0.29186354388692043
27593,0.09238207606887756
29923,0.14668027844323636
28305,0.09524967481606186
13875,0.0940075784518419
7232,0.15929986721002937
1333,0.050994752192191684
8942,0.12274382003909304
13435,0.07031815528629172
10795,0.1802158252073497
6168,0.10485868246401693
16557,0.10291444168209597
22450,0.2843863164458971
4217,0.12539901627026034
13349,0.10926562716027377
9530,0.1435625487590873
7377,0.09206143547511757
10720,0.12108581826273564
18928,0.05720014348794297
19447,0.1168082012232388
31053,0.1305147767167959
20736,0.1048679252173548
22244,0.0707888951112468
12202,0.13449061620330913
22843,0.12012089087647261
23656,0.1548487913027246
27718,0.09859795873847758
17437,0.04634652391033882
15899,0.10163128320564431
2824,0.08555759701506979
18327,0.10166208032319156
2370,0.0820155944794525
15303,0.3416843126923123
8204,0.08402984946673958
1407,0.0944854578191044
24534,0.07284731596923864
7432,0.09763699362183234
29581,0.07361446202403772
16386,0.05928575872776981
854,0.2015091786153352
13690,0.07888389530521947
30548,0.12146894726020196
29488,0.18545045801050775
12856,0.09769765879163947
26018,0.15051064822256974
10449,0.06962197468672994
29653,0.12419087649501473
31007,0.09147183190558432
23408,0.08853699935081132
5166,0.10269286853411828
2624,0.08340032053267651
2245,0.07946686724797541
18473,0.08727856524563936
15369,0.2858500066549517
18154,0.12919723667692923
7690,0.20495760194342855
4102,0.1619685704317901
3339,0.13642529960430091
20257,0.11509225597690184
1863,0.06724886929372356
25143,0.08894099793892662
13931,0.15429669875975333
2922,0.063322381505894
1542,0.12503230743136187
5375,0.07620946766098706
6342,0.1260061593223589
4387,0.09842633789093125
27427,0.0975160189231212
17956,0.1471218308389148
24808,0.10451085107264373
23716,0.09212760555998095
20280,0.09003397217579305
22370,0.22722515811768393
31001,0.04714546449715317
15382,0.06828452028345332
10089,0.09387000507004542
22319,0.40866716103959844
4586,0.43435556886721094
13008,0.08798443232500637
23034,0.14844112290346925
12821,0.2493508598664047
1714,0.1070286825034978
33282,0.2651733300416004
26277,0.0927629373281065
1663,0.15757019705078482
2569,0.10470715072255785
5090,0.0872958118279476
27426,0.19322100454698038
20408,0.0955240392613624
1401,0.16891693245753014
30868,0.15573832086278705
27766,0.20585953933642592
2877,0.09037791164906125
17376,0.053191763446041464
14664,0.08015081579524724
1885,0.08724581045666106
11621,0.07487565281192947
23732,0.07170737089341359
7900,0.060389955922576254
17743,0.13301354939703564
25787,0.07669109114956167
6510,0.09402351762140473
25831,0.14209602471303764
15557,0.0821680921869376
6028,0.06465996749983426
10568,0.10811954012498673
29344,0.2081777875723662
16588,0.26906408493515577
32373,0.07641352032347172
10042,0.0843129847551857
29981,0.07627806382052311
29062,0.23987349924622778
2500,0.08641154412055826
14670,0.10014378913445178
508,0.14936961236691154
24186,0.23422256924007118
24405,0.12742638922205093
8320,0.06328981360966698
19075,0.027310863537211034
31930,0.06322788848396313
23458,0.07089983918782056
8724,0.15070028877342398
13471,0.07140784979219406
19345,0.15935143719191555
17883,0.08789674170733812
28875,0.23304419849206326
11883,0.0840895055766543
29609,0.07261271625634645
5961,0.10523338178138401
10278,0.11269125896569816
20596,0.0535943949773779
14111,0.08494354362107281
16536,0.08585660558242111
14614,0.20676954985949894
30835,0.21047127746694205
22254,0.14659284798552508
6948,0.0851116851387962
24490,0.1006682303587002
17872,0.06344232691589081
29111,0.10227994137007936
33290,0.16661824189171537
25595,0.10952247118933398
27809,0.05150081690633958
18756,0.045446901428609215
29868,0.1032095343650469
4976,0.1075939763681944
27241,0.09793280635487298
2819,0.15243859712519897
19361,0.07075186476375267
25348,0.06798911452182257
275,0.07562595024067356
3527,0.2000993076689182
6900,0.08924273754286353
6601,0.1326939659082973
4255,0.11052676027462616
15102,0.059184096520158345
28095,0.0847341424492316
18647,0.07211590224316082
9102,0.05870548329987981
26614,0.11839656324866286
9148,0.04211837304506489
12701,0.1309995302030265
12430,0.22781576414250132
1572,0.1111918172059805
32339,0.10719110975951443
11154,0.12048308063917496
14068,0.12035829250860548
21959,0.13196291883884576
29543,0.10247510837565217
13399,0.18824039446428914
30795,0.14207916791040742
32475,0.14694706625063086
10948,0.05144917601370725
2641,0.10516082990954492
10235,0.1050583442429607
3331,0.0883423344449083
20648,0.10733191487533761
9132,0.26083404060084864
13299,0.19825101525748257
3761,0.1454048298503589
24908,0.2816589013574512
28064,0.13120684928519102
24140,0.04373580866255667
18597,0.09786561087130619
25576,0.22665722369153923
13031,0.09511746107341798
6946,0.12443883412471257
25497,0.16533790532660544
7812,0.061543555341553195
31777,0.17457743836733006
26629,0.07224590663034974
11736,0.2566457227869988
32388,0.16590964232898325
26797,0.19701091845551608
14840,0.09462817328067402
2152,0.06259153621918787
29272,0.26262816335544736
22222,0.057239455073289064
2418,0.07260122929116782
11553,0.06611780345318752
26010,0.1006980254671999
2566,0.06953949890690865
7510,0.13341644790551635
14344,0.08349066128081996
4655,0.12208011834658863
7321,0.12680567037286553
24060,0.1306485437684996
21702,0.06448158022033866
5288,0.06860219111971015
2004,0.06878059492782765
22083,0.10667827312613139
2324,0.11705391226010765
23183,0.09837858043546202
31057,0.33714240875676155
18893,0.13542818444012386
24753,0.07867913844290925
30936,0.08900853264045512
6305,0.07260780463998244
13337,0.15638748310354583
11065,0.12635101331603518
26953,0.2176250806834014
530,0.10171444820410686
4728,0.09634023779372212
20710,0.09988177576397862
13056,0.13436319444172545
30183,0.16752611644336474
11816,0.09196015007337917
26451,0.1255822640332966
28324,0.07643384009539249
22191,0.04797916979106608
28113,0.10535660644381001
15018,0.20074327881733928
29317,0.3626893980779811
43,0.10290411169318694
12669,0.07247342637495796
11200,0.04959052525650729
16723,0.0828399195255938
12666,0.03949736044473809
6873,0.20103964091675983
28602,0.07602185606125474
30052,0.4972456151722952
7019,0.06267633395243265
18880,0.11290987696986611
18689,0.06868381275979481
24783,0.2041343871244859
22556,0.22559112424050606
7131,0.08807266852205613
25939,0.21431244722036885
12584,0.10015634298887925
13193,0.07341041666943018
4725,0.14428446726699265
16799,0.08304164056997822
837,0.0918540207505379
12704,0.07352938734517188
27139,0.19773381524521635
10994,0.09703935625877438
9797,0.11876686270171118
15860,0.05516711775278246
20426,0.22348583750921847
6309,0.0623624819067537
10894,0.09423338953484348
3468,0.09049426131065362
24344,0.13840848283216944
29746,0.08678216345762403
29547,0.17093095106279738
21682,0.11472988571448721
6322,0.10325106937655718
9651,0.344438542883198
12234,0.10598742789497738
29681,0.10840200456898792
31404,0.10573060878674008
24079,0.251611732288754
659,0.12236462410770989
12473,0.10171102542369798
6857,0.08591196478083636
15302,0.13745275310770044
24771,0.09417999978117439
31257,0.05383497431035882
14231,0.09303345336351276
18097,0.07232205824238819
5627,0.3461451302896797
28816,0.27330729370140167
8308,0.0641766148358429
28076,0.13062164468462178
6851,0.11300560120194933
10466,0.14301626662898995
27489,0.06595670383555269
26170,0.2537958814448292
32524,0.1026879513731407
1494,0.11391568989463427
22579,0.334637702198581
4633,0.1837354041071336
20737,0.052949922854197765
740,0.0904362569007375
27238,0.3090958956338067
17589,0.07270391666710595
3109,0.0843980088730048
3995,0.11060977675578176
5975,0.2569653601019437
28642,0.06410980004687618
10161,0.09445895845271589
9913,0.14108782573091283
207,0.09158641265248152
11469,0.1334142461009885
23132,0.13656417394636308
24156,0.18660783546735885
12613,0.07940649004803829
10444,0.25101403323837784
2591,0.09929297759329628
5019,0.12220810925455887
439,0.12233557448785366
14894,0.1493411581574174
8965,0.06826661562102977
23829,0.07339372751393845
16843,0.11450300345600936
25943,0.13344677090359766
31881,0.1083704405290125
18510,0.1997095862607975
13180,0.13305705571951373
22717,0.30140236812821625
17258,0.3624004798521797
648,0.16212414435119804
11848,0.12082058399021997
5475,0.05994561249975264
1091,0.05967521340124003
9344,0.08690101519663719
6624,0.08109575368298784
29250,0.34737775769071644
32717,0.11284866680456297
1946,0.16089527631785694
30857,0.15511603657599088
22217,0.050051869017890604
27415,0.18282555082733726
19423,0.1385252682796197
8264,0.1465454433903803
5212,0.1207565079153636
24414,0.06368357917144114
20134,0.12206856593995742
11316,0.1440009795837678
21695,0.16427540311212496
13949,0.13641018504083732
8998,0.14169817345009228
31591,0.06784280925344266
13530,0.11694671462280032
10717,0.07624034020839235
26577,0.09845614660426477
2163,0.10075596947314415
24351,0.14836759427896942
30745,0.18802836586395885
17372,0.0819950344900352
25678,0.10426524155931417
147,0.10315493807261186
31658,0.09600729299009318
27311,0.10315126927334306
7097,0.1102476817344578
3584,0.11782579660686122
30770,0.2587145199248833
21432,0.07120129713007049
28783,0.16565799890933186
30445,0.08985431000312892
13609,0.15749463267733702
8731,0.07889112814918506
963,0.055837346258907246
14792,0.10750362721472512
3225,0.10257347229759342
14694,0.16354955149511569
1662,0.14674417761507166
20811,0.07210350922236791
30648,0.09135215832117077
20770,0.08074925989146897
12923,0.0568782261627951
30557,0.1297574578548998
9340,0.10162233732608233
144,0.16829300993912497
5078,0.12420370658348477
30470,0.08922553131394913
9953,0.09501223441010259
15064,0.0978388849015375
32181,0.06392692655421629
8136,0.06503716548291225
2846,0.06685555902765468
13362,0.09533749206280942
14554,0.33380974700290256
5575,0.072009727365594
5648,0.11529173842656017
25443,0.09679351316459607
15576,0.08121306899684165
4654,0.03872321018752168
2226,0.07483039253279905
11539,0.04632726527304744
32533,0.09505016576245397
30543,0.10950954131131348
14931,0.1044235357719653
28706,0.10607918462692252
3610,0.11664300387438228
28217,0.1937015341986701
136,0.15820669092833003
28177,0.06960301347908181
30721,0.083504977168511
17862,0.19552276729495519
27670,0.1170772897783824
32555,0.19428141568378998
10862,0.0688324919622794
26298,0.08478474091696357
8005,0.28815083522097695
6981,0.10308954600159642
2345,0.12660740743982604
3361,0.11031925519603705
28698,0.3178020238874907
30838,0.12147510184922633
14628,0.061958702753460486
18745,0.11067681807915676
14845,0.09174154865938743
26437,0.17655099603074054
4828,0.2638771602417411
8711,0.11628730035120673
8521,0.16818207810478272
9327,0.07211151180532685
14730,0.06694126478515729
27863,0.1221817782149905
15753,0.2383511196340865
18664,0.06820503785476523
16128,0.1845205829455097
23529,0.13714439794121663
32334,0.2479128562255907
30409,0.0875764272538159
7648,0.13498958368921884
25395,0.04930727803702962
22124,0.10420187529538981
29391,0.2948709926771297
12866,0.07301504154034864
16057,0.025921507743423593
17866,0.11109027209258686
17614,0.07233483346904977
19285,0.1859290875465802
30064,0.15870784751300354
26618,0.16498425861319282
32915,0.1001849494843153
31444,0.09402552472254572
23370,0.18359009140898985
30206,0.19497560222013827
26735,0.08042948798903156
30810,0.14059789637432704
3037,0.12098271543201357
1143,0.07970391592697772
25535,0.17083015053208336
2006,0.11370279613325447
23849,0.044972668531284836
26473,0.12167971305389268
28505,0.08938548919211606
23535,0.07225726650388675
28728,0.11131957131190666
18752,0.47183990422074806
9656,0.06327080528371103
21059,0.15687581703222572
21058,0.15576214118150106
4959,0.11140499971879643
21300,0.10053936235711969
29913,0.1131300912571656
10532,0.22603700574281782
17147,0.09296209584167925
2337,0.050725298219618374
30333,0.12148800829102563
12498,0.08975951645102175
9841,0.10252915564348168
27214,0.23838704854455264
11296,0.06771754580708922
31728,0.07306764713753634
32960,0.1533910714227389
28186,0.11325054846569908
21955,0.10685905472293807
24661,0.1254206949117429
22491,0.383519133340482
7516,0.1314359406630941
20287,0.08077592482305422
28666,0.06535560511632929
9635,0.09714980422063993
30357,0.3532427358166929
8662,0.1544797226285148
7753,0.05710435100130867
1804,0.20192944002755628
20156,0.21781551791949308
14550,0.4234148151095115
1481,0.10637277261757769
30358,0.13002096647713626
13767,0.05681458693979783
25777,0.08381841762469233
13809,0.11679743201876436
7402,0.1486386077663017
5091,0.09213778814974417
25712,0.20920679968246367
31113,0.24256103797216264
30523,0.060729725538626
14113,0.17211841518820017
24738,0.08287828303125
21839,0.15531792902235447
6006,0.09326995731230969
4591,0.08944660663542629
27443,0.08381841762469233
4056,0.15783929898402255
3089,0.20762749199250466
28762,0.1074636981737157
18275,0.06017348944726693
26852,0.10568050289788673
4205,0.09268320259219821
12207,0.07742366353723461
16870,0.056013450867090836
18608,0.18143840102356693
27635,0.08275227324987165
23908,0.11824979269044775
3413,0.13889774020092752
22911,0.3877042895033554
28044,0.10564856986333543
24759,0.25602631548913274
17667,0.06090846828436077
20870,0.09248045781185067
12782,0.09906684273494748
8519,0.08533654388561128
31804,0.09081689183684928
27429,0.09216103430342144
6524,0.11566319588094504
31321,0.098792834059306
23047,0.1447714581264927
32303,0.07866277013294741
16284,0.1137762954287767
27992,0.12265879452567571
29330,0.14652060611080978
10266,0.10981992362964522
19689,0.18414787355216763
11597,0.17335335979428318
15424,0.2557528871864144
12112,0.09124227492991419
6997,0.09755732846183127
16034,0.08581524248706718
11900,0.14096847826758999
2665,0.10134469251532055
13406,0.29655980725386133
1393,0.1518204080831796
30753,0.3159333526700939
32319,0.047074692024551584
12178,0.254427118649854
24051,0.053771991294790454
26237,0.17460097511839387
2184,0.060069972281684175
13954,0.10351066901694671
4038,0.10848525426955628
12421,0.20576074533740688
23352,0.0930789493556472
12865,0.053554304984070274
5511,0.10545369951227737
21861,0.2952660369789485
20413,0.03537394088483317
32673,0.09527251164498833
13787,0.07597583692823048
5782,0.04609683670990762
5021,0.09771956081542546
27312,0.29555571120535135
23879,0.08876624957598003
8807,0.08099731670341198
25110,0.056295587941728925
4404,0.07851291200622283
10637,0.0650059166007131
17927,0.2631243500045024
29427,0.0866441739196073
27225,0.139375653216849
24724,0.2036319472424081
7621,0.09738596791338455
27091,0.06377776975468827
6779,0.1503211325775936
23660,0.09349096327183787
21937,0.093562759211754
19895,0.11198997492904027
22488,0.08036556510086568
26215,0.10582539930194264
29536,0.0722778839746864
24208,0.09849343880431408
14626,0.06848364820545504
9333,0.18871190316723407
22062,0.2790957388917499
12083,0.17682627332318293
12043,0.14285383101734764
31467,0.09962587873576556
24303,0.28626327755306197
11114,0.22244478144767382
15914,0.4084361806965639
26487,0.09383816630550573
13412,0.17473435665756523
25367,0.14362170644490566
10313,0.08190888191888367
16475,0.11685998080979805
30793,0.14098974800933808
6715,0.20783404929185137
6928,0.1067513001214127
11522,0.15400779349760454
3605,0.103764802925945
7794,0.09715084459746443
18796,0.11633290770491382
4225,0.16035712354176754
7801,0.058974090209259256
30656,0.11917330160168914
26152,0.25999545093593485
21440,0.06180492319087878
24654,0.06310043638453597
31716,0.2567661515108093
26695,0.08428652260364441
27669,0.08812274486134607
29484,0.10462124382144847
1920,0.276243216171561
20721,0.12170012287354204
4032,0.0402906895553392
16886,0.13967074041422461
10332,0.09392523110135821
20384,0.3146765282442949
4013,0.1719203921623933
19730,0.09295277570516182
12580,0.07527242212058953
7712,0.06665830048736708
16514,0.07529051500430128
16648,0.09298793766348064
19937,0.08337995531410171
28488,0.2054306834194687
12156,0.052028173988638064
7544,0.10139820159033659
14407,0.15543848438209623
7430,0.13722913130555384
8820,0.0755700010846518
11441,0.08415443770941015
28616,0.0788301784072079
30173,0.11675215482056929
29096,0.09959185206407613
13110,0.12418819642821036
25769,0.13153244767899386
7894,0.09118870681711967
7738,0.17321159134618366
11011,0.1322300020200678
27126,0.157395261687168
23693,0.17992318154427633
25185,0.08100126268528203
19491,0.09205059063607215
20319,0.11869922150618288
9771,0.07567733376442248
27661,0.1164522600420798
8100,0.04501676420206594
3568,0.0648499417648548
17824,0.0484066301012249
16010,0.16973394559445304
9807,0.040383711744992605
15222,0.18110056515198109
31329,0.13118300047320536
15672,0.07785065615485694
28231,0.08590164893288878
32274,0.074144422245381
24110,0.13190656873357587
1953,0.08570248629077566
6607,0.1623921520395243
5864,0.11085750469877591
24363,0.05720803072078992
12479,0.06992053018298182
25553,0.09229417252832328
12840,0.10893620494853806
26732,0.09270451558984594
32333,0.11520197377621057
11596,0.14189623720321531
4440,0.1590202364702722
2336,0.09336038609890099
29554,0.1028689611513503
8561,0.1405581808200637
20443,0.0794560218651595
27800,0.12290493632691392
15426,0.1506539865778901
16463,0.11271178134821383
21390,0.11409201349974124
9529,0.09721541846058267
6968,0.0874390896011755
19975,0.20810456173784345
28949,0.09457678741495648
6565,0.20015496790209505
27752,0.10430902550354985
8364,0.13309079092933657
4065,0.15679210467069463
30790,0.23463878681123726
20044,0.046672293159491104
3563,0.09905380404108079
32429,0.1104081558099295
21842,0.1273783065207291
14749,0.0884918170769581
15574,0.10640410965263233
20540,0.06578987723071067
4906,0.09393221241344349
29483,0.10393501278030254
27331,0.22936116370811613
22467,0.21655809102974594
27398,0.15789662171661834
27873,0.11607318024402873
627,0.1874052620958605
12636,0.09186193570483345
12561,0.12408988888681763
7179,0.075469951676265
27289,0.1977260288122789
18942,0.09762838976414222
25311,0.12935506653101758
12983,0.09658111249980947
23699,0.1689923157453504
4170,0.0695914002145944
31803,0.1309346959826086
7108,0.09041883418624473
21687,0.15034773831638742
13677,0.06557431667048337
2861,0.11365738756750958
21425,0.12611535963439344
26311,0.10553658018571599
6701,0.0743610463923328
11729,0.06257969715020116
27159,0.09513853218181866
13088,0.2032759066441557
21709,0.07309254898302006
23392,0.1207631004435329
20285,0.10654312277941048
27952,0.2550221314655651
10460,0.08396129332487369
32371,0.12188516631440756
31527,0.079427958185178
14276,0.13058830716904232
28384,0.09536498542443793
33260,0.26113837586140504
29660,0.059249704086924856
1078,0.0745461250576385
26819,0.12162635808360635
28679,0.09982216959670555
28083,0.08718295973579439
3971,0.0787622844094504
31742,0.11685223890436204
9393,0.12232373470751
17527,0.05857542747410865
28285,0.17396012987467746
3947,0.0914478416131123
3903,0.23108146238399613
10489,0.1031979608031193
8869,0.09416567910015794
1612,0.27961336238698387
27540,0.09223720526375044
10112,0.11720624726614814
2457,0.14374433674277798
4928,0.04553476677698198
28461,0.0971250310348635
22932,0.09592706530392645
17444,0.07828491360379396
7092,0.10083558858171687
13772,0.1890170105790038
6174,0.09501210032950483
305,0.12521912974018107
26116,0.10320743574898862
20777,0.3789966480349691
5728,0.13747075537938455
22117,0.11453693085058532
6818,0.10700155429484369
32656,0.1577587457086957
8276,0.0571076394464805
25242,0.08190821805493939
26137,0.13255757869726065
31093,0.20407096104690378
17073,0.11110265664750847
8255,0.06548636083372483
12912,0.33448874544747453
3443,0.10577346901881654
22212,0.04212002651778737
8233,0.12192073857638416
10522,0.36321363848203136
25376,0.10014162914127102
12105,0.23748636828629646
27701,0.1199291418673898
25415,0.12489273880855556
31142,0.15148058184448351
12348,0.20558733912319488
5276,0.09546467677835069
28313,0.22832228150153608
31575,0.15347686827888632
13001,0.13516737679698745
14885,0.15721587040648008
5081,0.07314686893619149
25850,0.24412561590122087
2783,0.23542753744848857
30311,0.058407447469932795
2332,0.11494694825166296
30130,0.06777076183837359
14717,0.05306770799794534
32714,0.16922673983047148
17800,0.12060984356377247
1339,0.2094282810922179
3996,0.10828031612614965
3718,0.14187622734688762
5294,0.09173719393042629
22706,0.0726306266184492
4857,0.08003825359140047
32841,0.1097818203185445
28807,0.12279586993446072
5067,0.17943578194281157
9266,0.102298228954518
1121,0.0869857727156838
5662,0.34496121435657706
9364,0.10555675504427345
7253,0.03972631654442494
15042,0.1679364561015227
27843,0.05312374770205873
27893,0.26887932361104105
22,0.08366627757616149
14051,0.13536480341742885
2853,0.17173664466179192
16523,0.2684351276314819
12275,0.11988705776739013
10578,0.2944343980108556
22594,0.19637490027076732
16090,0.10858393279340744
10517,0.055757648697429774
4672,0.15779173640935215
12875,0.3188082444701368
27049,0.08429248014298056
3010,0.028598494352850428
6817,0.0879545629996468
17515,0.0652485093470764
28103,0.07571135919337296
3390,0.06915363621835709
14261,0.08369294203348668
22489,0.09916150139486485
12689,0.0593084758837127
16189,0.1583323161848758
14926,0.1411545500512172
7543,0.10850186652786907
19734,0.07621503010507596
31856,0.04638348072915131
31521,0.09552177305831737
20185,0.12435038768470767
24643,0.07538957674584337
15939,0.12712634776137835
1089,0.12250750080342926
1819,0.19138081411071603
22891,0.12356566686283767
9082,0.06039258047930649
11229,0.09658620712774056
18929,0.13139119809935196
28043,0.14076150756537248
10132,0.09236578129574857
29841,0.3070246319929424
21944,0.053711294453042555
7693,0.093021468516768
29635,0.06299055317711703
934,0.12295510043782445
17778,0.08874856940211312
31108,0.11803409822942952
1576,0.09609721126433887
3815,0.12285936543493103
8756,0.04854324275752366
29046,0.07303702517719263
26449,0.07946733804604961
1000,0.1553132092335625
31406,0.11953072506652518
8771,0.27901374744487983
33042,0.11148915177444932
150,0.07612846058922712
27314,0.10865257471450729
323,0.05882530745128633
7297,0.06907774121532109
25950,0.09509565609469743
23073,0.14218097268531882
2219,0.0997308630670187
21934,0.1001840094384433
26964,0.12790007184331084
801,0.08029067217354166
17834,0.13837626471428488
14925,0.11364659513165298
2506,0.07326565991927485
6506,0.18825795005198917
8208,0.20093536241899768
29514,0.13770596006157038
27384,0.08533764735872815
1171,0.09441234061855454
2002,0.3470819959984266
30462,0.12770447179088396
26631,0.058068578918542946
12588,0.30320054731099705
13291,0.1513025871455853
32880,0.24758914264701737
2887,0.05914745722373289
13902,0.09517767958701882
25449,0.1572192361160637
3410,0.3244687524579904
20404,0.1128370389992989
26430,0.09172622795176166
12262,0.09573492340136269
13791,0.08985027056435135
9296,0.11351206485823467
19527,0.14623341396467696
10583,0.08091499444915479
731,0.2763810334576212
22978,0.07849031829841789
26817,0.11089593061034586
18435,0.16801069791434486
11784,0.20242217474691415
22073,0.05072026189914706
11314,0.0894810453600231
32950,0.19044686864233457
13324,0.12357382645621845
11058,0.11814486019547299
24846,0.33472830267106
8112,0.21539220029936906
15704,0.1468623661230159
19860,0.09387606567642706
24273,0.08178535694507011
5359,0.08513543575981951
2268,0.0573842997754328
4998,0.177878445036168
7136,0.1652130444968557
26420,0.11546439343619355
17730,0.14992554313667275
4759,0.25783767829835413
32455,0.12159842108302206
32770,0.374552906839803
4852,0.30052345808195496
31703,0.256213041300992
23344,0.22194799442302499
21070,0.20542666581953564
3213,0.11204946657229671
17657,0.15783986220394466
23306,0.25844182044670627
13607,0.09535280315388196
17166,0.06589897732924638
24827,0.11183425914908847
14192,0.0998849807488022
2938,0.10244703551301489
13735,0.03296682708492057
21541,0.12674650997327339
17524,0.08872968471743042
3818,0.08181128301729172
17484,0.09593305229075348
31183,0.052633844617856626
30701,0.17076780866923183
26054,0.2030801054233907
9242,0.17182152799024814
13526,0.07949512985876857
851,0.12543884347962314
20480,0.053081791589907126
31893,0.20212517992174683
15139,0.0983177437725222
7948,0.12284403232527615
26146,0.1331846625148937
21139,0.14615408701166224
32155,0.06912432687929786
15740,0.24793631932621
19939,0.10083630684858456
280,0.25837120760859406
23737,0.10191829992681622
3842,0.10056903427200517
2106,0.110579585059842
10544,0.20955139198498846
33004,0.08916850702747876
29886,0.1764282348382202
21204,0.06678170019447789
829,0.0910432787529275
13629,0.38360876227250046
1459,0.08211805022423616
368,0.10560835452439363
26663,0.12187728426677544
31172,0.25674394506595527
711,0.09901466511589997
19923,0.12375930456753621
25900,0.09238345802620594
8754,0.13362645510857477
15598,0.18553527108007808
4988,0.09255324430327365
26912,0.18586251458571437
1402,0.12851485463846474
21155,0.1425547946898844
10076,0.10558436923890394
23009,0.14436087542383594
16848,0.22538041539381304
18830,0.08349449710122497
7242,0.1687212599184471
23537,0.04634833289887856
6768,0.2607269728692427
14963,0.11815088224381078
31188,0.11697830498351092
23433,0.12378707228561996
28236,0.062237654653275645
29413,0.12483978379784415
24548,0.07980641456976066
24597,0.0788048350273892
27372,0.07160609054382662
127,0.2217874521313664
22416,0.2960149540019509
30334,0.09319491250175314
1080,0.11622562921858937
15728,0.10454489882261307
26114,0.08647140936800382
13336,0.2566284872494107
14958,0.12728176873895278
15950,0.1439632900386471
20392,0.08705723044796129
17362,0.29292145838992034
28533,0.07615272208613452
20624,0.07652293065516512
22760,0.07403524642939305
24233,0.08805619849887959
28275,0.08048467374175575
6474,0.10207928075994924
16698,0.16871716750028934
1291,0.12126828646903788
18216,0.08960249174956561
6684,0.04933798197462782
18019,0.08257749589266375
26343,0.09666385393128986
30141,0.10209193266901302
25373,0.14115593314211444
17327,0.21074385787330224
31415,0.06555850884035629
23674,0.21891995720520077
11421,0.32779925868230464
28902,0.08452789903704742
16318,0.09988650653785981
25951,0.10111707468098581
30570,0.08245921187424475
22665,0.07815173246544599
6175,0.09360246380021704
33292,0.21441282036951245
5299,0.11712088055708023
9074,0.11650487839263234
31879,0.1230400540014185
29375,0.13679705083745858
18827,0.14056195205372068
5503,0.2630606054993429
21019,0.08898841029377709
6813,0.16155749796360286
32197,0.2223997313746051
4878,0.09854683543672983
12732,0.05693181134575808
19348,0.18019561660121972
22672,0.08969275620344139
16289,0.28697941208596645
8278,0.07807090887175774
1770,0.1493045687184053
27820,0.10597027459915677
22887,0.09770767226275222
21523,0.06252860636850537
3137,0.06484563559468069
15466,0.12591500574127176
24688,0.1433599394865763
20006,0.08903652738307623
1298,0.20242120497327598
834,0.0991414764647247
28266,0.16061271372129166
14525,0.09921789831770216
32623,0.06797667520380202
12817,0.12660259201596363
26438,0.14313087581193012
27265,0.14080622396621015
28281,0.08353963988864077
7209,0.07045019896299307
12080,0.15223257874755255
27347,0.1065087603847871
28861,0.21920380683554608
18722,0.07377282412588017
31698,0.10923843594658925
17970,0.1376715358847096
4638,0.23470036543839198
29767,0.09431604736207634
17861,0.40307019380051035
11946,0.3323697519858016
3169,0.3494124572119289
686,0.11167608822397589
27520,0.1249975246794615
3841,0.112499335366923
2123,0.045057372976612865
16405,0.1600862919179015
32323,0.0728881169615741
27508,0.07828731493773336
22593,0.15377319810541637
30041,0.24452745097255574
3151,0.09996963085955204
23253,0.11619059978092963
24306,0.11739384633238671
23478,0.12886962645631986
15995,0.06823292714461718
4962,0.05060169453833792
15924,0.056140454109562116
8708,0.16472659541523216
30492,0.09475040273390274
11859,0.050015792912567525
18210,0.08461821025761256
18884,0.09238040650966829
22351,0.17318365942649244
30975,0.1398272767595685
22740,0.09540411427615748
9968,0.1102668978089609
29025,0.08660915163598923
14869,0.06342836164822027
10296,0.08676244174390657
20616,0.18033956493852693
32261,0.12938115814387804
23988,0.12084331851451252
6153,0.08330938982613614
22035,0.12146030503557272
14520,0.12667397564325314
5913,0.10934233766122418
1279,0.07499135787817864
2394,0.07153406484444282
31387,0.07329022729091807
11097,0.12221833925591939
19319,0.08629993728749868
18083,0.14883357847572698
18911,0.16498912080492883
17733,0.16772202725517565
4920,0.045620013924901885
22270,0.10129530897248323
24029,0.17171679388603267
13144,0.14358405715134717
7528,0.1020542008102588
29745,0.23698091138350533
11412,0.1543591846021919
243,0.05415168424493002
20670,0.10472516655379253
12183,0.17686010554899384
19896,0.07717189369462309
23065,0.22839739069056184
21408,0.06821244270472664
18787,0.134864648579253
19979,0.10271331010704354
24676,0.17511431981961145
23785,0.12958862032354493
3183,0.0452717828848344
12208,0.11025879186203423
3987,0.119021822662099
33354,0.06241966155723719
11395,0.08740464434901794
15438,0.1411787510754257
31339,0.04434890311703245
32435,0.12622233650198633
18563,0.14477256708299666
32945,0.1780806665314545
29939,0.1084931455451952
15856,0.10125109158578981
6029,0.09598928176365679
23076,0.1802912174623081
27058,0.18367832638789333
26640,0.08693881471049705
24155,0.2557917862605045
7034,0.14664216131771027
57,0.13999289663456313
29973,0.09477461124481257
15300,0.18716838186143975
2373,0.06701570081910825
33012,0.09863745366025099
32921,0.1428274746439028
644,0.060659927220885985
21686,0.15867467761047904
12289,0.051186063097902815
5777,0.3701534199099638
27844,0.09665642832262653
4382,0.25369051939852183
5840,0.05541209372954787
15,0.07109671111329037
15943,0.15019743221305598
10585,0.1031890789471082
8420,0.16807036219605045
797,0.09360792094582757
22720,0.1440180162421562
20656,0.07754827347736673
16244,0.20122000700631038
20843,0.126272329535181
23303,0.20157479930325733
1452,0.09059866589849223
31070,0.14420176449172614
29641,0.09663418517460258
25377,0.09850613814907488
31078,0.2674127102504193
5157,0.2745328449576655
27321,0.05599931960414626
32338,0.13320034068072134
29566,0.052170524754411494
24599,0.0880228665350255
32232,0.06911000547350261
16578,0.07080893354389095
22121,0.11001616404773637
27353,0.09994906760805793
29013,0.2481360513021259
4636,0.0523436324682936
13843,0.07256121709715316
12347,0.09376438609663251
32036,0.156176165890896
25768,0.09679465934476396
13400,0.12608970905370945
26530,0.0741910904201659
16498,0.09043498474285452
25416,0.15896468559865826
33019,0.15831083037033655
29045,0.15165190535726783
25526,0.1505271268764604
6964,0.0894122571851246
17737,0.34833414659929346
32354,0.10682523216131884
5176,0.24419630569882375
17471,0.20912412803078098
3928,0.1339897763440306
23861,0.10920878980643477
10641,0.0608368084646883
27934,0.10832156788068056
17316,0.08469314892258879
10777,0.04614278492046953
28494,0.13283285433513217
31226,0.10536739149650057
25681,0.0937807120068832
32892,0.07355073203173332
1129,0.07271511083034703
24988,0.38536267967048865
24621,0.1315817883030631
17997,0.0767656411629667
12338,0.13636992861927508
30552,0.20048632381803788
31543,0.07576153685796258
12872,0.09639000743403608
14263,0.14836798606973242
10917,0.06816822145477203
6824,0.16933522712802135
22527,0.6400676061982024
3098,0.2873456200015468
13188,0.08814923535198306
578,0.09400837816854193
12021,0.1004607592961502
16260,0.2343690860632592
27761,0.14882866892311422
25126,0.09319099807454989
29424,0.10469219333885373
13929,0.06965654506946908
17851,0.07555307610325383
23329,0.1914595825908869
6492,0.07468031451861674
23421,0.14923821159036008
14629,0.0958824181335734
5553,0.1557836456118599
30262,0.15529553889104816
22803,0.059939422798544285
6381,0.07330667337710547
30879,0.13886520253250817
2396,0.06530334639223247
1873,0.14253054305321708
23991,0.14789096922137576
28646,0.1331325885154769
10703,0.11896870983500653
673,0.16293652656781754
19883,0.12439860023739774
7144,0.28375579842266774
12606,0.07815549317420774
9014,0.1243243100655528
4288,0.0651654028670681
13286,0.11569489805953807
30053,0.07030919092013656
1070,0.09503520072082577
21808,0.2378706645709517
282,0.09824690403899844
13357,0.06923500880683381
2099,0.20166299666392298
30382,0.11677958769933783
6204,0.0848140144393802
13075,0.052972427069847956
25758,0.11511080773812798
2487,0.0709775760664719
5077,0.12872977216242773
14501,0.15078147586717766
28640,0.09628429657684491
33204,0.06906586920304458
13761,0.08506395354180254
16011,0.0834367314715334
31193,0.11575807717075605
8319,0.10453537769706275
24333,0.20468475285019502
17850,0.08044092401942587
31089,0.15346807232633006
9527,0.1832620236672187
973,0.07748253314573048
14368,0.1655471352302919
2275,0.12412786571578681
21604,0.2788120609425919
10273,0.11128842109923048
26226,0.10145890519441596
32561,0.13811302232393943
11558,0.18651551100946484
20611,0.08912639287881084
26636,0.061659694939497106
15929,0.08290642993388272
33025,0.282672693854132
23393,0.09487414340201769
23698,0.09117854829795227
20838,0.06542653029802616
15681,0.0712719967794881
23209,0.2193224803499515
27892,0.08423385145667693
32929,0.05351596162804829
19577,0.04974046319328194
19213,0.17277477270971536
20688,0.21846845636706713
10223,0.160919662283784
1915,0.06609533426548442
3593,0.1326937797513125
17842,0.06395378817117219
13174,0.08789746349019445
12724,0.10882002819950858
31517,0.1026678472307627
13837,0.08078995125432001
14611,0.06509064686057309
16952,0.1811381685995574
10403,0.12407872227677182
26432,0.12237686755680231
17658,0.08432743216586845
18904,0.17479609630299364
29758,0.06854112382878115
15742,0.14574475114748023
12058,0.09189926576749628
25193,0.1724223775837296
9382,0.09563366718589282
10214,0.09501320822101353
25093,0.08991103363489793
28202,0.05926895784888669
3304,0.053480880917901735
16492,0.1277614046474095
16652,0.15333907965883975
9438,0.09347524436596097
28072,0.22373932420295298
21785,0.17860857689619736
32147,0.10260124308405323
5820,0.1391844352219939
874,0.0987378229435976
17114,0.20293517839679617
20660,0.05969446373110695
29829,0.20279014897949763
23261,0.10983607664179923
22933,0.08734118221099314
19776,0.1029896788380282
26183,0.24815458443612404
19316,0.07574246967194624
15296,0.10126842480559003
14572,0.3105734303451747
21420,0.05397201452272262
1661,0.31007436863145643
9430,0.07229566702328459
22231,0.10544894675910865
12240,0.09383281064224877
22809,0.21887325158259696
1995,0.1548854495879181
14676,0.0855239838257261
21205,0.12713855427080942
8626,0.08500799507964178
7958,0.09257351881790274
9002,0.11855569964572843
16297,0.14601800986818386
10942,0.4687645722806302
21108,0.08826592926333987
27066,0.1507433625090658
19358,0.18465507052926652
18547,0.21082366632123728
23401,0.05338290525412193
20625,0.10268491244531619
6330,0.10872270224224297
10688,0.10368282084506174
29440,0.257824016184114
11355,0.08859007794999042
32483,0.05176501698333846
1644,0.17756669157201285
4949,0.1112881635538518
13557,0.11733321984615766
3038,0.12094495676361085
20128,0.19780490175242765
5037,0.12434641999460877
22955,0.09225801788177736
31217,0.045128715115219174
24138,0.04049147649115315
17265,0.08672253084604852
18692,0.09681842006596003
985,0.16459146691976598
10699,0.10827406671747428
17904,0.08111255185636501
31379,0.10847483999540752
4256,0.07872072451658536
11403,0.09362158249640959
29165,0.08641685356951974
5426,0.12739814783242026
31481,0.34519274551728935
23730,0.20708384164840518
4424,0.11471890387149611
28900,0.11207360703642552
28619,0.12329974190542256
556,0.06986923323461974
18244,0.11583863779592625
22436,0.2757588662266722
29131,0.03912836319461855
30742,0.08499097565510716
29112,0.10318378104278492
2132,0.07161931106390691
31056,0.13915301671449468
27983,0.1886602574809999
2654,0.23578699974370546
25559,0.10624087210037716
2139,0.10990474066018895
29494,0.2841372340909504
14969,0.18324707743742602
4704,0.13990582769317048
21194,0.1039238118974118
11789,0.09940057846860911
9142,0.1331358612796614
3833,0.08626924147396231
13081,0.33347615394218194
29079,0.1614313822931505
28670,0.1625540717042751
31554,0.1087203953858009
24991,0.29063594476304105
7874,0.08362612953585069
10191,0.18293315422449621
31249,0.10173425909330987
11519,0.10587827481458324
24415,0.1298382958357747
8574,0.10058487092627327
1795,0.1471891306180439
31111,0.09490196135903296
8113,0.041420519293225724
21564,0.3299351643441346
18272,0.12951551574143716
9206,0.09148682211829802
1163,0.1396711824308087
938,0.13196292228671927
14089,0.1250533039282584
13284,0.1886808958500778
24294,0.06989793903926105
575,0.07368332633269888
19123,0.10438229528312261
13856,0.06936334242226444
2528,0.15979172892380358
21387,0.07107268464251053
17982,0.2483206773824925
7722,0.050958389674861326
6835,0.03242902681523463
12017,0.05380249444113643
22618,0.11724827667767179
9614,0.1540654428863509
4580,0.18598316290093794
30655,0.35015383874679495
17507,0.17535634558439558
20547,0.21213836963119684
17638,0.13708594904938853
30831,0.1054115646839132
2927,0.43268515509260785
7038,0.07001269532246993
28981,0.10722868957061119
21235,0.08921952570339522
30096,0.08350847690191865
17396,0.10470665016027371
16273,0.36156712593841944
21195,0.057723332914269246
27674,0.08773710300710721
15162,0.11995188636372409
24011,0.12074021028877932
14562,0.058802311485912404
18764,0.09531524696809039
5198,0.24843498372500655
6922,0.07027853594335919
626,0.13629579258525268
19404,0.14514851753392985
11701,0.04781187605351379
17393,0.10230763797828926
21998,0.13308579398512765
32884,0.3827744618514368
8732,0.07744414766471433
5209,0.21620870083860796
19612,0.1788304364910432
6503,0.15375743581567863
11566,0.09261702488005985
22138,0.14662563540848453
33218,0.19544270666175165
22094,0.058944539097286246
8174,0.08133822425984635
25682,0.07590995237207823
26026,0.1275731989456532
31384,0.07484800942839881
7218,0.1202094561255847
16513,0.137779558576503
4946,0.24451705319667796
24366,0.25552628429697616
14470,0.050308418814462505
23473,0.4102648642726977
17710,0.09410638347645546
26192,0.14074949676432938
30544,0.08821055432159629
24650,0.11352363784559993
19459,0.12598070669950998
29894,0.2185862991285044
23982,0.07362454661277093
32190,0.058762695383927095
20411,0.20311329009073215
24641,0.09430653317217058
16474,0.0850525674432357
3391,0.11041334785455172
13548,0.05438448424473154
665,0.12508640434706128
10318,0.2367441458238146
26453,0.1127558054009541
6274,0.165770718360141
30537,0.1529508658416939
26468,0.1498514324651234
2458,0.11347851661311141
23457,0.12265386873941736
25540,0.15030284695836776
27209,0.1014371015129638
12520,0.13916684203416305
470,0.08855406890543607
6882,0.123946637365262
6419,0.09701920738789081
8583,0.13884774917023354
22692,0.09058082808250399
31196,0.06989650725617477
30641,0.14184132651462428
31916,0.19825101525748257
11131,0.14246037854492297
720,0.2010230314143297
435,0.15966828875255007
24290,0.08638047304900646
19790,0.08645708966450646
31924,0.20727525306259098
4660,0.07766354605685272
20586,0.18738219917208268
23606,0.18675388396466797
1429,0.09224162790750244
22086,0.10165095771928712
9273,0.08465594760184574
870,0.11135999914489392
32971,0.1382292528507994
9812,0.04677560450298403
1275,0.12939326090555914
14942,0.1490729971604207
25269,0.0995643888977311
19209,0.06473256457176423
21478,0.1767105013469053
7101,0.19907412586085915
18958,0.16118294127271302
13136,0.2470764039629814
9549,0.11914057643372744
32549,0.09270849211219141
24735,0.18133487772877965
16149,0.06012961676275083
13635,0.1001764736633579
8911,0.1310302294445386
5065,0.1087094538906755
5047,0.12247861750886366
2666,0.08912930842285806
330,0.0947678376931419
13306,0.10449166316135675
29827,0.08820985274787185
31006,0.12222705003408013
7005,0.10498701886917064
28588,0.1142961274864199
17547,0.11115044014960819
33040,0.1007322038045639
5253,0.26922362334133815
8665,0.14183679790845857
2259,0.10086290610884217
24196,0.06338074025080072
26915,0.10348972562359841
8440,0.05086246039761859
1874,0.27715262369799165
8218,0.122224795152616
5455,0.09280485102208061
33209,0.2311713455104149
28136,0.0942681278402184
8116,0.22971740862914491
15711,0.0753697472866974
15086,0.09462077446796997
28515,0.05786577071530857
23226,0.22822856653611645
19221,0.27881348138610496
7320,0.13423323149553743
17045,0.06103793829299133
11679,0.15536664088995245
21528,0.2539075822321969
3894,0.1141557997528494
18479,0.2430072702221274
10662,0.10183821332984029
28303,0.08424845486402809
11437,0.08439569009237179
24418,0.12246631610220135
19672,0.03769435051062534
30875,0.09373618350127985
20572,0.08258145464137132
14772,0.13066669130865238
11632,0.14210500682880822
1796,0.06892583278682245
29389,0.05440473333917478
13592,0.084598342089151
16304,0.2329352009866188
32419,0.05685317924792728
11949,0.11817682304239731
28282,0.09724343046392576
18193,0.07792346094425406
7618,0.07549480909819566
12303,0.1921917098690289
25397,0.07159405033848638
24053,0.22165232726756373
18960,0.09535018278897267
19503,0.14618410934205112
18505,0.06171030402706697
21493,0.06819501072199628
18728,0.09479284902529325
30561,0.19891322317769428
29799,0.17159258970280244
21343,0.04989634235440276
25658,0.09309240131106232
14972,0.0844552725239084
17542,0.07953574923135111
33364,0.10514896601154292
27552,0.17306403810585594
11042,0.23190801184759083
24148,0.15698141492364262
6769,0.12315401410631167
1852,0.08800236756353716
29069,0.04892961709113157
5074,0.10654702555886657
1941,0.24182783214940376
15006,0.07476142945379656
32764,0.12470431616472154
26965,0.07841384177622408
5222,0.11140260386827225
6982,0.053258153805895124
29700,0.3403041085671076
31317,0.11111972032000458
18735,0.08828081007640216
13335,0.05001707247092251
956,0.08575230177120337
28837,0.1543866930019805
22424,0.13494132568913358
16088,0.2523822538130929
27053,0.09900903985259026
1562,0.2505094493826124
13826,0.06257329112186459
31823,0.39129719750821934
19645,0.24514086909566074
4377,0.36970122841582514
22608,0.04460735788564842
29672,0.1856168063351108
8699,0.0674682321856112
20358,0.09450741001869009
29712,0.13306433913769677
4113,0.20823385610573
28073,0.1093070537901696
22925,0.12163608570819535
31045,0.07923577326975462
7663,0.11533377322833856
9865,0.054629176766035376
15434,0.05379965538769058
17845,0.07466819967017059
19602,0.1707127144709575
24151,0.21413886516968145
7849,0.10980940815913358
23639,0.17669973015875154
18141,0.0750649945371322
2271,0.34299968009905885
16024,0.06407504129876285
10796,0.08282283264482874
21459,0.15901642015855258
25605,0.17366931508713365
6280,0.048981701146979466
25047,0.0661099361093969
32070,0.12434817790589063
16054,0.18269046520924315
3460,0.07128548885390415
1967,0.061306131668372454
12100,0.08527414499404375
10499,0.35251288339002684
32902,0.21433099037818015
4785,0.1682416528517142
17648,0.05006112032825292
17082,0.1381889360032918
5049,0.0884869728377327
21136,0.05714268565113876
6347,0.16171289766424896
32949,0.11034353236528205
23453,0.05011867734122741
32122,0.028138838948687944
20108,0.11367207886836729
16496,0.4014082720305971
31541,0.08543407705190573
23070,0.14316800940643992
7308,0.10132828610527382
9226,0.21382334245078177
18179,0.2923995469392403
29354,0.19605138881507328
5076,0.09049639418502457
21668,0.12697553293111977
2743,0.08050869663449088
22022,0.06493645043621454
31994,0.11975862415665177
28683,0.11561795348789125
1840,0.030037023514288264
1205,0.21461323082984807
22354,0.09130875755356839
1526,0.1030271876177453
28545,0.16168138380431935
26389,0.12592464335755993
2609,0.1565873724490297
165,0.11528305570022979
25729,0.15707875766054302
31785,0.1816219078972517
3375,0.11641936866604867
32868,0.0689874470705234
7680,0.1423444593486483
14066,0.09618392508523473
25685,0.19312743392797488
5026,0.11015028084868263
32664,0.06793821472875781
23688,0.08413973048317547
3019,0.21172949983420564
28802,0.10350106198928094
3698,0.06797459397393242
7748,0.10835597381593563
20422,0.08243000465970345
22553,0.313325848262611
261,0.060018638267115544
12881,0.13955289123459869
18552,0.22956134337450948
31878,0.10710416142016044
27749,0.09266327289990586
31375,0.08532787924414223
17709,0.11786840140424942
13282,0.06465186850993042
30891,0.10927374795808954
10062,0.1491794650778618
11267,0.09428764356049953
11708,0.0856528882873471
24413,0.2272810422869075
18666,0.1259549107569012
21326,0.23495798072811727
25686,0.06923581605473655
14236,0.09567767580890016
32350,0.06575359704633811
12416,0.11970082652925612
27626,0.06923871325095937
3053,0.16436711141547475
25323,0.06715079457412905
10874,0.09250239154665672
28959,0.10114132483070254
939,0.09668858047816205
10002,0.21944284430373
21824,0.11029600595888105
24264,0.2159854231561772
23710,0.12091580736865953
17228,0.0841712604344229
20766,0.2699890770398562
7785,0.27658283494682534
17969,0.2989198702233532
20515,0.039932983644445925
9343,0.08729237038188845
20809,0.09982004228387703
14355,0.132861735823038
14001,0.06485653888155807
13969,0.12861920642885144
29915,0.0859223653734167
17788,0.142770959313176
24375,0.06685082743729621
6714,0.05582097159604345
6215,0.1736809225350501
885,0.04127537918764186
28092,0.12564140817963582
9269,0.09419120355558115
10902,0.1003806090256073
23675,0.12598770014793972
17876,0.046387089293636136
13657,0.06058340769506711
17832,0.05195741814946448
28395,0.1013677811327538
18406,0.42620990168726897
16476,0.3881172411655355
27237,0.07504047152817842
16722,0.08485584403994333
9317,0.13421528822796716
3268,0.06996324256961049
16629,0.07568405662261586
18155,0.09181924741632887
21346,0.22763853281096705
20790,0.10489600342721286
5311,0.2893920587276485
15254,0.1255011974027271
2419,0.06859927451251524
2687,0.10987172710463855
866,0.15119409363516512
28341,0.08468815840478992
12504,0.2011463535500929
9805,0.10120460845697389
12758,0.1439754968206592
27675,0.065807408320335
19911,0.10328864631988835
23733,0.31557510797629645
23786,0.059068678431413744
23907,0.0993343837220004
669,0.07681238029424547
29282,0.0671645907807307
24449,0.26887357777410287
16678,0.07236125050930681
4500,0.17224219310853564
21852,0.1112841064005011
31903,0.1431465547553313
8429,0.08904603708674791
1018,0.2594926705870754
21350,0.0895917464486882
12197,0.11116300378433178
11494,0.10744456172928536
18800,0.061325048829420005
21670,0.02967116623402413
28877,0.09557055026855306
16521,0.0603697625735099
19372,0.0964375225870202
32513,0.09289437045998063
24218,0.08430183147632839
28356,0.07530578520558733
32268,0.09274736216817424
714,0.15040034369063932
1419,0.1830033498252708
3069,0.11217133538799891
11325,0.1804033533913898
3117,0.12294983568160754
1699,0.14551921597389625
4447,0.1825221783486052
29500,0.1327917063541129
30871,0.09139966943780278
30905,0.11323095864339551
15467,0.06778261385917297
4129,0.14193181978602037
26802,0.06990984672224028
20281,0.1563569379470382
5229,0.16682095172185635
20965,0.17702641695877683
27393,0.08667838869978638
32775,0.06919170185957275
17999,0.061667012676520264
20405,0.428146610622172
8305,0.07236006086636106
23007,0.19692752257039178
10151,0.1241573174913391
8808,0.1592380328892592
30270,0.11473570116961375
23838,0.0875111376870076
5565,0.17497461291382968
27399,0.0634032940910436
9502,0.09465186241299789
24315,0.14934601449007973
27989,0.09790592834757186
1366,0.15369636554975366
29942,0.04429395645116385
11433,0.111068127310416
9745,0.2997245001814535
30369,0.10079043700093432
26724,0.06824574213836815
7885,0.1273708714139156
5169,0.24707933290739392
4024,0.07831981278553085
5108,0.3391166233738887
17555,0.2701929800664703
24118,0.3778742481209455
5655,0.07153723854261261
30204,0.2759129921775606
33002,0.09673928529918147
625,0.12975142502917061
7861,0.1268278987035208
865,0.04055349114566855
19710,0.0652185739485501
8256,0.15596450538393997
30265,0.14326433006694833
11501,0.2682014879784382
2156,0.17238520155962173
5850,0.06402656302862432
104,0.09701973488232526
16580,0.11467822936909179
16008,0.2816310021532779
22125,0.0832706738479643
4825,0.30879366328869
25394,0.14784083955251356
21849,0.277780770165549
22866,0.12457238645041677
9175,0.07463067859950935
16824,0.09922702784913166
2644,0.17837303715274258
5564,0.2633553957207562
13119,0.11633701007350229
14108,0.24307574307064556
28770,0.10134228668242842
29654,0.10670283702038087
32635,0.12754477085989097
30120,0.13778199127069488
30367,0.15009758995755224
4270,0.13060198989703067
18640,0.30860725971879105
20233,0.12322913636919146
8781,0.1427274513188356
6657,0.08367977796333982
33098,0.05887031427909614
12542,0.08237131464335504
14920,0.23830565613309987
32845,0.09668449124941723
13642,0.06080026334694719
32480,0.11217067266512372
1232,0.08593039552408453
22323,0.07342199317284494
12656,0.1396998161357307
28548,0.10049534388455504
8666,0.12228440308414025
19234,0.09489706411663518
31882,0.0708945998006805
22133,0.1082094170204797
29588,0.1257614639079732
27950,0.30962265868942657
21422,0.12068116965228833
8835,0.14450909398960268
28178,0.07121878111949481
32151,0.15971256502994796
5073,0.12050560948532772
24926,0.11365320779169161
2512,0.10796014580995095
10241,0.12520865653442947
3868,0.11279690928961555
2604,0.05538416284309872
27105,0.11342199156833087
8238,0.5514459833140415
27479,0.09679444475204087
10400,0.11826503102628808
3806,0.13310895044390633
18696,0.09865358573087128
12924,0.029197114244537078
749,0.0831067010368276
9897,0.07294099884329057
9677,0.13589424970543154
28593,0.16075603121435816
14037,0.09217286763263237
4357,0.05620393785101734
8799,0.2582260923382597
4401,0.12690781723553915
2388,0.3024263560290752
1255,0.09690156891028077
8226,0.10455317197080798
25699,0.13841809962199006
21590,0.35544712068482287
18993,0.22982493145288727
820,0.06745291479786143
4388,0.13513534943995567
19182,0.1283241627324001
9820,0.1452511722390312
25008,0.05997173650122666
32616,0.13031979471813512
14429,0.04755038461572514
10408,0.1863324774663317
2445,0.061293249118822585
30140,0.2644452945015042
33248,0.15610480216620837
13666,0.2120755238581621
22938,0.1083367483414061
68,0.08322142225262094
32732,0.11123240761761025
30718,0.04921497318936651
4315,0.09246023279692288
29571,0.17447173296280807
17698,0.134392404260564
7105,0.07752457011842179
17817,0.10147718601823985
30487,0.2117360232950633
31661,0.17730963126892696
21805,0.09289916807408634
29262,0.06229424413797797
22460,0.08144161321075265
15788,0.08168591090419418
7295,0.12311389057926274
16424,0.13844281524937202
3723,0.0695162612623663
32278,0.1913826589075632
30207,0.2241257451099528
19184,0.09705552038561478
23756,0.05594104510053617
546,0.1082288420174512
7343,0.1099819891558521
25657,0.10999872551220564
28712,0.08891475562762328
15918,0.20925383433586628
21100,0.14355329975601708
26407,0.06544193365467026
16943,0.06502125658401979
12961,0.13972203722156262
30658,0.06396418247214047
10722,0.06653175243209522
23479,0.3446394688633449
2642,0.13622800976531552
7351,0.09147818571140887
29578,0.1220610463596183
565,0.13071325792308888
1706,0.1181929925572191
28225,0.09689754369255994
3750,0.15583999430743603
1811,0.12508221763022395
5066,0.042964436632251024
24927,0.26565635933483656
2113,0.05999315395475375
27501,0.04688946630931993
3245,0.08120800460240846
7107,0.10458264181183176
13639,0.07728564943406306
11878,0.09086351439566968
16169,0.22133822363823852
20402,0.25235603194685197
298,0.06445088497114958
29040,0.14700638486674372
26314,0.2605554187517838
11128,0.11566508607148437
17162,0.33924507801210396
6050,0.04933144559140529
32102,0.15539582680255845
2813,0.12699705454492208
26276,0.15899148992521342
247,0.09542692769433198
456,0.10231213991007437
5152,0.06308559736971162
24068,0.29173224885175725
27745,0.16929521147207335
8324,0.0989092181800098
18205,0.10254679122904822
14777,0.07526935472044986
11943,0.2302192375944195
25680,0.07982874987011797
28059,0.08557208799568505
1658,0.08092361184479595
3266,0.11642752834386504
14718,0.18247541065973671
17164,0.10555628567224633
26527,0.07523911029889553
28693,0.1496755982218619
15930,0.07829717652694405
31209,0.14849656276129833
30583,0.19551909629890366
15005,0.2044445329224717
5400,0.08342130312492722
28819,0.16981965067581176
23347,0.05925370048587166
15463,0.40892869918027364
5305,0.20406435591551542
18152,0.13757275713605843
17453,0.05124376286049727
19900,0.0889854644871965
537,0.12803995359620327
30359,0.09537239860463237
13995,0.12311004683202344
11006,0.14006080927864703
32905,0.24354457883293595
4115,0.206471647004053
9205,0.2483532798186834
6112,0.141555074699285
8032,0.12222918266665082
23564,0.1906995357675578
12390,0.19606251082549422
12858,0.15362943987292613
16760,0.1633189140765362
14369,0.1951618445885538
11710,0.21246168667032558
10479,0.09455049034491
3786,0.08565911225620344
31760,0.11074201243185001
14346,0.10449786552596607
13082,0.12708963664369852
6238,0.10273154489034592
23243,0.08958363011786749
22529,0.08733708865102577
12634,0.20195105521066592
29078,0.13086811388870664
3175,0.061667857404433674
8859,0.14824805608573566
20270,0.11274245446009348
8343,0.043512350774900184
14215,0.055034428931759645
21897,0.07633377647741171
29613,0.11384292237163564
19456,0.40851475263971804
12913,0.11841648569365282
9239,0.132998139578078
3181,0.1048079441854122
22879,0.09369429458950182
28867,0.17167511129183774
9330,0.09583681646930457
2626,0.08429787185962756
14230,0.2468481192778651
25016,0.08621516573374845
9796,0.10028872054035472
27642,0.15852298803475415
15979,0.13622833674279464
22028,0.18434816905255763
18203,0.07143302063739847
30766,0.12817005444945473
9580,0.1282535689237879
2174,0.06991447482281189
357,0.06349209253422183
22646,0.1365095302648048
2788,0.14638495275755953
9680,0.08959576126157752
23214,0.1029901581876831
22263,0.09366768589813089
6061,0.2956435570342141
15539,0.08354074183351523
14563,0.31415328597592496
26196,0.15068484004565624
9914,0.11212373482741328
13371,0.05532317701756367
13443,0.11081654311588197
32519,0.11019309773010753
1744,0.12853776702641584
5819,0.04943633161947541
25811,0.10064265614916083
1072,0.09904026528176939
17899,0.1247089790101792
9816,0.09508146301250742
18531,0.2843669780671835
6944,0.051312258772300855
15802,0.07976983587196809
15510,0.06883462936058214
23266,0.1893474565769412
33192,0.12351704767508863
1866,0.2750596885098829
13835,0.38926026522027296
13064,0.23875662447837948
11588,0.08512407948604336
10740,0.10263049678089098
12423,0.046084597714628105
30582,0.12090530262763602
20250,0.14179737761732217
24124,0.07751058986803726
20980,0.11086800274862373
2668,0.10474640738558876
25925,0.06196769802515081
1347,0.09981740966643576
22415,0.2950168702463951
21464,0.17100461395642413
21688,0.11407412919531079
14388,0.08172309071195279
6755,0.3280340542690124
25151,0.13165542755660659
23746,0.07583503867081319
30789,0.07425947530798618
24077,0.09426443147922373
11029,0.10924865674875256
22724,0.06135486801772356
18440,0.0840023722051016
197,0.09841680453435055
3892,0.12945885069380977
20778,0.08931572685899623
12157,0.06369240222833054
23565,0.21887654652073002
31158,0.12337117827609453
11918,0.1876873907761168
28652,0.11590733800679275
3474,0.08771683564663567
14739,0.16965624417379216
33145,0.08289426713673839
20899,0.13919143718061577
5286,0.06168199108332681
9490,0.09941293383694398
26036,0.1882926276509871
24746,0.08503590548958302
14477,0.20666332042837177
8822,0.11394098699426723
19011,0.10184559207375542
16745,0.12893400994284024
4003,0.05914787153723388
24201,0.25216619109544597
22695,0.14788311646502839
2816,0.10661915394420256
31433,0.1825891469214568
11882,0.11076812107930999
17607,0.13744332061271738
1155,0.07391115720501264
3484,0.15856432222056957
9441,0.052741308252157205
7999,0.027630308227273182
29423,0.051770475175063745
8000,0.06590390024857551
21154,0.12114959897957144
14810,0.08045177067464332
21223,0.13681905707041941
9196,0.07690425219268372
21282,0.19775451093965732
31191,0.0653921202420749
17353,0.12234443876173906
24081,0.19862504533794959
2917,0.106934526734953
6914,0.4239344964632999
29113,0.12857018021639063
16845,0.0650394319915735
27895,0.11869232999205115
13591,0.1011748046928887
33372,0.09926938941080785
16500,0.21324342961850917
29298,0.1360620838847589
28331,0.10850171877620443
30433,0.06916560764284604
23978,0.1192869444587889
5156,0.15364515326226377
14893,0.18091895288000873
926,0.09169816286670439
18966,0.04820220231045951
22095,0.13121768915185975
31450,0.05480961281966318
15348,0.14792760659734552
31545,0.09457835219850386
17506,0.08891147509593104
14586,0.30336439957789074
25567,0.14367845373572802
4996,0.16641355899242466
8326,0.1273492672279259
24483,0.05447862052761961
10882,0.25280387678282773
24583,0.10743927057078397
16757,0.12775086852227538
28216,0.1142608438545907
2659,0.09748085712268709
6650,0.17209675761474486
24223,0.26933892598345976
9229,0.10884004230225194
26454,0.12077755397995316
14691,0.09923621729303808
9692,0.09407448241787025
29340,0.09065828632912906
17110,0.14838489713996095
17724,0.13358733896830696
536,0.29055422294482647
10712,0.12941575624061125
5905,0.39433780904655596
1768,0.12785398069265272
10879,0.07594005705354981
2951,0.27467452737565623
20484,0.066947813353167
31574,0.06345133219662387
22785,0.0898774599550569
13998,0.07742109971789338
2368,0.057408840772732984
12259,0.03800525140050839
20267,0.12316013472151773
24061,0.21577928780688588
25359,0.27295968867146
6338,0.06812254203104151
1891,0.17074243505890782
25623,0.24947427410643547
22395,0.3016972691117923
28913,0.07785235907493682
3280,0.16036742019477151
7418,0.12980319626114403
27689,0.08222396469048264
30242,0.10054923668371002
22353,0.10582736605416154
20192,0.10507851627247536
7986,0.055402248742839076
58,0.20887973079392536
20339,0.20048925021938221
9003,0.07464303767893032
153,0.12357413150379046
31050,0.13748419130899528
286,0.1830281285682616
13807,0.10240719305408373
11287,0.1159235015296993
25640,0.16297660196388297
329,0.0735927942127183
22559,0.23203931452172744
14425,0.2577724436155081
18364,0.10044002918193963
11925,0.24988583986446375
13417,0.2536586214858813
25140,0.15109337506572373
279,0.0816431737433505
19536,0.2043559828869906
25762,0.1822222348510307
16807,0.19041655140399386
18378,0.3123463325636824
5596,0.11109112997257309
99,0.1613181105355244
1316,0.06607914456407686
28549,0.08544031716150206
5281,0.11392467727202585
15472,0.06982987964104585
14592,0.2181397336793535
29965,0.06720559869910919
6912,0.07902598274127624
16671,0.10477496110745947
24167,0.033611275245784084
26474,0.10487425031739807
19980,0.1438275692844144
32100,0.13419234549447137
23539,0.12146257977335029
7616,0.147101997464491
27071,0.09004984569987615
1028,0.08638360578027822
28513,0.062290387542112864
27541,0.20558373142867584
5217,0.18540423915941273
19267,0.08955691929028688
20137,0.045263898764884666
10119,0.09154920018503916
19550,0.39808471647489996
29863,0.1859698853482227
32311,0.19062360280817645
24551,0.17619661429212277
16852,0.11873988185518321
28496,0.13704356544126708
13395,0.10823351777939162
13314,0.2855896097908958
32346,0.09435192472954672
7349,0.11773014615793485
28596,0.0711035247666178
4553,0.22578896650859911
18657,0.12314013539331682
8737,0.08281456965296566
10968,0.09773747930228058
11378,0.20566247735756144
18325,0.08305738415323677
14844,0.058507226821457564
14275,0.39322115804684443
13967,0.24015766550641826
26014,0.13926672047920124
13040,0.09451552010746035
12574,0.11498900759202929
12645,0.17856993805466884
9033,0.37657271199992554
22568,0.18792980738570633
25504,0.1257173027473818
21394,0.07852074388776413
24930,0.16089252136019905
2464,0.08730132261212635
16118,0.05736188086495287
26031,0.0945907298924199
762,0.06404544801719161
22711,0.05076771655187559
9488,0.08761224518477766
5688,0.1941284069818847
17430,0.10705866984148557
20782,0.10647884133208833
6699,0.1029407281056792
10014,0.11972296498024104
10330,0.09930177635104796
23592,0.1431735001618999
17277,0.13854366966613546
19680,0.06072947343327699
20548,0.12608174483322013
30856,0.041750661920985595
3722,0.26178970207252983
7456,0.06598686903722514
10248,0.29628684018888907
24486,0.09420564082764682
17487,0.060336061375088124
23558,0.1938610995282886
24715,0.09327643294153115
17808,0.1611555983902262
1771,0.14492917111671275
22361,0.23559501471533997
11324,0.09345479676593917
6641,0.06851748024391564
14701,0.097032275998585
30020,0.19254840244716984
20111,0.12339313260500218
3637,0.15324494589691395
970,0.12420529936902536
21361,0.2854051236167667
15350,0.11951111373021832
19995,0.1389614741463146
25775,0.11014190208027189
14468,0.09132968104679287
18676,0.1131135970381557
3130,0.07050758977855416
25522,0.07276364140008854
27842,0.09681888843148945
11126,0.09643585936445007
32090,0.09127527039607594
15748,0.08610060591347524
26285,0.11049254972201476
31002,0.16074923716334735
18585,0.15749502683644606
28812,0.14354907625614627
2103,0.19382455688843017
2531,0.05471071330489138
21610,0.2915144394046618
31791,0.06635237664490083
27801,0.19319932444573562
29940,0.06947035022662017
8685,0.08883769546469333
30886,0.053066383344172706
15626,0.11554113955641702
9665,0.10233932197888228
15072,0.0727573628984922
31722,0.07033195345100082
21099,0.11650958202880606
24872,0.29955951829900757
26723,0.1746343040535194
26554,0.1444982184483176
27363,0.29881711534299477
9991,0.07255193423476522
2266,0.09906883014608163
10446,0.39368669425940855
4932,0.09260777609014643
5161,0.31940790913343153
9395,0.1402388573447134
4746,0.07897905662631802
28025,0.10719928277028634
3607,0.178415809368099
8917,0.09368074915181489
10447,0.10515622003398667
6026,0.08905878063066357
20300,0.18646943277255362
28599,0.06385749474573983
15256,0.1171633633971523
9739,0.13776661930361495
9416,0.09802753855352066
11650,0.1697668274557567
30460,0.1419366591924914
23335,0.07055490707393108
7001,0.08156653068732911
10052,0.10178601811875077
14863,0.10049906668809193
29291,0.1888088544416423
7060,0.11347170802181353
17855,0.1146030037856218
18866,0.1268461810988887
3283,0.09835055190853209
2146,0.05573006356491307
31973,0.05627936746363582
9878,0.05997474695144356
23949,0.05405476447442979
3925,0.1079815564383872
15021,0.12386170361018163
7330,0.13531860115599925
23364,0.07004021071423747
2068,0.0702914789087642
29465,0.0931884560054367
17764,0.08876967774440518
8617,0.16189107370961
1777,0.2146467779753777
25942,0.06319418297573383
12708,0.12899358718254247
17903,0.040629779167424565
5372,0.0913004213000907
13272,0.1321982538074865
23218,0.1572729158289132
32227,0.1679440163309436
28000,0.06579559266883643
8567,0.1841658329262477
25688,0.06984354138844752
16985,0.15217331029289388
13182,0.19472849372013593
1558,0.12962501203774102
12927,0.12737508083845028
15493,0.21207262937040103
12668,0.14720228803906832
22494,0.19341826109116253
17096,0.0983939717855411
20504,0.11649706128105733
30996,0.05554734567973108
6748,0.04640028510811905
23973,0.15422965407017106
1621,0.10468419226610717
10327,0.07162283167721085
23943,0.08359407083678824
21260,0.3461723712445
1807,0.09815514262054324
18638,0.060763989780078416
11830,0.126090024082835
2077,0.0835014009830699
9050,0.13483230780408131
6117,0.0948410447368876
28654,0.07420066359466797
28526,0.13610776637029473
3084,0.07511424241556028
12442,0.18388987610970536
9008,0.1915493057817911
33208,0.23362758947786927
4262,0.10756432397637496
8431,0.13235759280065712
17908,0.042786992043893635
1685,0.1899591487233727
24613,0.047854674059431355
27837,0.09087764618457594
4768,0.12002434956967348
17759,0.13060801786339532
12235,0.060079410984492564
1189,0.21945760555582433
2454,0.06418517996584981
6801,0.3011296378389473
13846,0.09053875908882318
10297,0.1652557169655828
11755,0.07223082607010227
19155,0.08905706378479203
31606,0.12920403848248227
25661,0.0552382215837726
16975,0.09121439361338833
27672,0.1114205933853806
17989,0.09778601787508993
32867,0.07240436581484248
23318,0.0856551063321801
28470,0.08530790532052314
30442,0.10795541892470238
22992,0.09721948136698448
12273,0.0953701628689624
12903,0.13733488226629587
26981,0.1420116549937629
14884,0.13202590765352104
4947,0.18865424950817675
32959,0.11044376459016096
7697,0.10435958217226814
7289,0.1883465309959422
15201,0.1982410666033016
12265,0.1507109012351236
19774,0.09171619247755311
26213,0.07940508377922426
24409,0.18411105215432802
9075,0.13856377637339792
15712,0.1506194277662429
687,0.08609966492366351
23919,0.06536334639850097
18140,0.11416751779318644
1668,0.13655871927655974
11844,0.1358346852782426
11363,0.19687459500172447
4485,0.2994967345007059
21311,0.3843228777705351
8532,0.12660806536861466
23541,0.11949664098126236
31028,0.17313411490551178
15861,0.10434654279644463
8659,0.11738176826148142
9157,0.05558397111368771
15258,0.04987498844502113
31185,0.07159125503300215
2447,0.19611212787179064
28782,0.16913545009778008
9173,0.07663824203121769
32602,0.10481074227893888
27706,0.1013822106042226
18413,0.18024795413212358
15506,0.08412445025652299
13386,0.2855913399342812
8517,0.12204088054166705
8197,0.10762981072892054
17343,0.39945485990619056
6883,0.1301383971337101
909,0.10792839944634235
20164,0.0756744732465163
11367,0.09756498855417996
27192,0.10136313757165098
31819,0.0899789965697488
32087,0.13335911948201354
16300,0.35009583928231464
29288,0.30711429247800326
22026,0.1137428512249654
25070,0.12653115698025988
6547,0.10895198753150874
29410,0.1217148583909965
15442,0.0738187767140884
33026,0.14155801718916303
17644,0.16400656134902875
13549,0.0929283468962782
1009,0.08396802981056505
32866,0.12698451390842366
27026,0.18011323606635338
18053,0.1719802187327114
15599,0.19189683055777712
5601,0.26320533026187853
26500,0.0739952241185326
29455,0.13142359043473043
779,0.09272161655802834
12736,0.07190069602525574
8354,0.20864115024328397
23774,0.16907418145748926
7296,0.0946148993676251
21479,0.07064869830847455
9978,0.12530290759730653
21890,0.298071131850572
27438,0.057760853220705406
27475,0.12431399607681749
2427,0.12665999256507557
20523,0.11911035192217088
15107,0.046595580231562905
16454,0.05117820299702821
28347,0.12257898496669742
29335,0.18269194197713987
17426,0.11936268468099992
3768,0.09005189070705272
11578,0.32102996674961537
32850,0.09483656313152342
5636,0.20915222823607077
9425,0.14548228563519616
85,0.17245366371557824
31218,0.11483442401376766
22726,0.07996794092803577
32727,0.3109038517896864
5371,0.22207525327635133
12054,0.08627753582119957
6311,0.08596768640379282
18791,0.2054974605766002
9445,0.10913890248638534
32094,0.0995191548554631
12855,0.09342646343244843
878,0.04223518769572767
16238,0.21492995864526396
3309,0.1564743449342891
14679,0.06219082873327779
212,0.09407796856760124
9310,0.09351673469847654
24968,0.05723763068008918
22077,0.0782812752887788
2050,0.08728018510280358
23359,0.056070998899831005
13745,0.17321627163540565
27657,0.10843779105900618
3732,0.18902878401078196
8904,0.1342261816471045
475,0.0953339072786801
24166,0.06933010017395097
29122,0.08428983141827304
29240,0.11860434038527236
27416,0.10373519434978438
21513,0.13188929562570206
22038,0.07570449091103186
26509,0.07292857819573939
9257,0.06293825589622679
5550,0.06728686421742672
160,0.10569036254579223
32588,0.1979933092426301
1336,0.07119976821871127
27282,0.0864216849597685
1860,0.2561943270482441
8016,0.10495016603037326
3237,0.09567826168946081
21815,0.21420369527385516
9073,0.06096764913985563
9899,0.12743580016586276
29738,0.08526184931091217
31269,0.16873632740615999
31285,0.12118486094997354
9810,0.1384330760057565
7453,0.15672114173855886
28321,0.20269929548822427
1674,0.09976726356001336
8024,0.10182600131570958
8791,0.1113624436867593
14900,0.07452746095105321
17921,0.08987981503414534
13147,0.11477220467333601
9136,0.06928172965682386
20042,0.08483922291499985
2383,0.09681923172524565
16162,0.12771478046967918
14498,0.25264808206148404
24354,0.21100811045874346
7765,0.2215636711486367
13733,0.09912689854026378
4431,0.12834355876521103
27403,0.11633593137439271
16774,0.10931557802588591
4981,0.14247585608800684
17860,0.06960633331721719
16840,0.05820593957901474
26109,0.05309122167341713
15729,0.0791336809241749
6703,0.059304384289783935
15216,0.08585799911168972
13688,0.23384400010168027
18263,0.091816852899836
3675,0.08308206174188178
30350,0.15311403009072766
13201,0.09565473233574982
28564,0.05868436828501723
6617,0.3497224049311672
21526,0.26146983541223434
6568,0.06873299654790506
1284,0.0918318862747609
5143,0.11781119883857569
10137,0.10365941595245332
9834,0.27491380228383727
22561,0.11480798333124055
8884,0.14205456479531145
20891,0.07856303200684008
32668,0.15073629125584703
12941,0.2046862646304017
871,0.08466338883614113
23106,0.13027037677368922
4365,0.12192345619523393
30352,0.1306035210551711
25468,0.0964100431553251
15807,0.07841084873498842
28972,0.25817735348703313
19908,0.07028829133358062
32977,0.15557028540993273
26463,0.05871397913439026
2444,0.1300228699029854
21466,0.2394796741114331
10373,0.242434861021518
645,0.11095216673817333
27298,0.140126257659122
14847,0.3141078276080791
8193,0.06127678938623805
28594,0.06505945294958804
925,0.12863973950686425
7204,0.06441335110504422
31633,0.09085098783167649
1963,0.07128865385371376
28943,0.09840436691908759
7769,0.16225291818624385
2105,0.1942825075705261
23437,0.290416683300383
15843,0.07997658418574133
7298,0.14271578728067566
941,0.10366049352575156
27574,0.1698671062881006
10562,0.05713877099123607
619,0.09700774140626034
7181,0.25077842179024223
14731,0.08676377678163992
23337,0.0636910047904832
4814,0.13177217143693493
9137,0.10532950956869559
11416,0.14532695117303163
14615,0.1228722586279132
2725,0.10695116731337402
17422,0.1862218135754273
4511,0.10016029492598234
20297,0.12084988033549446
31673,0.09764353046276944
4199,0.05711336340176447
29704,0.19495968043666623
16717,0.16618621544047837
5561,0.10531463089299056
23138,0.11039301836509684
12039,0.08281038315928389
24563,0.30488803304983864
10387,0.08245570299342173
27679,0.09193334163278861
16261,0.2107596852209555
18293,0.14664581227094667
13246,0.06316318565267852
7570,0.17563018020174237
19547,0.06606981943478958
30194,0.08571747023892402
1748,0.08457254966656379
24500,0.1521447184802506
15218,0.2266098332060034
19976,0.06445341459707464
21206,0.07056626564550969
12142,0.38063174187267457
892,0.10404257402714753
7703,0.0688991900964545
27658,0.10604802448925921
5289,0.06867134681796931
32796,0.06428036139317109
32444,0.1162155458436932
31092,0.2532473422775943
19887,0.051294923672324445
27044,0.11257107032044743
15388,0.10438780819441064
14784,0.045057447996130304
798,0.11570600827354048
32242,0.3130290623169481
10122,0.2412003927293932
2080,0.09784049468824504
25845,0.17266489141110886
894,0.10877518541454692
21958,0.10501819995890482
10941,0.1303841748280196
12936,0.12830147231703176
20302,0.1799083380798502
25218,0.0603054792720879
13918,0.10004248595519757
15874,0.12397660440827378
30238,0.12323275688774905
10428,0.07655891388448532
27502,0.12787333917725163
27296,0.18673177817762998
25871,0.09429058582692997
11016,0.10645616370447865
25633,0.09822290751405743
11619,0.3768397193389817
8147,0.21686049005210842
9139,0.099498346614592
10647,0.07170185006595746
2696,0.07110278932966915
7584,0.14231163372191585
14420,0.0997627793794355
11315,0.23014103209641815
16530,0.08907234030891954
20425,0.08958327312133815
7410,0.10561548084538419
1195,0.09931727193566635
16380,0.32740281491908596
11867,0.2312764166077125
18916,0.09618789838231541
26263,0.07608423799280148
22027,0.04757916048480899
13839,0.22384527474893715
1908,0.19334766492749697
15951,0.10119789492342694
8080,0.29292561577932213
20541,0.269579056352073
12283,0.09220281073384377
1910,0.14024910966211696
12242,0.10722775881208314
467,0.08406846156554967
31267,0.09891225834239194
90,0.12641203117167762
32263,0.11732174884887119
4902,0.07404461306063967
33286,0.32133293744030367
5328,0.10693079906520402
8396,0.11717330425067117
23242,0.12204727302754437
1404,0.07577251209742922
28648,0.0672932250403664
19836,0.07769822654471568
7117,0.1357322453736532
26518,0.08988260361712344
12025,0.06587344996955895
21724,0.05840144940285803
32587,0.07630905680838433
13874,0.11465503440450116
22221,0.14144148662098247
25774,0.10035037308282575
31766,0.23089693924757
30927,0.13717124636057487
13842,0.06667173718324736
5830,0.1288921905262884
28656,0.15493298751834347
3980,0.06406440851528585
11007,0.20952090965576814
26062,0.15143837662151888
13861,0.05966789398330628
6892,0.11234294300794176
16258,0.09264360502821169
21349,0.190248319215965
11228,0.1736882937565044
32380,0.09495821701297191
33359,0.04051659453758595
14643,0.05768147590096357
13131,0.12364498054197073
18843,0.11362581869148505
12091,0.04501512678280683
11261,0.06874229808943985
9489,0.06460063286806535
21637,0.10301397780156527
18476,0.2522681273397488
26694,0.29992065097667914
2207,0.14473593444150712
15403,0.08960105424604062
19868,0.12018576663435038
19082,0.13917104864657723
3991,0.19340939448297428
32485,0.12142322376273919
26373,0.10952562684277765
5833,0.075401968285268
14348,0.13206674135024205
18171,0.15346594826353507
16179,0.12421600573497894
2422,0.12381488933642393
24334,0.10943158816888988
19296,0.16840752844708917
6972,0.15833996559979047
18988,0.05682047872814888
26710,0.10494948921649773
7786,0.18160189464829432
9011,0.1382082014049824
28528,0.12063289875824738
1631,0.12486862605036902
6095,0.06548703475832506
3148,0.11268093458812353
27176,0.10328664761870322
2161,0.10003623758184498
23174,0.28812596036160193
2576,0.10515197254158862
7976,0.0729598643899419
21681,0.07912637849215834
12599,0.11982505638298194
14618,0.0944377105121723
15648,0.14710518534570027
22329,0.11693781953289523
14015,0.1311931173138498
358,0.13473774216557963
9863,0.1670192359183227
30785,0.08894343092212884
14944,0.08710697802274597
5440,0.10272258085687695
3884,0.07856110942225807
32556,0.057851603516004865
2579,0.07618898842767644
2199,0.10329091016947936
1474,0.10177351464908956
21107,0.13615576475792818
27299,0.26716303970505934
29355,0.12520997921902474
379,0.08377927208075314
13674,0.12247988236129476
1108,0.05123157261854831
1182,0.11103673483598929
29297,0.24783579545018525
6822,0.15166876993399336
17821,0.11899438088719079
32655,0.35632253615823417
8993,0.12846101551666814
29394,0.10755496730198871
28826,0.2304696111349564
9088,0.30902535617664395
21672,0.0810033583371796
24869,0.2757729000275369
23449,0.07555859586150686
12109,0.14158777515398274
13249,0.17858620029517136
29869,0.08536843168103687
29979,0.09371254148163713
24543,0.22679453672007197
26779,0.16926361721151145
31921,0.06465386051446209
9976,0.09706774099196475
32731,0.1732971332522966
24275,0.07727186638171872
15251,0.1668270363926764
10971,0.15574447490401797
1628,0.11066054014504141
15581,0.11118402636950735
10861,0.14128574572794578
29345,0.11919598935818866
18286,0.07057660174995428
27797,0.1405577902648862
20846,0.146193619950624
21881,0.13273565905293558
15984,0.09466402089214385
33363,0.23249530293828152
13462,0.2882172781951441
22846,0.10759042395673248
16302,0.07873200429549426
20700,0.05558476605670155
16631,0.08450695964994458
26260,0.13573997264505244
33063,0.10982168473767594
16905,0.07591458737886383
20318,0.10182907442654168
2729,0.081166512799367
8890,0.12053335378277767
7215,0.1430823601492202
28692,0.21897764611714043
18162,0.05578953144901776
9031,0.20458759611235003
26550,0.08467790930367043
29546,0.17178745694794262
23402,0.2606197711804582
4088,0.06482392326081653
14771,0.07482603938034005
20403,0.23542665284484446
26553,0.08054076243391442
24647,0.06117467854286343
4293,0.11572811149363217
29059,0.1734342189980994
5330,0.4154650541089916
20262,0.13205529518368542
23665,0.07810541489212224
26088,0.22667162164075746
17760,0.21153292027147702
20690,0.10188502443873451
32364,0.14452615773399768
4610,0.11692777650099537
11994,0.09391972889699396
18721,0.10561656621986888
31723,0.0892113498392712
12751,0.07636557134788997
25117,0.11875365802857676
23216,0.1147826401855526
22502,0.14420722821802665
24276,0.30196121377149027
32486,0.1244086407612459
1870,0.1443515140206051
16764,0.10626583536794765
33121,0.25127564859802953
21203,0.09357414528985346
22893,0.2014384403114355
8872,0.10628685076552723
26224,0.16315383148797122
10252,0.05136411221831264
28326,0.07795037235583628
27021,0.2738981628157583
8102,0.12327153809514148
23038,0.20868006879365633
957,0.22788914641301625
7747,0.02627255478757946
10474,0.38178870430125733
1449,0.11959412435148051
5254,0.11312601511410839
13946,0.10394081253444365
31307,0.1096394951016598
26600,0.0719654313610163
752,0.1159458588722345
11195,0.050843090414412324
6996,0.08686375742349702
9450,0.1106483094640148
27648,0.1319035299435838
21016,0.10564115853106358
355,0.08404691022672565
16198,0.06470644647940928
29553,0.1383589991610439
30347,0.04759321985467126
23794,0.11112721690692473
10109,0.08314736996245206
13014,0.06637196412668102
12947,0.2298457899465499
22279,0.1343912377366088
9694,0.0945980892854008
2397,0.11020731075006886
23561,0.1543709115412706
13162,0.08839473732544192
15376,0.17108499166038005
30336,0.09889352414323485
11221,0.1974671653242319
2649,0.13948473064396527
16262,0.12897875113998553
17099,0.1359015009556612
21135,0.08283874647866182
17452,0.15453662388835399
4057,0.09223872523402545
10696,0.1266627504320615
15568,0.3142204321288184
9469,0.25778354363129014
5843,0.053163364171139926
15958,0.14413717781071714
21243,0.14864322498684399
10623,0.2539659348095661
28979,0.2785578739958901
7581,0.0741290295487369
11390,0.11478745663094128
6619,0.08475611457547064
18135,0.0611771043558551
10997,0.11558803068209954
17804,0.20921189195117648
1094,0.05545062756643275
24210,0.062098261874396266
9283,0.0715723446815912
15769,0.13357955070289793
24556,0.07999710552338615
15831,0.04849224714090425
4099,0.12331511050292113
3306,0.1261840152101156
5181,0.12162254456337654
25010,0.16460415785942883
25166,0.10897010070717707
18889,0.06111579794160293
3020,0.1451545016713815
33226,0.07042721664309824
9910,0.053764842851803864
13454,0.22997331777639174
16773,0.07732690664737878
20074,0.10414203543299626
9770,0.09655482945642174
22097,0.051359275052062385
18864,0.08476248383022006
11933,0.1548401564622104
21481,0.273384104893895
8546,0.14041724069810677
23088,0.13787297683804067
9952,0.07065751117685574
17081,0.10717467528130742
14002,0.13008508346305095
21581,0.0741320053931831
10646,0.07904200629548061
8829,0.033630331237013755
1186,0.13484986771055352
23843,0.11522451653121374
4755,0.3036073291436504
24635,0.075607358301366
10195,0.0928173101176329
620,0.057380123841795756
29218,0.09294304821531582
17158,0.07407957659904132
3573,0.07835275431946868
26740,0.11170943134006255
583,0.1347916286946968
24484,0.10276987711095519
7382,0.1047324242574018
23267,0.1853981594891535
23523,0.09006643381955792
28980,0.20915341627470313
20939,0.11422939120416437
20424,0.07500942746392676
12447,0.06522362390062564
5992,0.17846353518194236
29155,0.12130132809933737
2805,0.05731837245102827
18356,0.2357857996146223
12605,0.1389604271704514
9164,0.06012890736838221
11119,0.11074780241609407
586,0.07113020454809069
28865,0.10898164392267798
5413,0.21271479649379252
31103,0.12314567336973829
7385,0.11867937632687912
1010,0.1098598732575003
31869,0.08773428663232757
9255,0.0933581221716291
3351,0.07857625307824975
8370,0.25067149593027527
9725,0.06842182406868567
2430,0.1685667840041364
9056,0.3581845638940315
11947,0.2336014313990949
16811,0.12717274986319088
29706,0.11101014263424545
21840,0.07270595282812961
19596,0.14646410206981184
28343,0.22466185379785228
29043,0.16821433986609785
949,0.07306166672501226
22326,0.14952618857184888
15316,0.22354457474862915
16628,0.22066130483413063
11620,0.17964963669567569
32856,0.11542034404279183
11091,0.12579091636008988
21823,0.11521310086398662
29705,0.40670756616112763
18060,0.1117717252290832
31095,0.18242206591115573
2565,0.17164221075909783
27099,0.07604857662042266
18202,0.05944686509100385
249,0.09262612449345552
21900,0.11603812597783271
31386,0.11989813631209638
7565,0.2273387952615627
6461,0.08270694578401656
18985,0.07450363355279335
30979,0.08456603700116104
32370,0.06633027056205114
29070,0.06863974758172574
31767,0.3368283558319282
4911,0.1083341341454793
22511,0.029596654316120775
15320,0.09608520224436544
4236,0.09185890274301789
21017,0.07525197163454252
28268,0.11591944803375435
24584,0.22865737753936224
15023,0.07364776043526568
15841,0.07017661973663447
30383,0.14455246311591183
24013,0.2400001199056622
19650,0.11056385838451871
5416,0.09316363001760022
25491,0.09797997260704204
1410,0.18981124991453915
9839,0.11709437887907659
21472,0.29942826160035174
7213,0.10376207332379729
4543,0.15158445053494934
7195,0.14038323056333676
3317,0.11448029062876977
6596,0.15522669463169614
24120,0.07001258908959171
28503,0.11338312538231818
28009,0.08264380068407516
23865,0.14921589136775418
25492,0.1283294618840532
22773,0.10645190833127385
2854,0.10830436744747905
11077,0.21101483731244866
12322,0.17847106486304648
19341,0.3366424997133291
2970,0.07140111293758865
24790,0.14147892410115928
15171,0.09706744400325165
24748,0.10672225506032973
1914,0.06120365065158813
7931,0.07820105952935806
16961,0.11637303738685646
8615,0.14927162447483328
21768,0.21460007644033052
32694,0.12747403573299215
16224,0.12016823890624784
20375,0.17541707040974003
19834,0.14801272665867163
5580,0.09511367969750133
10995,0.08131468926825838
30153,0.12435145763600261
9443,0.0766691176290159
28605,0.08456506885595162
19999,0.09911864385009503
30202,0.0848758184754792
19516,0.09786086315755718
23365,0.16987738441794845
31448,0.05952722328396511
4908,0.12814841180371853
6100,0.14717188930483857
7642,0.12393005422348069
13596,0.046888454060691274
13463,0.1394083466127139
9301,0.0750727917851884
11485,0.14988300124482534
27459,0.08810666394701938
12557,0.19165364806451743
31749,0.13225212384026935
25433,0.26038443775997616
1058,0.10657285671080399
24541,0.4247763986721045
26642,0.35752280766774347
12601,0.05460879110175905
25090,0.10994572424106597
6076,0.11435415126164816
5797,0.0894916355791149
15832,0.1403680366093374
27152,0.25007908098761344
14433,0.16083330862144457
11151,0.11112175829077636
5249,0.07575207503069513
19815,0.0699747182284587
14603,0.04969984459540988
13044,0.21120302657079587
25615,0.04880164277025901
11998,0.15832167461185145
27572,0.08734945860993193
1751,0.10156004061065897
33093,0.17647120487778511
1664,0.36840560759998275
24212,0.23032586753863724
9510,0.07348960706241753
14081,0.10964321909096253
31363,0.10137419520662092
32835,0.20353045732332029
8609,0.08327783616945657
31304,0.1307325501598292
2111,0.1368363689041562
22900,0.09724846569466504
7573,0.09766144430344428
13999,0.16026191768158546
16482,0.2552736328273884
4744,0.050310009638848525
9609,0.16116914958410047
12538,0.08739767307421484
30195,0.08221412154238834
11692,0.07497300879040215
4607,0.10122573820062938
31252,0.34540197382441107
26312,0.09825619758406962
10401,0.15617986131313655
3422,0.1108751421991348
20695,0.07854682181678574
30071,0.05000671153186318
3646,0.11139915209191874
22582,0.09964995756824058
24327,0.23141731249414196
19237,0.10100960129112825
9974,0.08354142796027868
17888,0.0667879891600544
24842,0.11387238709071155
8983,0.09372464469224961
26076,0.14297408601215536
5251,0.31843974945885717
20841,0.17079428799293178
24995,0.06382087484067978
2136,0.07601931134198446
91,0.07538371111694459
15732,0.10524096522805093
9967,0.09304160426855579
31730,0.04990368318271368
24470,0.13031879452793194
18632,0.0672773289091482
20538,0.08948076446795772
30690,0.07825702982879393
29322,0.06535605338941086
20020,0.08231917546550621
5437,0.17291010454936
8652,0.1054676273488367
31377,0.0940887603285023
7677,0.07331622111597118
19742,0.10699689712079162
32180,0.10670290691634304
7293,0.14813128035388706
16290,0.13966131118188896
31077,0.310258816509856
27605,0.07274471915060057
8333,0.0940796698088663
16432,0.13227923512879827
29557,0.07729300415080487
8618,0.1382678410046565
1373,0.08827879499922225
31182,0.1120009020043307
7511,0.07475079038644315
17983,0.05178561574818099
21202,0.09305133432920723
27817,0.2383413537923093
7356,0.06151527650405256
18808,0.17441500358838471
10142,0.13907874279621013
25901,0.23414641980987877
4691,0.0743034846148892
11744,0.14583292357794264
10650,0.16657667299325338
3398,0.11671283632914194
8601,0.28598178173340105
21739,0.42725403861091227
8593,0.11241674644702591
4189,0.1041538561139171
3234,0.13211359372794587
31839,0.0998884229062755
5517,0.07328387014455764
6291,0.08941423230159405
21758,0.11540757704752813
23108,0.1319257102757988
28730,0.04978564970165877
30136,0.11187190657321057
6638,0.1087747525975616
4456,0.2766620250684737
1296,0.0770052143255023
23767,0.0697282382410225
4761,0.07331889796661704
24023,0.10653862303226491
19721,0.11194076975169993
20105,0.25182774744888853
16,0.0948553212944232
22344,0.3066801737161061
17593,0.11384717730614738
16026,0.12749331879056633
4036,0.12742645617100562
32922,0.25314211603334663
3359,0.1999731241498963
21792,0.3169699516128751
18201,0.18367142147145252
11340,0.06925463285388865
13678,0.10768765936581892
18975,0.08273046625334013
26128,0.09159675181640826
17685,0.04022277571640415
15745,0.05920312129926982
33006,0.05598988724678726
33110,0.09922807114217877
4516,0.11163724555811934
22801,0.12661793769813495
8029,0.12494350353138677
18102,0.14032502142926828
32912,0.11594634243035168
12741,0.0897058060312092
14178,0.08878361909222825
10263,0.09650964069357061
25627,0.10701728433828389
30287,0.28190396061482387
18946,0.1261992899956302
21146,0.10850247219309973
13296,0.28898728398149526
15437,0.3317666961146963
22566,0.031783610466837996
22990,0.0827326215313673
30862,0.13226205224868076
14737,0.050793581964190156
7691,0.059525386296118414
19821,0.10772454049197909
31163,0.35429680671518443
12471,0.08392026812201901
5219,0.11454198509137388
21005,0.06640426135174347
6270,0.08994321117789256
2965,0.07302288133124582
15879,0.09429472412187656
16351,0.17623515570561277
1746,0.11201084951622
15288,0.0728449383005872
31371,0.08772005920556317
18367,0.1693534603709711
25417,0.08516225852948256
12000,0.09407550062686741
882,0.14680490461018725
10616,0.09181438141203982
11452,0.258780852540378
32630,0.1937242998845175
4537,0.25438724538156415
19981,0.09201973502198992
29185,0.040025230895374055
32838,0.17388287751167428
29222,0.1685057963851958
33136,0.32005715577932015
6374,0.19714323835052544
24741,0.09448110261956677
22526,0.12116762224445421
12917,0.08995370270547746
27216,0.3692477091701135
30630,0.3392409758943576
18421,0.12746984227744795
10118,0.14179737761732217
6084,0.1127771157158171
26885,0.0796428725871898
32356,0.06597882547587015
16268,0.11671854320247763
31992,0.08280260414685814
31393,0.09131112188051331
7081,0.1973409234740491
27945,0.09464608796882151
15452,0.25308241900145984
12191,0.11515392146179056
82,0.06226476098115571
17062,0.06526711390121887
31073,0.2922773922166259
31174,0.1669667412857122
12857,0.17769735634753603
30178,0.08579021969397929
13426,0.11523379018838771
21766,0.06704590718551227
59,0.07406436136008929
12266,0.257922004455399
23383,0.08535741093866461
12079,0.04846545953769287
24298,0.06228043154747094
30840,0.04252411505392403
31801,0.12673859817701894
27818,0.10887034871917002
25888,0.24847802337362676
26441,0.15277654468822108
13619,0.05263081531291771
629,0.04339058124013865
28387,0.0870700426839101
3798,0.1320874124416892
12120,0.09236622753795376
21396,0.09208640490888208
10500,0.13098160102412018
5419,0.16833613680122383
25471,0.06437019356428045
4295,0.1323387582896034
15693,0.11424131866901281
588,0.1284118824736439
383,0.0759403793804169
14190,0.4676451846851024
14879,0.17605011704744472
6509,0.2184682483994311
16020,0.14981568290075023
31215,0.12489428720668777
23432,0.14683134384471963
8556,0.07629653767231452
2808,0.0610513046831866
30530,0.47582630447978075
11408,0.10949640522177072
23745,0.06856710678704035
14805,0.11650789764866794
14836,0.04223528575366722
11308,0.12809841789134155
14612,0.26110783527720366
33346,0.06506507870182232
14506,0.20836019898566696
32641,0.3538012038027584
