Item_Identifier,Outlet_Identifier,Item_Outlet_Sales
FDW58,OUT049,1787.1945838714878
FDW14,OUT017,1561.096682250705
NCN55,OUT010,1924.4653000727153
FDQ58,OUT017,2654.1774890595134
FDY38,OUT027,5147.325061839761
FDH56,OUT046,1940.4227702555224
FDL48,OUT018,515.3735705874101
FDC48,OUT027,2731.6344309003025
FDN33,OUT045,1532.1552222032315
FDA36,OUT017,3165.8356537508034
FDT44,OUT017,2056.6634801927794
FDQ56,OUT045,1397.425597435289
NCC54,OUT019,1880.0476758457858
FDU11,OUT049,2109.380069390464
DRL59,OUT013,833.113684463523
FDM24,OUT049,2556.7264107755827
FDI57,OUT045,3213.5023173471754
DRC12,OUT018,2763.6719356427493
NCM42,OUT027,3137.5978376424946
FDA46,OUT010,1210.5869666988165
FDA31,OUT013,2881.628379744101
NCJ31,OUT035,3939.425753245021
FDG52,OUT046,763.6283750202005
NCL19,OUT019,320.207372931293
FDS10,OUT035,3038.1610026042554
FDX22,OUT010,1493.1692675757135
NCF19,OUT035,877.8458230779651
NCE06,OUT046,2565.258437818742
DRC27,OUT046,3785.2540001075736
FDE21,OUT035,2078.6974487738403
NCR42,OUT019,0.0
FDX51,OUT018,2886.0344896385554
NCR06,OUT018,359.4338490363452
FDU31,OUT027,4939.395145250015
FDU59,OUT017,2820.910551282439
FDR03,OUT027,4689.976063561043
FDS49,OUT027,2758.23609528726
FDD48,OUT010,0.0
NCF18,OUT017,3123.4524413115814
NCD43,OUT027,3023.4228388469364
NCD54,OUT018,1926.6546407892986
FDY19,OUT010,0.0
NCY54,OUT017,2884.3929727285176
NCL19,OUT018,2002.1231748291061
FDP23,OUT010,1627.5866064013314
FDC26,OUT013,1865.6387514061462
FDR14,OUT010,0.0
NCS41,OUT035,3070.8520615857447
FDF41,OUT035,4131.071396608555
FDU34,OUT046,1990.004669662182
DRH11,OUT046,963.75877710669
FDM03,OUT013,1743.5986820211474
FDS31,OUT017,3072.414968198295
FDJ20,OUT017,2099.7840848291125
FDV44,OUT027,4487.476165432857
FDG02,OUT049,3175.141370983911
FDA09,OUT013,2893.341907680505
FDT04,OUT013,601.6343441524534
FDL58,OUT019,2308.30126688981
FDE52,OUT045,1411.7712627216774
FDW12,OUT035,2517.642525266195
FDL51,OUT017,3534.7829045048684
NCY42,OUT027,3640.7936042300694
FDR07,OUT017,1689.0888056146546
FDN40,OUT045,2422.7200596088232
FDB35,OUT027,2896.4750209341887
FDA22,OUT017,2854.888682006745
NCL06,OUT046,4133.790015122346
FDI35,OUT013,2941.599231781627
NCW42,OUT045,3410.0126979030083
NCX06,OUT049,2885.955189098923
FDC37,OUT027,3133.083861085428
FDZ14,OUT018,1718.7836940988702
DRG49,OUT049,4016.4959613471488
NCG06,OUT045,3970.6331642912337
DRC36,OUT045,2713.3551133727715
FDV21,OUT019,111.17234048999217
FDB53,OUT046,2375.183085121879
DRP47,OUT019,2116.878366729851
FDA14,OUT013,2319.108768013567
DRC24,OUT035,2570.9521242201527
FDW21,OUT018,1392.2430596541928
NCH29,OUT046,1574.2133777944136
FDU58,OUT013,3068.5795271472666
FDY27,OUT017,3010.464273536533
FDV56,OUT035,1941.0381078578016
FDT59,OUT046,3706.9343410069196
FDB23,OUT046,3615.9314240712883
FDR49,OUT045,763.949447566981
FDB03,OUT010,1955.9760677560714
FDN39,OUT045,2591.9562564649573
FDX02,OUT027,4957.35893482837
FDQ16,OUT027,3089.6629373322976
FDU35,OUT018,1380.0639225153222
NCT29,OUT013,1938.6572283943703
FDZ27,OUT046,807.4347554429214
FDN57,OUT017,2367.251682312637
FDA03,OUT018,2035.2950535205084
FDZ36,OUT045,2964.2587848985313
NCU05,OUT013,1289.2051259491361
FDT39,OUT018,2203.5326482290257
FDK60,OUT017,1685.145587513829
FDZ25,OUT017,2872.431136195563
FDG12,OUT046,1999.4125352753445
DRB01,OUT019,1165.0295492281052
NCC43,OUT027,5379.166363038505
FDX13,OUT019,2131.4760538567134
FDM22,OUT049,947.9012843784093
FDJ03,OUT027,2197.4414310142224
FDU14,OUT018,3699.5497584752097
FDB33,OUT010,665.6335330718225
FDP27,OUT046,3100.1627111457174
FDO38,OUT010,0.0
FDE28,OUT027,5123.666866921754
FDO27,OUT035,1755.7562863871794
DRL23,OUT027,3097.8149254458613
FDS28,OUT046,922.2935939774285
FDX24,OUT013,1524.022382559113
FDZ02,OUT035,1745.6387271943922
FDL46,OUT045,1798.744078931093
FDS60,OUT027,4231.504409284746
NCO06,OUT017,582.8513037483647
FDO16,OUT035,1555.124322221775
FDC60,OUT049,1536.0329690424812
FDA48,OUT018,3264.2616998725903
FDZ36,OUT027,4428.218452884591
FDK27,OUT045,1914.6912562637176
FDW23,OUT018,403.25643709689155
FDM14,OUT018,1534.2097039981788
FDM14,OUT013,1782.2967513181804
FDW60,OUT018,2620.065281120654
FDE21,OUT013,1917.8940189981895
NCM42,OUT035,1897.1159171447846
FDY59,OUT010,0.0
DRI49,OUT049,1373.6315575271155
FDT28,OUT019,500.582531117312
FDQ22,OUT018,362.3330657650595
FDR60,OUT049,1319.5361837083624
FDC50,OUT019,0.0
FDV24,OUT013,2484.0793321403153
DRF48,OUT010,1135.4088251331734
FDQ47,OUT046,649.6237740850257
DRN36,OUT049,1621.6928769054794
NCY06,OUT035,2158.3984493153334
FDE52,OUT035,1619.3020675232524
NCB54,OUT045,1976.081456812452
NCF31,OUT035,2571.506773414198
FDJ08,OUT027,4492.154166067638
NCC07,OUT017,1743.990640450036
NCD19,OUT027,2231.630326187627
FDL46,OUT049,1966.8006273047372
FDM20,OUT045,3943.157261517385
NCI06,OUT010,939.8475569158455
DRM11,OUT035,4348.999159020909
NCH07,OUT018,2208.0237078533064
FDS23,OUT013,2147.3884838933577
FDO49,OUT018,559.3003216469948
FDS35,OUT049,1177.995204499402
DRK39,OUT045,1180.190539636402
DRI39,OUT049,897.0696205058873
FDV04,OUT017,2683.0396104886936
NCN14,OUT035,3023.7151865905853
FDH08,OUT013,3772.118137761553
FDS20,OUT046,2995.312985985473
FDV40,OUT049,1267.899760545052
FDZ48,OUT010,0.0
FDS24,OUT027,2777.8194346414653
FDK44,OUT049,2902.597127093778
FDS48,OUT045,2355.7038114095035
FDK26,OUT010,1173.039844773177
FDD23,OUT045,3023.1308518913083
NCH54,OUT017,2658.5667876439024
NCP14,OUT010,0.0
FDM60,OUT010,0.0
FDV24,OUT017,2602.0782331676264
FDH08,OUT018,3457.0701737679324
FDS12,OUT027,3477.6952952352926
FDR39,OUT027,4278.069203056934
FDP12,OUT027,2018.5553327886473
DRF60,OUT027,5177.718721712368
FDC09,OUT035,1845.007848240206
FDF50,OUT018,2990.8148514032264
FDG28,OUT035,4076.3524334933936
NCE19,OUT017,991.6593830642487
NCM53,OUT010,0.0
NCN18,OUT049,1829.1403557787226
FDF32,OUT035,3378.630627902252
FDF11,OUT013,3887.888728563542
DRI59,OUT049,3708.995672296326
NCG54,OUT035,2826.7787544406406
FDM44,OUT046,1675.2074317493148
FDT57,OUT018,3504.9743541119406
FDV24,OUT046,2470.123435714824
FDI50,OUT019,1796.2368455003082
FDS09,OUT035,1025.360362787163
NCC31,OUT027,3843.9435302039483
FDQ07,OUT019,1623.938764115609
FDC22,OUT017,3246.0951451432493
FDZ56,OUT046,2739.6928873543725
FDZ40,OUT019,0.0
FDS46,OUT027,3287.964172851034
DRD24,OUT045,2181.2801269746783
FDV45,OUT017,3151.6392350145807
FDL26,OUT045,2463.0248089195898
FDA56,OUT018,1762.2721460660855
FDN27,OUT046,1879.8097691656617
FDM20,OUT049,4060.195322962467
FDO16,OUT017,1493.177185338523
FDL03,OUT035,3285.6447352591954
FDE58,OUT046,1862.4888506618859
FDI02,OUT027,3233.3292166304072
NCC55,OUT019,0.0
FDR03,OUT018,3027.847145267773
FDB14,OUT017,1628.8348129969731
FDR45,OUT013,3880.40490892884
NCN07,OUT017,2154.826482051578
FDM51,OUT019,0.0
FDT52,OUT027,5325.910230048529
FDL26,OUT046,2492.604731132402
NCZ42,OUT046,3776.5447864796997
DRI47,OUT019,414.99271294448187
FDW40,OUT013,2256.769224346941
FDN34,OUT046,2709.0980829853997
FDS01,OUT035,3070.881914010049
NCG55,OUT045,1738.5249153248092
FDC11,OUT035,1574.0593424659223
FDX35,OUT018,3410.8169796492857
NCB06,OUT046,2519.481546068612
FDR09,OUT019,2227.089242838607
FDC53,OUT017,1702.089705597588
FDY45,OUT013,4075.0957006225826
FDA22,OUT010,866.6703594035923
FDE02,OUT035,1762.5551220465516
FDW21,OUT045,1615.92263089962
FDV34,OUT046,1208.6188258039197
FDS59,OUT049,1848.742126655959
NCW17,OUT017,2128.600919211435
NCK54,OUT046,1828.2130525297862
FDG17,OUT019,2014.1519722568687
FDG35,OUT017,2900.382583875666
FDD08,OUT010,0.0
NCO07,OUT017,3494.9339670619943
FDJ10,OUT010,433.4823097600747
FDW36,OUT017,1820.450394151799
FDW21,OUT010,0.0
FDY19,OUT017,2034.969601356032
DRE03,OUT013,609.5327292975493
NCC55,OUT049,658.8141444234034
FDH52,OUT010,0.0
FDO09,OUT017,4373.6797012613515
FDU43,OUT045,3789.0926940939084
FDX09,OUT010,934.122331336886
FDH40,OUT019,0.0
FDW58,OUT017,1780.6650416652296
FDC47,OUT017,3769.4480614548866
NCR41,OUT035,1628.6362621363228
DRG49,OUT035,4089.4498918387058
FDC52,OUT027,3850.7668630471244
FDY13,OUT046,1250.0943316905073
FDY35,OUT013,717.77821207964
FDI35,OUT017,3075.533636311557
NCU18,OUT049,2283.034100266795
FDY33,OUT018,2271.203820443709
FDC15,OUT027,3903.1087204155338
FDU01,OUT049,3075.9403681807694
NCU42,OUT046,2678.096292228661
NCV29,OUT018,2548.7676102216383
NCY30,OUT017,2965.23760587583
FDQ46,OUT049,1923.5787131869579
FDG58,OUT027,3887.8857660332505
FDK33,OUT017,3529.734942550699
NCD07,OUT045,1765.5195681916066
NCX29,OUT027,3702.0562050346743
NCT42,OUT013,2360.0442593230687
DRN59,OUT035,904.246605936695
FDI44,OUT035,1465.5609394445569
FDA45,OUT049,2909.5167312630983
FDP31,OUT045,1012.3700049534207
FDY01,OUT046,1901.817631439825
FDT09,OUT018,1856.628269119048
DRH03,OUT027,2777.515399409464
FDA36,OUT018,2758.308827973751
NCF31,OUT017,2551.0159665522924
FDG14,OUT049,2572.0424063086793
FDG28,OUT027,5337.558613778152
FDU14,OUT049,4062.5891984328778
FDY47,OUT019,232.07557290440047
FDI56,OUT049,1609.7867383631863
DRD01,OUT013,906.8035573100241
FDM22,OUT046,893.9274744875896
FDH33,OUT013,704.3557094242773
DRZ24,OUT013,1918.1909248943566
NCQ38,OUT046,1639.4206174093517
FDO16,OUT027,2781.2585632456025
FDU07,OUT027,3844.7266408755695
NCB07,OUT013,3030.6560810353776
FDU48,OUT045,2045.5828489671908
NCM43,OUT045,2550.1626490425233
FDR31,OUT010,490.0892795666046
DRK49,OUT018,373.0198593687371
NCI30,OUT010,1920.3393871148685
DRD60,OUT017,3002.4778714821186
NCG19,OUT046,3673.652556517292
FDH12,OUT035,1877.3671139569851
FDM32,OUT035,1643.7560204502215
FDM27,OUT035,2692.5876328926015
NCU53,OUT027,4064.496835709534
NCQ18,OUT046,1524.5531489122404
FDS10,OUT013,2853.442670608584
FDB33,OUT027,3941.2287409280802
FDI12,OUT013,1414.2845449695506
NCW42,OUT013,3464.7100138661544
NCC06,OUT018,1702.020515973736
FDW02,OUT017,2193.1582504143253
NCD43,OUT017,1768.8222963906383
FDM57,OUT018,1080.7534565230844
FDA58,OUT017,3950.580976584397
FDK56,OUT046,3026.9911109456425
FDP52,OUT045,3609.9564281698326
FDW20,OUT018,1719.7928752952382
FDS52,OUT049,1708.5139389139802
NCT29,OUT018,1623.613628879153
NCL54,OUT013,2778.2418541140305
FDC05,OUT045,3113.5433502087153
FDF34,OUT035,3343.50642048837
FDP03,OUT027,3457.6901159848053
FDD32,OUT010,0.0
FDZ10,OUT045,1979.3313576545013
FDZ40,OUT035,1052.1590652563377
FDD51,OUT018,449.8382559389206
NCY30,OUT019,866.3747342125605
FDP58,OUT017,3640.625183270161
FDV49,OUT017,4416.156534118705
FDY24,OUT019,0.0
NCO55,OUT017,1820.3284593495614
FDR13,OUT017,2062.354480566712
FDS51,OUT017,1152.0833735516474
FDP26,OUT045,1659.3375109255885
NCB54,OUT027,3465.5436398443862
FDF32,OUT017,3313.5007588029116
FDN31,OUT018,2806.0920466128314
DRM48,OUT017,693.4123557628374
FDN20,OUT049,2802.111692386265
DRL01,OUT046,3683.474242396459
FDV56,OUT049,1833.007417545321
DRH13,OUT027,3135.9564822902685
FDA03,OUT017,2439.6344462069246
FDF47,OUT027,4982.7259414011505
FDX32,OUT046,2382.247039599706
FDX57,OUT049,1624.3892241977692
NCA30,OUT045,2912.201805777868
FDO49,OUT013,840.8661719187894
FDL04,OUT019,0.0
DRM48,OUT035,745.7826976943866
FDR16,OUT013,3431.6962783658755
NCC19,OUT018,2786.5630501565156
NCE42,OUT045,3615.433177089481
FDY24,OUT017,1069.9016100236581
FDH19,OUT049,2883.282429502592
FDJ46,OUT013,2802.77752622708
FDN45,OUT010,1674.4559516355762
FDY08,OUT035,2472.1450437608814
FDZ37,OUT035,1625.6315827492317
NCT30,OUT045,677.3948759037813
DRY23,OUT018,410.8774203341549
NCZ30,OUT018,1653.5886430298042
FDC44,OUT018,1579.0150832790434
FDB45,OUT035,1848.4478285000866
FDY04,OUT013,2588.4837192399254
FDM27,OUT046,2573.6313864423264
FDZ43,OUT017,4043.2361720332833
FDT39,OUT019,555.0148318768996
NCC06,OUT019,29.831587657441332
FDL15,OUT027,3858.4103109510143
FDL57,OUT017,4250.411846877554
FDU08,OUT046,1643.1585684460251
FDK40,OUT017,4375.495626765815
FDQ12,OUT010,1774.1727432387459
FDS48,OUT017,2550.9775076859887
FDP09,OUT045,3318.2455309396046
FDW21,OUT049,1723.395086628969
FDY25,OUT035,3112.7026187941974
DRE13,OUT017,1524.4731418202841
FDV43,OUT019,0.0
FDD22,OUT045,1768.518560792283
FDM46,OUT019,0.0
NCO30,OUT010,969.5407066169862
FDM25,OUT046,2820.979446688376
NCN41,OUT049,2006.4061610986503
FDU24,OUT045,1488.6188981931164
FDZ50,OUT046,2946.625830442463
FDP45,OUT013,4024.1718254606085
NCM54,OUT045,1890.147091185442
FDW10,OUT019,863.9813440958026
FDP20,OUT017,2191.6790350561587
FDK32,OUT046,2448.7074142818356
FDN52,OUT049,1506.2109795944211
FDM58,OUT045,1722.0083156541127
FDZ46,OUT027,3218.4322980961174
NCA18,OUT018,1563.9226592061761
FDD35,OUT046,1998.8189527483885
NCK31,OUT035,941.5085252926478
FDI40,OUT027,3016.5270901801077
FDT50,OUT019,0.0
NCT06,OUT046,2562.074013664222
FDT31,OUT035,3181.1455430019187
FDT45,OUT049,939.4600060616023
FDT13,OUT045,2977.1185927398437
FDO50,OUT045,1438.4735213977967
NCU18,OUT010,289.519991690232
NCR54,OUT049,3132.987572303341
NCO18,OUT018,2522.527632682908
FDU09,OUT045,895.1337691515304
FDT13,OUT018,2763.005413875136
FDE09,OUT046,1866.1942836994958
NCK53,OUT019,0.0
FDG45,OUT049,3563.1605109304264
DRH15,OUT035,792.0817391467435
FDO21,OUT019,1686.3739678212912
FDD14,OUT027,4357.419019475096
FDC09,OUT046,1681.407477839673
FDH45,OUT027,2136.330929258208
FDV32,OUT046,1120.3489254438316
FDG12,OUT035,2115.183473308916
FDS32,OUT013,2271.708099045255
NCL55,OUT018,3714.7076342006694
DRE01,OUT035,4060.8239031845474
DRE15,OUT049,1196.071505803941
NCL42,OUT045,3810.880288340056
FDP31,OUT013,1043.1469522163143
FDN33,OUT018,1276.5938818487937
FDZ59,OUT046,2682.7135964159775
FDE45,OUT010,1001.9583617287035
FDJ07,OUT013,1955.3191964364619
FDQ45,OUT018,2708.0004691633767
FDM33,OUT027,4905.815664490381
FDO15,OUT010,0.0
FDM46,OUT013,1533.924222822369
FDR03,OUT045,3246.743658018277
FDY49,OUT018,2414.69621764937
FDQ60,OUT045,1897.467910359728
FDW10,OUT049,2874.6667340578992
FDO51,OUT049,859.8325448690485
FDJ40,OUT018,1462.9338653086656
FDS20,OUT018,2708.573960008798
FDU45,OUT013,1808.3353408518647
FDV02,OUT035,2861.360482995738
FDN09,OUT046,3881.0904385809795
NCM55,OUT027,4342.279182101768
FDN23,OUT018,2099.5418900344052
FDY31,OUT010,503.9715985472002
FDW03,OUT010,0.0
FDD14,OUT046,2945.378209652357
FDV23,OUT017,2180.406310006766
DRI03,OUT045,2670.164846409658
FDN13,OUT035,1760.110513129441
FDF45,OUT027,2382.3125876212566
FDU46,OUT035,1595.0020947018713
FDB57,OUT049,3647.7225985490936
FDV12,OUT049,1674.5999686168557
FDQ58,OUT013,2466.039526811383
NCA18,OUT017,1949.1305703112564
FDH52,OUT049,1083.5054548400515
FDM24,OUT018,2176.1540844217293
NCP43,OUT027,4242.747656699999
NCO18,OUT019,851.8997866456746
FDM32,OUT017,1602.5356144963503
NCL07,OUT017,709.9435479040699
FDK03,OUT013,4059.5651688826833
FDP59,OUT017,1756.5682791007325
FDQ24,OUT049,4087.793121812386
FDQ16,OUT018,1445.0771119355181
FDU44,OUT013,2626.5992005996204
FDH28,OUT010,0.0
FDV28,OUT019,0.0
FDM22,OUT045,824.4859851887747
FDR56,OUT046,3171.01933130147
FDV39,OUT049,3263.6747762900304
FDU37,OUT019,0.0
FDQ11,OUT010,2259.094904814847
FDX02,OUT045,3510.9442232488027
NCS42,OUT018,1180.509080882602
FDY57,OUT027,2935.973549848815
FDB21,OUT049,4025.0145365222725
FDE28,OUT017,3819.6658193437324
FDQ55,OUT017,1988.947245745384
FDA48,OUT049,3659.181171118044
FDZ19,OUT045,2816.647138469562
NCC43,OUT045,3955.076764388534
NCV18,OUT046,1293.8624672976102
NCA42,OUT018,2247.2481616880896
FDY45,OUT046,4088.241552134276
NCC30,OUT045,2734.866426662326
FDM57,OUT013,1397.390275364923
FDL09,OUT010,751.575643791744
FDB09,OUT027,3429.4395538867598
FDT44,OUT035,2097.8747084837746
NCT06,OUT027,3953.4008014747124
FDX26,OUT049,2998.1177729858155
FDK32,OUT013,2484.9846071958855
DRA12,OUT046,2282.8748179755976
FDO46,OUT010,1134.3710131139737
FDE52,OUT013,1413.8576819263399
NCH42,OUT045,3602.621653856977
FDV08,OUT035,918.1937080824466
FDB47,OUT018,3130.371335598546
FDC28,OUT010,0.0
FDD22,OUT046,1853.8985488458543
FDS07,OUT027,3297.4161869585614
DRI13,OUT045,3390.6179109358827
FDG32,OUT018,3305.6334348136006
FDU14,OUT017,4111.862870842781
FDD28,OUT019,0.0
NCP41,OUT017,1843.1366042840955
FDS08,OUT049,2966.180478884301
FDX47,OUT045,2524.791986120432
FDC53,OUT019,0.0
FDQ19,OUT035,4092.299807496361
FDL14,OUT045,2497.2542289031835
FDM33,OUT019,1623.3937707397204
FDA51,OUT045,1794.3489689171954
FDZ27,OUT018,541.4189979795616
FDT04,OUT046,643.4795959205546
DRC13,OUT049,2092.817753839286
FDR16,OUT027,4864.862168837919
FDQ03,OUT027,5191.04532560988
FDE38,OUT035,2928.01246007511
DRH23,OUT027,2321.5563178270377
FDT11,OUT019,1147.296156492092
FDD09,OUT035,3081.959878893562
FDR40,OUT045,1277.3551722471514
FDX07,OUT017,3080.81739583436
FDR07,OUT035,1725.5198956212344
FDA51,OUT017,1994.1503757924042
FDT59,OUT019,1786.1094183331334
FDF20,OUT017,3297.3748751375892
FDR13,OUT045,1849.8079407948662
FDY26,OUT049,3411.337288926887
FDW04,OUT017,2225.9178733949957
FDK52,OUT017,3727.7482523421345
FDN60,OUT049,2600.3276928131045
FDM09,OUT019,843.6015816573845
FDP46,OUT049,1496.9084411803547
FDB50,OUT019,0.0
NCQ29,OUT049,4199.917436168415
FDP16,OUT027,5288.71412845295
FDX33,OUT018,2340.0391379271714
FDP07,OUT010,1244.7208378040486
FDN22,OUT046,4001.320034343931
FDF39,OUT049,4260.38063490626
FDS21,OUT017,1088.0158310566433
NCM42,OUT013,1702.8317684210797
FDK50,OUT019,772.5752658772833
DRF13,OUT027,3743.6994571079604
FDH35,OUT018,2366.3736912425975
FDP60,OUT018,1312.4204263920597
DRJ49,OUT027,3502.02799247101
NCT42,OUT019,439.7394955065703
FDE38,OUT049,2845.4918693780633
FDI04,OUT049,3252.304350566007
NCH54,OUT045,2417.3195062048135
FDT56,OUT049,1064.8406428310493
DRD15,OUT018,3330.8683470045908
FDV58,OUT013,3081.4292617147357
FDP21,OUT049,3117.2041383966653
FDH05,OUT013,3715.4188740166815
FDR10,OUT027,3975.63648040448
NCP06,OUT045,2245.9213304083
FDF33,OUT049,1936.547389532831
DRK37,OUT013,3044.703208602398
DRH49,OUT045,1253.4532277085725
FDT58,OUT013,2719.603215165653
FDD41,OUT018,1426.6699949928297
FDP40,OUT018,1532.7320001900862
FDM51,OUT027,3060.765749497114
FDO45,OUT010,0.0
FDW33,OUT010,0.0
FDY24,OUT045,873.2858337343574
FDB10,OUT010,1925.9899591760666
FDM40,OUT035,2444.5409219569674
NCI06,OUT017,2977.9574621019356
FDW12,OUT019,417.55544758657095
FDX48,OUT027,3866.039684960636
NCW05,OUT027,3057.047478746545
FDX27,OUT017,1625.3668127852911
DRM37,OUT045,3094.3479025651127
FDA38,OUT045,3850.2643870136653
FDR36,OUT046,692.8431727809781
FDZ45,OUT046,3188.8303381945043
FDG05,OUT017,2672.9158913491888
FDK28,OUT013,4168.951252387491
FDV47,OUT045,1328.2074501453264
FDN21,OUT045,2502.673726442942
FDP20,OUT027,3449.4622785684023
FDI35,OUT045,2891.683929905432
DRY23,OUT013,711.5679626301995
FDA56,OUT017,2161.8274812462187
FDB09,OUT013,2009.024558136384
NCO26,OUT027,3255.0931674876892
FDQ49,OUT018,2224.768089963277
FDI52,OUT027,3328.8756070206728
FDZ44,OUT027,3352.5944519116583
FDZ09,OUT018,2349.3070649353895
FDY03,OUT049,1898.7287424321312
NCG42,OUT017,2126.3182462453697
DRI13,OUT027,4860.952184539617
FDQ32,OUT013,2039.6382120522514
FDW16,OUT035,1597.6777096649598
FDU27,OUT046,759.3114559198995
FDR28,OUT010,694.966569132576
FDQ49,OUT010,622.7758738933904
FDS37,OUT046,1935.2775958368502
FDW26,OUT018,3263.548086333402
FDX12,OUT018,3565.444147658305
NCP06,OUT013,2324.534446403828
FDW45,OUT010,413.3129200942275
NCN30,OUT049,1528.1788830536937
FDN24,OUT049,946.5443750273087
NCL41,OUT027,1910.3461323091851
FDR02,OUT019,0.0
FDD09,OUT010,1035.7764309758597
FDS33,OUT010,0.0
FDU22,OUT045,1881.9436542625967
FDI53,OUT013,2623.145969520757
DRH01,OUT049,2861.0406098923154
FDX32,OUT013,2330.836000891525
NCP30,OUT018,278.06793453332136
FDB60,OUT045,3109.697555115883
FDB14,OUT049,1593.9046785443354
NCP02,OUT035,1074.1187647999068
FDJ10,OUT017,2433.8815055044292
FDG34,OUT046,1793.3870614524023
NCB18,OUT017,1453.43987687574
FDM16,OUT049,1295.548123726668
FDW25,OUT018,1163.171280908015
FDB35,OUT010,0.0
DRN11,OUT013,2334.5059334917787
FDF41,OUT019,2054.6732671524805
FDH16,OUT045,1370.3999562909996
NCQ50,OUT018,3040.852688504791
DRH23,OUT018,649.888955591201
DRJ37,OUT013,2434.925753785654
DRJ24,OUT027,4350.199129190496
FDY16,OUT035,3067.536470803214
FDQ27,OUT045,1697.6323619639027
FDZ33,OUT045,2355.249519042535
FDF29,OUT045,2034.7221812777307
FDA08,OUT049,2746.038283141002
FDG31,OUT046,1078.2654628402756
FDE34,OUT019,1051.5879679008788
NCR30,OUT027,2493.4454151761342
FDV33,OUT035,4319.929178510463
DRZ24,OUT018,1668.509323030811
NCL54,OUT035,2888.0278789518466
FDR12,OUT049,2862.16013114701
NCC54,OUT046,3818.8338297439805
DRN59,OUT013,745.037889754728
FDX50,OUT019,0.0
FDV31,OUT027,4317.654165819338
NCA29,OUT027,4122.079122161355
FDW60,OUT049,2960.7826761936267
FDX08,OUT017,3095.5700458642877
DRD49,OUT013,3789.535994862785
FDD33,OUT046,3745.392587848858
FDW35,OUT013,724.0246834238042
FDJ36,OUT017,1787.0890060898635
FDV51,OUT035,2834.2624401595804
FDW36,OUT046,1728.3585124665346
FDH35,OUT046,2661.083805840808
NCS30,OUT027,3478.9237982966106
FDN49,OUT017,759.1703548247198
FDL08,OUT018,3715.6952033019807
FDI09,OUT013,3926.959776959484
FDP19,OUT018,1856.4051416002023
FDU21,OUT010,0.0
NCP41,OUT045,1628.9966127900366
FDY10,OUT013,1801.2497339982497
FDP12,OUT018,342.0837707103572
NCN26,OUT049,1899.2794949281274
FDK44,OUT013,2825.904808377838
FDC28,OUT049,1853.4627442538283
FDJ41,OUT027,5632.12894286718
NCT29,OUT035,2120.1872812490938
NCH42,OUT019,1711.6732315843776
FDU60,OUT018,2377.206653210632
FDS02,OUT045,3057.5775728286026
FDC51,OUT046,1987.2591935226933
FDU03,OUT013,2923.4392197146303
FDX39,OUT045,3351.1417134793955
NCY05,OUT010,0.0
NCL06,OUT027,5491.633073953017
FDD32,OUT035,1472.3024028907662
NCN41,OUT045,1868.6421030744364
NCX53,OUT049,2287.4334389338865
FDU57,OUT019,523.1668120625235
FDQ23,OUT046,1725.2067293939563
FDQ52,OUT045,3903.8420904394143
FDC14,OUT045,636.0363484146781
FDY09,OUT035,2993.348495046828
FDQ28,OUT045,2441.7135978223937
FDV25,OUT046,3616.658600946965
FDJ07,OUT035,2079.453235105078
DRB25,OUT049,1775.5445168057076
FDK52,OUT019,1658.3395846264084
FDY52,OUT027,2443.9358007628493
FDB28,OUT046,3202.292552343236
FDT36,OUT035,765.2543104367014
FDV25,OUT017,3764.550355013283
NCN07,OUT027,3430.1495564601914
FDC57,OUT017,3232.966024736348
FDQ03,OUT018,3525.7395458431183
FDU23,OUT017,2833.3187134666414
NCX41,OUT035,3507.609416808594
NCD06,OUT035,864.7620438412584
FDW08,OUT045,1710.9103863510509
NCU29,OUT017,2454.0762297700194
NCE06,OUT013,2563.2713530503947
FDV52,OUT010,0.0
FDB02,OUT017,3019.7572831079615
NCR18,OUT045,571.4297831657101
FDK16,OUT049,1614.2051011483932
NCQ29,OUT010,2214.9948700766877
FDZ01,OUT019,0.0
FDW27,OUT035,2739.7866374359573
FDD17,OUT018,3551.3237706447053
FDW39,OUT013,2886.8368939554753
DRH59,OUT045,1134.2082952423793
FDS52,OUT013,1650.9587330176755
FDU40,OUT027,4478.173349804327
NCF54,OUT013,2703.3598780572806
FDH46,OUT045,1640.4771680310791
NCP14,OUT049,1715.2001779671095
FDH50,OUT049,3081.975987887554
DRF15,OUT010,407.3351371993449
FDV27,OUT027,2853.50995209924
NCJ06,OUT049,1918.5280939669813
FDN02,OUT018,3041.8820190448487
FDQ51,OUT049,835.0423131021798
FDQ07,OUT017,3728.3061118028204
FDS45,OUT049,1822.3424343970255
NCJ06,OUT045,1798.301362516494
FDD36,OUT035,2051.9352757272045
FDY25,OUT045,2919.520838021941
FDU52,OUT046,2503.4751724523408
DRK47,OUT017,3794.749399262047
NCL30,OUT017,2108.0857430555334
FDN22,OUT035,4176.080218792627
NCF30,OUT027,3348.9541423120027
FDK03,OUT035,4266.604410981132
FDT45,OUT017,1019.0274614809164
NCC54,OUT027,5181.457472306185
FDP08,OUT018,2860.6706547814815
FDU44,OUT046,2663.660730914536
DRG39,OUT035,887.5961287630885
FDU32,OUT049,2103.8462739919896
FDY27,OUT049,2977.132932283659
NCP54,OUT013,1910.126864405448
NCZ41,OUT049,2049.76140885563
DRL49,OUT013,2288.8411771623105
FDI05,OUT018,974.7752137382952
FDY56,OUT045,3597.6897406505805
DRC13,OUT013,2017.723836296103
NCV29,OUT017,2983.3983399510043
FDR24,OUT049,1501.5116489712605
FDZ34,OUT018,2861.6855458582345
FDP37,OUT035,2207.994618447862
FDX08,OUT027,4340.603370015007
FDS57,OUT045,2214.5202148001677
NCG18,OUT049,1659.3630856853201
FDK25,OUT018,2467.409824153643
FDH53,OUT049,1340.8265945095645
DRI59,OUT018,3317.261280435756
FDA52,OUT046,2816.680599411475
FDT20,OUT010,0.0
FDE36,OUT019,736.6140188355059
FDI24,OUT017,2951.893218033842
FDB28,OUT018,2950.63156424889
FDV11,OUT017,3005.733919440619
FDP01,OUT046,2458.2854159977373
FDD34,OUT027,4026.6039087873046
FDJ50,OUT027,2308.2605889423153
FDZ44,OUT013,1975.224583360758
DRO59,OUT035,1396.6600701281477
DRB48,OUT045,549.5186157989697
FDR21,OUT018,2512.6752712970865
NCE42,OUT010,1755.915296300503
FDO23,OUT046,1502.27032262201
NCE30,OUT018,3053.727561023202
FDQ22,OUT035,769.627768954994
FDY01,OUT045,1851.515343290607
FDS08,OUT017,3058.502441257795
FDG28,OUT018,3683.4081690604758
FDQ51,OUT018,513.4567432488002
FDB05,OUT017,4153.07554452802
FDO56,OUT049,2011.7032826276072
FDE02,OUT018,1272.3575582884268
FDN45,OUT017,3682.971904889674
FDS09,OUT013,831.0755673427755
NCA54,OUT018,2556.459894634543
FDP09,OUT010,1481.3462283607128
FDC53,OUT045,1551.7228965480208
NCM55,OUT017,3071.745617405083
FDL09,OUT018,2414.6129497152183
FDA11,OUT019,0.0
FDA50,OUT045,1453.6118005328096
FDC23,OUT017,3010.5530115424244
FDE22,OUT049,2656.395993152242
FDD23,OUT046,3049.5230876919977
NCA29,OUT049,2803.8588927449123
FDK38,OUT046,2433.732697007601
DRC13,OUT046,1960.7202626088322
NCP43,OUT049,2894.235801737698
FDX28,OUT049,1712.488678641053
FDF08,OUT049,1565.9844803304068
FDZ33,OUT046,2423.0917227064956
FDD10,OUT049,2917.0109713926627
FDO58,OUT017,2711.5721692360576
FDI50,OUT017,3879.0871074946717
FDO58,OUT045,2580.335036137555
FDX08,OUT013,2947.289100911429
NCK17,OUT010,0.0
FDF39,OUT035,4347.685658517853
FDU45,OUT010,0.0
NCJ18,OUT018,1562.1359733549077
DRC27,OUT019,1895.324860773883
DRC25,OUT035,1555.5175394721157
FDU59,OUT035,2796.755525598599
FDU28,OUT035,3162.091989346409
NCP30,OUT046,571.1858657129293
FDB39,OUT018,627.0324257252007
FDE41,OUT013,1407.4968139360512
DRH11,OUT010,0.0
FDA58,OUT045,3753.97241654604
FDU50,OUT046,1890.5549328128213
FDM34,OUT013,2066.359964961822
FDM44,OUT027,3084.0724140054726
FDR39,OUT045,2876.2988634604617
FDM25,OUT045,2797.7763075488338
FDQ49,OUT049,2579.8332713312975
DRH25,OUT018,528.7503711763857
FDM09,OUT027,4159.529882321172
FDL44,OUT019,683.2907231430511
NCR42,OUT018,217.22442361352785
DRL59,OUT046,839.8826053343671
FDX43,OUT013,2783.8178133561787
DRK47,OUT010,1756.8476448650383
FDU48,OUT018,1818.7165697190949
FDY12,OUT045,786.217625200371
NCN43,OUT018,1662.8139937358592
NCM55,OUT018,2627.547663042818
FDQ21,OUT027,3345.697054475655
FDX13,OUT035,4248.925833310507
NCK30,OUT027,5385.364955051984
FDG20,OUT049,2924.561676414826
DRG27,OUT017,677.9734321592299
FDY14,OUT018,3969.3647423350717
FDP59,OUT035,1797.7846900192499
FDU60,OUT017,2813.4258852497833
NCC18,OUT019,759.8982166639546
DRJ39,OUT017,3459.9792878642106
FDS07,OUT049,1952.1014087225635
FDM08,OUT027,5017.792480292825
FDP51,OUT045,1897.7208423657166
FDU16,OUT035,1445.187269615189
FDH12,OUT013,1742.0719931843516
DRE48,OUT010,1240.8585067841714
NCL42,OUT027,5220.627898444702
FDR21,OUT045,2769.8331186305923
NCW29,OUT035,2238.30980689582
FDO11,OUT013,4059.3523263230304
NCM31,OUT049,2348.3511491386334
FDV35,OUT019,567.5304976913845
FDF58,OUT017,1135.360188855247
NCE43,OUT049,2738.475353039946
FDA02,OUT035,2467.4446385807723
DRL37,OUT010,0.0
FDR24,OUT018,1181.522570545464
FDW59,OUT049,1435.633168220772
FDS22,OUT049,802.2385908703716
FDW24,OUT017,975.1486325995685
FDU24,OUT035,1728.0313795761808
FDA21,OUT027,4393.430845631223
FDH58,OUT027,3290.0378311108766
FDW36,OUT018,1412.9220218787093
FDI45,OUT027,4214.710028100721
FDU01,OUT018,2708.1187682456916
FDF35,OUT027,3184.6324471465787
FDU43,OUT019,1895.2625638791756
FDE24,OUT019,398.60080920225903
FDK50,OUT049,2763.141015455034
FDG31,OUT045,991.2865677809475
FDC60,OUT045,1446.098976993876
FDL36,OUT013,1455.441280122491
FDP21,OUT013,3078.779812338346
FDW16,OUT045,1374.2042263708076
FDX02,OUT017,3713.926821828334
FDQ58,OUT027,3908.77817519552
FDT51,OUT046,1806.8047917362042
FDD59,OUT049,1407.3685780655749
NCM42,OUT018,1454.746128891595
FDA57,OUT018,364.2452713892177
FDZ48,OUT035,1948.5170117708221
FDE46,OUT045,2372.5747774285055
NCZ30,OUT019,0.0
FDB56,OUT017,3209.8907676225153
FDA25,OUT027,3105.3531705940345
FDD20,OUT013,2050.699676030849
FDL25,OUT013,1549.526024679099
NCO18,OUT049,2860.0560298161686
FDJ45,OUT017,794.2457126543745
FDR12,OUT035,2903.2289191914797
NCF19,OUT010,0.0
FDK25,OUT046,2703.1227184654854
NCR17,OUT046,1818.476297839
FDC52,OUT046,2445.088412981815
NCA54,OUT017,2959.204704361651
FDR45,OUT010,1950.4797482336708
NCM19,OUT049,1870.2319251432148
FDF39,OUT027,5605.705845291555
FDX23,OUT049,1675.8739932878827
FDD58,OUT027,3039.062763547048
FDX28,OUT013,1648.5507601724762
NCD31,OUT013,2555.4105915764003
FDU57,OUT018,2178.5220690802325
FDI27,OUT046,763.2900757348713
NCM42,OUT046,1712.789435472922
FDD32,OUT027,2727.1311177808698
FDI34,OUT013,3691.617038540974
NCM29,OUT049,2144.6476046215607
FDG46,OUT018,1571.091435747412
DRC01,OUT010,0.0
FDB15,OUT027,5623.94639493693
NCA17,OUT027,3741.2271456525623
FDF10,OUT046,2377.3637073092113
FDR26,OUT027,4225.143056065009
FDI02,OUT049,1915.1196294988852
NCM54,OUT010,67.8149151553464
FDF14,OUT013,2497.870672053732
FDJ33,OUT010,78.21418476539145
FDM20,OUT035,4152.282011324353
FDC03,OUT027,4558.4959453336505
NCX05,OUT046,1834.348136750818
NCM41,OUT027,2831.595465135512
NCU29,OUT010,466.7012661352179
FDQ59,OUT017,1512.4291758461213
FDH46,OUT010,0.0
FDH09,OUT013,948.3835983047388
NCD06,OUT045,647.6682722546037
FDC15,OUT035,2637.1310026368265
DRD37,OUT027,2131.2557317000324
FDT28,OUT027,3784.946613562053
FDR28,OUT027,4008.679019729947
FDT38,OUT017,1492.582703860728
FDV34,OUT027,2633.428787314751
FDY52,OUT035,1198.669042421191
FDB34,OUT013,1386.9095630050945
DRL23,OUT018,1400.6121534391132
DRB24,OUT046,2477.501802573024
FDJ50,OUT046,936.064019936426
FDQ49,OUT035,2628.8733871013787
FDP20,OUT035,2170.718293101545
FDV19,OUT027,3983.7095715234655
NCR54,OUT045,3017.544295605703
FDO09,OUT010,2287.133547794354
FDS57,OUT018,2021.136463122534
FDN10,OUT049,1986.382203226274
FDV23,OUT049,2129.53276410255
FDY28,OUT049,3534.653507652316
DRG51,OUT013,2486.278742735891
FDD45,OUT019,0.0
NCL18,OUT027,4405.143315227894
NCM29,OUT013,2075.931627536581
FDF17,OUT027,4573.4230899488675
FDE22,OUT017,2743.9328641316033
FDQ22,OUT017,733.1913310673114
FDS01,OUT013,2932.398983309152
FDW35,OUT027,2117.339832615624
FDJ33,OUT046,2026.9004202825456
NCF54,OUT035,2832.2772710611325
FDE09,OUT013,1833.9162878197285
NCE06,OUT045,2511.764470451856
DRH49,OUT049,1333.822761144484
FDY43,OUT045,2710.5182857237905
NCT05,OUT017,4185.190911801195
FDZ34,OUT045,3088.5510251196683
FDL38,OUT017,1578.129949438891
FDZ31,OUT017,3209.475952495097
FDR14,OUT035,1079.7472107839344
NCN54,OUT049,1256.2543430553756
NCC42,OUT027,3600.895207529748
FDK08,OUT017,1799.926094685457
FDP59,OUT013,1686.4046705675673
FDV22,OUT035,2680.4521886911825
FDD33,OUT035,3956.822167483042
DRE60,OUT027,5041.935026680027
FDK52,OUT046,3598.9846815130604
FDA02,OUT017,2474.054752702047
FDM56,OUT049,1865.0759971831876
FDE57,OUT035,2491.377222262963
FDM32,OUT045,1380.4237350611297
NCQ30,OUT027,3318.576990996323
FDQ27,OUT027,3144.052675165341
FDT60,OUT027,3416.7449180205545
FDU43,OUT049,3939.6112339917217
NCO55,OUT035,1845.5978507196169
FDG02,OUT045,3070.857596656766
FDJ28,OUT013,3053.4172730582554
FDP40,OUT045,1775.542266256572
FDJ38,OUT045,3063.4524050209434
NCC54,OUT017,3947.5993940408653
NCZ41,OUT046,1951.1436230967033
FDK38,OUT019,538.1883016953341
FDU52,OUT013,2511.054428093023
FDC40,OUT046,1217.09128793098
NCR30,OUT017,1235.6672387225374
NCN18,OUT017,1889.58497359303
FDB50,OUT035,1474.2356672119581
FDG04,OUT013,3007.2484078755633
FDR26,OUT035,2967.1249379436845
NCT17,OUT018,2725.558932286438
FDX35,OUT027,5092.065605315782
FDS12,OUT046,2075.2207840460255
NCZ29,OUT027,3380.622488390843
FDB38,OUT010,695.7144162854459
FDP12,OUT013,634.8086966587875
FDP22,OUT046,840.7921399137963
FDS26,OUT018,3867.5249498061735
FDR52,OUT046,3068.5331768479323
DRJ13,OUT046,2570.485709155445
FDU48,OUT027,3476.054615239496
FDE29,OUT035,1157.231454220402
NCT29,OUT049,2010.563952942018
DRK37,OUT018,2771.1079646083613
FDK55,OUT046,1404.0011345062862
FDR07,OUT046,1547.570859294808
FDO21,OUT027,5012.965188952752
FDK46,OUT049,4279.824525801799
FDB12,OUT045,1645.5364525291175
FDT31,OUT027,4432.78908891458
FDJ33,OUT045,1975.0006474690174
FDC26,OUT027,3222.275801974591
NCQ02,OUT045,2903.0660670270195
FDP08,OUT010,1203.811170544917
FDB11,OUT027,5039.1829936823415
FDV55,OUT013,2368.8173106078
FDW20,OUT049,2038.1894947972103
NCJ18,OUT019,0.0
FDC41,OUT018,924.5359280988561
FDE14,OUT027,3069.0031212825943
FDG35,OUT013,2814.282746656623
FDF45,OUT035,1108.3485847524462
FDS19,OUT027,2687.6370336990585
FDS58,OUT019,663.8751693497213
FDA26,OUT017,3686.4917000217565
FDM32,OUT049,1502.2449100411932
FDL45,OUT046,2027.4867462878196
FDZ55,OUT049,2719.332338282177
FDY37,OUT049,2376.1046925732608
FDO46,OUT046,3084.008914315381
FDQ60,OUT046,1963.7157207886803
FDA19,OUT018,1885.7197426595
FDL15,OUT046,2470.272885587214
FDM10,OUT018,3120.9040296859653
NCL05,OUT017,762.4425336060722
DRK49,OUT010,0.0
NCE18,OUT027,5377.03039633992
FDG40,OUT049,632.4206993283074
DRI59,OUT045,3521.8076905013977
FDK28,OUT035,4291.4916013542515
NCD06,OUT019,0.0
FDO11,OUT019,2134.341651762871
FDK27,OUT046,1949.0566120604976
FDT43,OUT027,2239.324212667565
FDD38,OUT018,1392.5057445980037
FDA16,OUT049,3624.3340798501863
FDL14,OUT027,3935.700616995216
NCM17,OUT049,791.5225003205667
FDD20,OUT045,1972.084858367486
FDA40,OUT045,1347.0527175111683
FDL43,OUT045,1235.4324804793414
FDV15,OUT045,1633.6581565637227
FDE52,OUT046,1455.701710044174
NCL17,OUT010,404.239719269609
NCJ31,OUT045,3712.769601751247
FDR60,OUT045,1213.6591673372309
NCA18,OUT035,1977.5924899795436
FDS21,OUT027,2396.822173427415
FDW09,OUT035,1433.0931085548307
FDL26,OUT035,2657.799513120981
FDS47,OUT018,1163.9699941387642
FDC39,OUT046,3336.5058010994476
FDT51,OUT035,1976.7824848236505
FDK40,OUT035,4392.801141915523
NCG19,OUT045,3626.538038140728
FDZ07,OUT046,1035.586096072595
FDF08,OUT027,2866.6626002340017
FDO04,OUT013,872.455123515367
FDK41,OUT018,1054.8766590897815
FDP15,OUT049,4181.373913045381
NCD43,OUT018,1370.8610591769461
NCP18,OUT013,2337.2803424356366
FDZ51,OUT046,1531.255378533425
DRH13,OUT035,1911.4173365290044
FDF38,OUT045,648.7309340573046
NCI43,OUT045,652.4228508759954
FDM38,OUT027,2360.0623481510606
FDS03,OUT013,1098.6690908488172
DRJ47,OUT017,2855.291631611304
FDT50,OUT010,0.0
FDV02,OUT046,2747.1840571774665
NCG18,OUT017,1729.3619562123488
FDW52,OUT046,2625.298964222232
FDS40,OUT035,730.8829601062516
FDN31,OUT017,3240.724285789109
FDA37,OUT045,1992.3430388141983
FDA15,OUT046,4017.5168527857654
FDL39,OUT046,2887.9322392049016
FDJ53,OUT045,1910.0634754864673
FDX22,OUT013,3416.7938987766297
NCZ42,OUT045,3719.8590858079965
FDD56,OUT027,4255.0541258396825
FDD40,OUT017,3194.081201713878
FDS50,OUT013,3517.10811822096
NCN14,OUT013,2894.8003162052423
FDT15,OUT013,2965.8312617425718
NCS18,OUT027,3079.835276473479
NCO26,OUT010,0.0
FDF58,OUT018,727.8332449745794
NCB19,OUT013,1371.9680143329638
FDH26,OUT017,2404.773477572643
DRB24,OUT027,3854.481415113156
FDA49,OUT018,1126.1992036732386
FDB32,OUT045,1488.309398238613
FDI36,OUT017,3291.424969232051
NCA17,OUT010,426.1728643902286
FDH22,OUT013,2058.9043302305517
NCM26,OUT018,2111.855702532598
FDT15,OUT027,4360.738313149373
FDB16,OUT018,1152.5524659706266
NCP54,OUT027,3311.4117587115684
FDJ36,OUT013,1651.5495301343715
FDO28,OUT045,1897.0588279626193
FDU09,OUT013,921.132939439981
FDF29,OUT017,2178.7124905540504
FDY08,OUT013,2322.500016164424
DRJ59,OUT018,340.8062041854408
FDT23,OUT027,2726.862508753562
FDU15,OUT018,360.85376015306537
FDT47,OUT013,1620.8277042922389
FDI53,OUT019,707.2698008695787
FDR59,OUT018,3936.494699697451
FDD53,OUT035,797.784733886717
FDY51,OUT017,3674.0611013248904
FDT04,OUT049,673.5430216311381
FDU51,OUT049,2903.031292496086
FDG14,OUT035,2659.3457515796636
NCU06,OUT045,3562.4679492664764
DRG25,OUT046,2975.2381500938295
DRH49,OUT035,1460.9848856405774
FDN15,OUT035,2391.9147002164377
FDL43,OUT018,991.0276132910909
NCT18,OUT049,2940.034122840322
NCB31,OUT013,4156.084035769529
FDK57,OUT035,2102.0833628164896
FDY04,OUT019,663.6479885706281
NCP54,OUT046,1883.4153530777935
FDF41,OUT013,3911.2769182751563
FDM01,OUT045,1643.8567014243358
FDW03,OUT045,1681.2136994795878
FDF28,OUT045,1896.1305998768366
FDY37,OUT017,2431.7549925034723
FDQ03,OUT017,3939.645821296588
FDP51,OUT027,3344.131859457617
FDJ40,OUT017,1902.3483523015593
FDC32,OUT049,1603.1746862449604
DRI49,OUT027,2695.021372818897
NCW54,OUT017,996.8841109272994
FDF09,OUT017,822.3708635609448
FDP45,OUT018,3733.039847373915
DRJ23,OUT018,2701.9739546880564
FDS59,OUT017,1928.3085330361603
FDY08,OUT046,2292.602026961767
FDX16,OUT049,2420.683192481573
FDY16,OUT018,2650.680943102372
FDK32,OUT035,2641.0055820686075
FDQ22,OUT013,637.5219585048962
NCC31,OUT018,2192.9767216324017
FDG58,OUT049,2571.2671082913057
DRF48,OUT013,3052.9512627935765
DRH36,OUT049,1233.6533116882972
NCR30,OUT035,1286.4479321084098
FDB03,OUT019,1941.927677693749
FDZ28,OUT027,3381.3310711586178
FDR35,OUT017,3331.462078900825
DRD15,OUT027,5008.932266807706
FDJ33,OUT019,111.89466333792325
FDA56,OUT010,89.74091567630671
FDP56,OUT046,845.2087522113356
NCT30,OUT046,743.6438103658313
FDK15,OUT017,1776.4675235940986
FDH44,OUT018,2094.256350304461
FDV01,OUT013,2496.554966824301
DRG03,OUT017,2442.5409089514214
FDG50,OUT027,2889.7877852645233
FDR16,OUT010,1568.1162127486261
FDZ60,OUT046,1705.1369768170453
DRG03,OUT045,2287.3874740564615
FDS56,OUT018,4027.6776278282805
FDU33,OUT045,720.575893663709
DRD27,OUT035,1602.540358188416
FDW22,OUT046,3597.596665183714
DRA24,OUT045,2515.4435971628286
FDF38,OUT049,765.7691067069368
FDX48,OUT013,2463.160683120862
FDS58,OUT018,2332.9605715430853
FDC32,OUT046,1512.527456736038
NCQ29,OUT045,4109.983351744753
DRK39,OUT018,983.6160656910306
NCS38,OUT017,1929.6676297610072
DRO47,OUT013,1825.06579026921
DRG27,OUT027,1983.5742863182522
FDC57,OUT027,4473.209997453422
FDS55,OUT046,2426.939224468166
NCJ06,OUT018,1557.0854247537563
FDO01,OUT019,148.04794403625937
NCM55,OUT045,2875.139617663279
FDC52,OUT049,2534.138634376515
FDQ15,OUT045,1224.251544812302
NCT30,OUT027,2133.372446227539
NCR42,OUT027,1890.5085049938175
FDD28,OUT035,1103.5783159786881
FDQ34,OUT049,1786.9716096857694
FDZ12,OUT027,3716.9105377473156
DRE13,OUT019,0.0
NCN07,OUT019,156.51906749702778
FDM28,OUT035,3037.4551570717235
FDI10,OUT017,2912.6125481389345
FDQ25,OUT013,2800.3325233351457
FDA38,OUT010,2002.0971971742192
DRI13,OUT049,3520.4106724708613
FDY20,OUT027,2897.6986297663443
NCZ53,OUT035,3149.6738725684427
NCM31,OUT013,2311.5186171972323
DRB01,OUT017,3170.6226454023945
DRF37,OUT046,4155.524388836373
NCF42,OUT049,2843.4430524188174
FDF16,OUT018,2134.6754357308555
FDB41,OUT013,744.004549587807
FDR34,OUT013,3632.5775359940494
FDR15,OUT018,2262.0587585650687
NCV42,OUT019,0.0
FDW51,OUT035,3614.5092263895585
FDU36,OUT017,1736.4211396901637
FDX60,OUT049,1389.4930767465728
FDY03,OUT035,1978.0596521438688
FDW55,OUT045,3961.6580716764593
FDT01,OUT010,1554.162674318629
FDG58,OUT013,2507.3309365060136
FDK21,OUT017,4156.2733606760485
NCS41,OUT019,978.9923825862016
FDS10,OUT045,2837.0076889449524
NCT53,OUT046,2652.461977335222
FDJ28,OUT018,2775.039010076928
FDX44,OUT045,1418.1927186846442
FDT20,OUT018,407.2641947250928
FDO44,OUT017,1942.0381712684023
NCX17,OUT049,3772.8987646641713
FDY01,OUT017,2054.505771299348
FDJ12,OUT027,4781.797364905438
DRK35,OUT018,353.9766753646498
FDD47,OUT019,854.0880358984093
NCM53,OUT035,1813.2161131842363
FDO45,OUT013,1420.9816480688137
NCM42,OUT010,0.0
FDE04,OUT046,2835.573546712718
NCI30,OUT027,5270.293810540621
FDZ19,OUT013,2879.3141313949145
FDW57,OUT013,2883.384475013435
FDA25,OUT013,1675.3720401392234
FDT22,OUT046,979.5554433216231
FDP51,OUT013,1931.690578585733
FDD48,OUT027,3284.855258186696
FDY39,OUT035,3150.787908550898
FDO48,OUT010,1648.0846232584613
FDD23,OUT027,4428.094422918944
DRN35,OUT027,2032.227581966114
FDT01,OUT035,3633.3315924732315
FDC20,OUT010,0.0
DRJ35,OUT035,1187.9642542899714
FDB32,OUT046,1511.513975680838
FDL24,OUT046,2796.6773033277395
NCV42,OUT035,1946.4534508984907
FDZ46,OUT046,1793.6276615775014
FDC15,OUT013,2479.514306497112
FDD08,OUT019,0.0
FDY50,OUT049,1550.2918722083018
FDD36,OUT013,1923.0182026532198
FDG57,OUT027,2233.6007862867496
FDL21,OUT018,386.5758417231308
FDN16,OUT027,3033.169150882791
FDJ09,OUT027,2151.9590554453052
FDS01,OUT010,1021.4616459844688
FDV33,OUT017,4320.161760361888
DRE12,OUT017,1990.7679819034613
FDR07,OUT013,1569.4987446508192
FDP48,OUT010,1079.3378667809302
NCB55,OUT035,1030.2175602881975
FDQ08,OUT013,997.8342923588023
FDR34,OUT035,3847.587651832921
FDO33,OUT046,1806.025851937977
FDP13,OUT045,642.710983445432
FDX12,OUT049,3952.3931203238426
NCT06,OUT049,2670.256939261382
FDR16,OUT019,1533.3570771749146
FDE36,OUT046,2692.143834879301
FDZ36,OUT049,3087.6738691689366
FDV13,OUT045,1384.268448641838
NCZ17,OUT035,731.0344426410384
FDU56,OUT045,2909.618251949975
FDM09,OUT035,2920.6473878504876
FDV02,OUT017,2867.9740309648487
FDS34,OUT018,1518.3989713885774
FDA11,OUT049,1650.4841070601638
FDP09,OUT017,3497.3117751030113
FDB29,OUT027,3210.492021664251
FDT19,OUT017,2970.733590063958
DRH15,OUT017,746.0883318773216
FDY38,OUT046,3743.251163235365
FDF14,OUT027,3903.939126695084
FDN48,OUT010,0.0
FDQ12,OUT013,3705.6090675102973
NCJ43,OUT045,2690.636283223157
FDE17,OUT019,483.314164665357
FDB05,OUT035,4176.751492389943
FDH10,OUT045,3005.513074011699
NCR06,OUT017,738.2630053647999
FDU32,OUT018,1739.214554238442
FDD56,OUT049,2896.985303268054
FDO36,OUT018,2607.8785309900236
FDH16,OUT010,0.0
FDX10,OUT018,352.20033386860314
FDZ37,OUT017,1614.703103022312
FDU31,OUT010,1640.0198355181697
DRC49,OUT049,2363.068570374891
FDL15,OUT045,2389.673798927119
FDN32,OUT019,1082.9065409881669
DRH59,OUT027,2610.9148464103587
NCU29,OUT049,2444.661202701427
FDR37,OUT019,1034.5954681873077
FDS14,OUT018,2271.838908453104
FDU02,OUT027,5036.738128037213
FDJ08,OUT035,3304.2920037205927
NCZ06,OUT045,3917.459091573084
FDO31,OUT049,1467.59376792988
FDH31,OUT018,1378.990400632039
FDS58,OUT017,2719.7617415205355
NCA53,OUT027,2170.905638387416
FDF50,OUT046,3252.038020570576
NCW42,OUT049,3562.125550762725
NCQ17,OUT045,2435.6777207896425
FDK51,OUT018,3916.7017251172797
NCW41,OUT010,562.8950126192071
NCR29,OUT017,1019.0259962607086
FDB08,OUT019,707.6430434521058
FDA40,OUT027,2759.98581318794
FDL14,OUT018,2321.4051832026043
FDB47,OUT046,3353.3363256477214
FDO03,OUT035,3851.7774037213635
DRK13,OUT019,1242.2430437474163
FDX13,OUT010,2140.9016784062096
FDF52,OUT046,2942.307837787095
FDT11,OUT013,3078.6968847637986
FDB08,OUT013,2648.5865697008935
FDQ28,OUT018,2208.4676206935196
FDD29,OUT045,3983.949137444087
NCQ29,OUT027,5562.769154077786
NCO02,OUT013,1032.9746724369677
FDR56,OUT010,1267.1337594630686
NCM54,OUT049,2011.9679925470446
FDP51,OUT035,2057.419802433462
FDT38,OUT013,1342.7031221949183
FDZ20,OUT018,3805.6572404440863
FDJ53,OUT013,1945.6282925801124
FDX13,OUT049,4139.301962359535
FDP58,OUT035,3713.719165483174
NCK31,OUT019,0.0
FDA35,OUT018,1702.8070044536871
FDV37,OUT018,2952.387804151398
NCO07,OUT027,4803.742530417271
FDA20,OUT045,3020.8706317889078
FDZ59,OUT035,2903.7090919570255
NCY17,OUT017,807.2202625842374
FDQ28,OUT035,2606.196558259963
FDV35,OUT017,2599.574141492026
FDQ36,OUT013,616.4020618127361
FDD34,OUT018,2375.636421496371
FDK51,OUT045,4153.085973949483
FDV31,OUT035,3037.3212776682017
FDR04,OUT035,1727.1692633830794
FDR14,OUT049,992.4479715432137
DRC36,OUT010,876.5978565864051
FDE39,OUT019,48.83701724113041
FDP57,OUT049,1749.0663266515212
FDE57,OUT046,2324.5882542209797
NCN18,OUT046,1754.4392310250525
NCQ05,OUT018,2110.7699805466746
FDW47,OUT035,2100.6544926860724
FDV46,OUT035,2358.5424812766546
NCP29,OUT045,956.7425376813464
FDE09,OUT018,1565.103901637855
NCU06,OUT027,4996.125854921237
FDT19,OUT010,954.6047048239866
DRF15,OUT017,2418.526339652488
DRI51,OUT013,2585.8824189202114
NCX54,OUT013,1641.2046619527696
DRE01,OUT013,3869.726686511615
NCB07,OUT045,2988.714337379337
FDU50,OUT035,2035.0233253567021
FDG40,OUT035,710.1584985356985
FDW10,OUT018,2510.0393820417057
FDX51,OUT013,3151.658199621111
NCP17,OUT045,905.3305047844364
FDP21,OUT035,3209.2912569781747
FDL04,OUT045,1601.3845233630996
FDV23,OUT013,2012.9832707087896
FDF24,OUT046,1303.1700401461492
FDH56,OUT027,3287.106372741233
FDB51,OUT049,1110.0218211308857
FDI58,OUT027,2967.2083424734574
FDR20,OUT013,774.3901918737848
FDC51,OUT018,1711.6769502744166
FDB16,OUT027,2813.0809178692352
FDE40,OUT049,1050.8434430265565
NCM17,OUT035,870.8535757432822
FDU56,OUT035,3155.4139230652613
FDS32,OUT019,364.2261564241518
FDX02,OUT049,3659.8684551970155
FDT39,OUT027,3902.3306608170506
FDE35,OUT017,1120.962421643356
NCI42,OUT019,1361.1708894870967
DRL23,OUT046,1677.788272340023
FDA10,OUT046,1937.782652622302
FDA11,OUT013,1576.9840151609183
NCM06,OUT046,2451.1143087916093
NCT05,OUT035,4264.674882603915
NCQ02,OUT010,1024.3761095264194
NCY06,OUT049,2095.010211292398
FDY56,OUT035,3786.08736940698
FDL02,OUT035,1853.872841886549
NCI06,OUT035,2971.3453432494584
FDQ14,OUT045,2373.8486029539727
FDQ12,OUT017,3793.3075572987063
FDP36,OUT046,810.2872125385742
FDK21,OUT027,5447.544391876884
FDO40,OUT045,2288.1703718307645
NCK54,OUT019,0.0
FDY09,OUT018,2555.7614036593704
NCW30,OUT049,4232.733839589751
NCC55,OUT027,1945.1494738510755
FDE58,OUT018,1593.2871700121987
FDR39,OUT013,2943.7493331508745
FDU28,OUT049,3039.7119958783314
FDH08,OUT017,3848.654186253817
FDG35,OUT045,2754.7996769128276
FDG22,OUT049,645.4074269327514
FDC34,OUT035,2675.1686274007798
FDP15,OUT018,3815.150659547934
FDK34,OUT010,1938.5969903556866
FDU45,OUT035,2020.1570625717166
FDQ04,OUT027,2072.573474346304
FDX22,OUT018,3125.6612054550533
FDB45,OUT017,1799.2559192374824
NCH43,OUT027,4839.706382816325
DRE60,OUT046,3594.8182803502514
FDD17,OUT027,5197.50546114065
NCM54,OUT017,2091.5349496899325
NCH55,OUT013,1974.1421336233957
NCT06,OUT017,2698.8048046258727
FDA48,OUT027,4958.258918850679
FDY58,OUT027,5069.550875855747
FDO25,OUT045,3407.8071706486644
FDN50,OUT045,1497.1731806408877
FDH35,OUT035,2819.901103471832
FDK09,OUT045,3586.7195967550024
FDO16,OUT013,1359.2460186238677
FDW11,OUT045,999.2323266647633
FDU47,OUT027,3674.544337854742
NCQ42,OUT010,68.55839059889013
FDK55,OUT027,2827.2154560904887
FDN08,OUT049,2019.5623443748073
FDT57,OUT045,3749.379534330992
FDJ12,OUT018,3076.627042316125
DRL59,OUT017,962.2626570294308
NCN53,OUT046,582.7843361129584
FDO51,OUT010,0.0
FDK56,OUT017,3208.3726106057775
FDY12,OUT035,1036.79030534026
FDU15,OUT035,774.52598549295
FDQ19,OUT046,3955.802779879682
DRF15,OUT045,2264.9692112063003
DRE25,OUT019,0.0
FDK57,OUT018,1664.500747092927
FDD33,OUT010,1851.1682867978332
FDR34,OUT027,5048.212747866146
FDU04,OUT045,1909.3914936871402
FDE35,OUT019,0.0
NCD31,OUT035,2717.808246112643
FDJ56,OUT035,1838.0749036817383
NCU53,OUT046,2646.0618202338
FDD39,OUT035,3588.39358548996
NCU17,OUT019,0.0
FDJ20,OUT046,1983.7727894114742
NCW41,OUT018,2187.511405929136
FDL52,OUT035,807.4035565018929
FDS39,OUT035,2481.0636881542196
DRJ47,OUT045,2711.2996408878907
FDP13,OUT010,0.0
DRK39,OUT010,0.0
FDF28,OUT010,102.32874007265718
FDB09,OUT045,1987.8078367475318
FDM51,OUT046,1634.3628094599153
DRM49,OUT018,479.0782495887306
DRF23,OUT013,2874.371013406276
DRH01,OUT035,2892.5412913479404
FDH12,OUT027,3146.541714563952
FDA28,OUT019,64.62310598181034
FDW37,OUT018,1194.0625109663465
FDF02,OUT046,1697.069035655346
DRL37,OUT046,676.6790943017442
NCF43,OUT046,2234.746312868651
FDH08,OUT010,1819.7245015184938
FDR34,OUT019,1745.6256075516887
NCK19,OUT049,3188.285732081897
NCD55,OUT018,356.01345612387365
FDT27,OUT049,3852.995516844302
FDQ57,OUT045,2342.300770649679
FDA47,OUT035,2788.5035217003347
DRG15,OUT027,2327.5015980981425
FDE05,OUT018,2063.125205918731
FDN46,OUT046,1659.4945103532027
FDX27,OUT027,2854.438657880203
FDT51,OUT045,1748.5247599973156
FDU33,OUT013,770.4861032863286
FDJ16,OUT027,2372.3913377135495
FDD20,OUT019,87.2878868473598
FDT36,OUT049,642.8780150773486
DRF15,OUT027,3689.0666098405745
FDN52,OUT010,0.0
FDC22,OUT027,4505.454545354459
FDX15,OUT045,2523.987739864776
FDT13,OUT013,3035.0067171328137
FDU04,OUT017,2091.6444116628204
FDU31,OUT019,1601.8630287188194
FDW59,OUT027,2795.3089602995233
NCO29,OUT046,2626.6350570490295
FDL15,OUT035,2603.5811632874893
FDI41,OUT049,2379.692626051004
FDQ48,OUT049,1671.9482863833734
DRI39,OUT013,775.7375758319226
FDI08,OUT013,4035.472409870881
FDC21,OUT049,1885.153932924756
FDF58,OUT035,1179.770456542319
FDS08,OUT010,1030.0761395532436
FDE47,OUT045,1955.6631840995692
NCP18,OUT019,474.4241469699863
NCR41,OUT013,1507.5193139439177
FDA27,OUT013,4036.492936898082
FDA43,OUT035,3325.0824673865836
FDA49,OUT045,1351.470793274268
NCE55,OUT018,2543.5565172809283
DRM49,OUT027,2165.0975836797134
FDF22,OUT027,4840.703240622267
FDQ15,OUT018,1011.7378482915761
NCS54,OUT017,2871.2220744489223
NCY05,OUT013,566.7988559604426
FDR45,OUT046,3855.2876159963403
FDK57,OUT049,2054.6389279672076
FDF41,OUT010,2070.3536549686287
FDV21,OUT046,2037.7541461832016
FDD51,OUT046,747.7323690176037
FDF33,OUT046,1904.892180587558
FDA38,OUT046,3855.931401179421
FDR56,OUT045,3114.337089005497
NCN41,OUT017,2034.9550795616487
FDC60,OUT027,2862.214151533803
FDB47,OUT045,3307.8131671662313
DRH01,OUT013,2777.9721303911865
FDW08,OUT046,1735.7044520405007
FDF38,OUT027,2085.5837649209734
FDY32,OUT017,2812.741398998933
FDG34,OUT049,1860.4751709930754
FDG47,OUT019,2304.9057970429685
NCF18,OUT035,3120.0243589797283
FDL39,OUT019,975.7574911430095
NCH55,OUT035,2109.4366381684536
DRJ35,OUT049,1084.7160625617948
FDS44,OUT035,4033.4997589639474
DRE01,OUT018,3583.390423731878
FDY39,OUT013,3017.087569381106
FDY32,OUT018,2390.861994172742
FDR33,OUT027,3223.8314702756848
NCP50,OUT049,1331.951623978067
FDZ47,OUT018,1281.8317652900932
FDU57,OUT049,2559.0939044950637
FDY44,OUT013,3154.138521353355
DRH59,OUT018,932.851204875903
FDB03,OUT027,5223.354181713105
FDY46,OUT045,2922.4813324445176
FDM39,OUT045,2821.499231636216
FDY36,OUT035,1381.1206630779736
NCM55,OUT035,3068.320014524933
FDJ50,OUT010,0.0
DRL60,OUT013,2429.1745333849094
NCJ54,OUT049,3756.978990065704
FDX59,OUT017,719.026983746234
FDI07,OUT013,3215.4094381577092
DRF51,OUT010,0.0
FDM14,OUT017,1932.170858099096
FDP21,OUT045,2995.3830097470664
FDE40,OUT035,1171.625824731242
FDE05,OUT035,2521.437826559397
FDM13,OUT027,3589.4334428063203
FDC34,OUT027,3910.8547878238405
NCI55,OUT018,1611.397673827419
NCE43,OUT018,2377.035986039626
FDW58,OUT018,1417.779029706852
FDG60,OUT045,3672.8984721400084
FDV31,OUT017,3015.242266757213
FDR47,OUT013,3113.1790342605054
FDM60,OUT019,0.0
NCF06,OUT018,3836.0553887535175
NCN26,OUT027,3231.8525895905764
FDQ59,OUT049,1499.8230989757053
FDF09,OUT046,672.8884043818513
NCS06,OUT017,4331.8768058978
FDT44,OUT046,1919.9257631411565
FDI19,OUT017,4049.0831289369007
FDT22,OUT017,1124.2657265954558
NCF54,OUT027,4053.625699852836
DRG25,OUT045,2920.147066228784
FDB59,OUT017,3273.559729010507
FDQ37,OUT017,3234.511723105634
FDP56,OUT035,1008.80904986675
FDW44,OUT035,2976.9960175330825
FDJ26,OUT010,1575.1424576311922
FDU43,OUT018,3536.7174505459266
FDW33,OUT045,1662.6951511471366
NCX53,OUT027,3631.164241657122
FDN56,OUT010,526.7179101030129
DRF15,OUT049,2372.4414211421495
FDO33,OUT017,1971.4597986108597
FDZ39,OUT010,0.0
NCJ19,OUT017,965.4715878881261
FDU01,OUT035,3128.1704219358767
FDT12,OUT035,3792.0810284248328
NCM18,OUT018,671.009661273537
FDP19,OUT017,2251.1824962262863
NCR42,OUT049,585.0441762380677
FDN10,OUT046,1922.8399294722158
FDG44,OUT017,1094.6780498153512
FDQ10,OUT046,2759.720548031256
DRH13,OUT049,1784.2551864568177
FDT52,OUT013,3932.597858359475
FDM56,OUT045,1751.2268535381213
NCO43,OUT010,0.0
NCV29,OUT035,2979.978591042243
NCF06,OUT013,4141.53719297165
FDO50,OUT035,1661.9454541746327
FDT59,OUT013,3698.571187580683
FDX40,OUT027,1991.7976067161649
FDE50,OUT017,3124.4930676297035
FDX51,OUT017,3322.259512509305
NCD30,OUT018,1219.2547846920688
FDK15,OUT013,1653.6862729222526
FDL12,OUT045,931.356669300261
FDK46,OUT017,4308.373386251661
DRH49,OUT010,0.0
FDQ57,OUT046,2394.2028769863364
FDY59,OUT017,1665.4645630771665
FDO09,OUT018,3921.5083966800375
NCG30,OUT035,2099.7038222386163
FDM09,OUT017,2853.925190585577
NCN17,OUT027,3004.88834840987
NCS42,OUT013,1415.8363437492226
FDD02,OUT019,0.0
FDE34,OUT013,2956.31022498791
FDU38,OUT045,3044.9133360828387
FDB33,OUT046,2543.522456367439
NCJ29,OUT017,1510.9591088816605
FDZ27,OUT035,971.035158795068
FDI40,OUT013,1608.8718420055116
FDG22,OUT013,608.5767062056722
FDT51,OUT017,1937.1553165684982
FDF20,OUT018,2948.836940206976
FDV50,OUT035,2121.6597149047952
FDT02,OUT049,676.4645094690037
DRC49,OUT017,2455.391195287367
FDF26,OUT049,2593.9484930539966
FDV52,OUT035,2023.5597386486668
FDX59,OUT049,693.6667417493672
FDV25,OUT035,3796.202069730158
FDW23,OUT027,2073.344487950321
FDE53,OUT018,1459.056261768531
FDA19,OUT017,2288.46511004836
FDH22,OUT046,2068.863709813399
NCO41,OUT013,1550.8278837937132
FDX12,OUT017,3972.9715887671978
FDF17,OUT013,3188.0819347808756
FDS11,OUT045,3555.4937673058275
FDR51,OUT035,2613.388838296673
FDT49,OUT010,0.0
FDC56,OUT013,2005.639838173279
FDR13,OUT027,3328.1126993519083
FDQ60,OUT035,2140.0703263164023
FDN38,OUT049,4138.220565525859
NCL29,OUT013,2523.5865585031315
FDO13,OUT027,4079.469924607493
FDE26,OUT018,2096.26329826874
FDA31,OUT010,941.5853118524342
FDX14,OUT035,1380.004730158355
FDA34,OUT045,2781.6118984780314
FDF26,OUT013,2533.2027811623157
FDE38,OUT045,2691.78457468495
DRI11,OUT046,1852.72876712907
FDQ60,OUT027,3345.4700886650517
FDL21,OUT027,2035.9504956158285
DRC12,OUT027,4433.767494699563
FDC47,OUT046,3650.2461148375082
FDE57,OUT045,2251.960351606788
FDT14,OUT045,1893.5073165875688
NCZ53,OUT046,3024.3370990916937
FDE28,OUT018,3420.1067501492416
FDR19,OUT035,2518.8121011503745
NCF54,OUT019,784.9716212589933
FDZ08,OUT046,1354.0254028645363
NCJ05,OUT018,2141.6799593006394
FDF59,OUT046,2081.7652179873126
NCO05,OUT035,1778.133807077154
FDW24,OUT018,567.6208466326933
NCX42,OUT018,2362.9095406716237
NCA53,OUT035,924.0448149928133
FDI45,OUT019,961.8580331451918
FDG46,OUT046,1846.6718710593757
FDM20,OUT010,2048.923954600905
FDW11,OUT010,0.0
FDX08,OUT035,3077.8005070918266
NCK17,OUT035,806.0941214760143
FDK32,OUT018,2182.6941271222477
NCA42,OUT035,2691.212248304608
DRI01,OUT035,2908.1255903011856
NCL55,OUT049,4116.001370732136
DRE25,OUT018,1217.4842053212287
FDD14,OUT017,3077.3401797509587
FDB10,OUT046,3795.2314863345227
DRN11,OUT035,2522.4144653701496
FDP38,OUT018,608.8188103941686
NCA30,OUT017,3065.7655809399917
FDT15,OUT017,3114.1146895013762
NCP55,OUT018,605.9522794719124
FDF12,OUT035,2577.3378434714205
FDM21,OUT018,3800.371590060896
FDX56,OUT035,3482.156555953556
FDF10,OUT017,2463.089101366093
FDT32,OUT045,2996.457632099904
FDM51,OUT018,1381.1022673437274
NCR50,OUT018,2107.0780726185403
FDI19,OUT049,3972.7046959851923
FDX21,OUT017,1905.2303944966989
FDR31,OUT035,2569.3980068278215
FDY02,OUT013,4204.912478861623
NCA29,OUT045,2634.20802755961
NCX17,OUT046,3639.204551764118
FDM12,OUT045,2984.3779268799567
FDI53,OUT027,3984.565109779999
NCU30,OUT049,2693.971159386265
FDC56,OUT027,3413.295398349534
FDK27,OUT018,1732.4640383954377
NCK18,OUT017,2755.3199118453863
FDB52,OUT019,2181.854144261799
DRG25,OUT027,4411.207625638767
FDZ13,OUT049,995.5697731506539
FDB57,OUT019,1668.180571177643
FDR40,OUT046,1340.4182645678352
NCO14,OUT019,0.0
NCN19,OUT045,2965.6681411267905
FDQ28,OUT019,557.4833874453859
FDO13,OUT018,2418.9442142679
FDK48,OUT013,1284.91726769042
FDU07,OUT018,2224.058644751208
FDW20,OUT046,1984.2147064111746
FDV12,OUT010,0.0
FDH24,OUT013,2509.707789076268
FDV59,OUT049,3559.74233832103
FDK57,OUT045,1900.9319551478966
FDL16,OUT027,2133.249043451102
NCQ17,OUT046,2478.0104869197535
FDJ15,OUT018,2701.137577982282
FDX24,OUT049,1618.2466260711094
FDT47,OUT046,1608.465782745857
FDT10,OUT049,1059.0342889651392
FDZ37,OUT018,1205.5815350357007
FDW43,OUT027,5078.784638641826
DRN36,OUT017,1640.6757357056727
FDJ14,OUT045,1302.0887111194038
FDA32,OUT013,3521.819508249484
FDJ38,OUT019,1193.2824525711333
FDQ57,OUT017,2522.9579079539835
NCQ41,OUT019,1144.9228286669327
FDG56,OUT049,1093.8863913678538
DRC13,OUT027,3396.6885022109695
FDV55,OUT035,2500.92343155396
FDQ49,OUT045,2458.0119104957466
FDE29,OUT010,0.0
FDR03,OUT013,3306.2269033451944
FDD45,OUT049,1644.0928535968562
FDN38,OUT010,2170.678435160766
FDT56,OUT046,969.4099744638104
FDT48,OUT045,3197.1865903917446
FDU03,OUT049,2973.026758411294
FDC56,OUT010,80.09359523906289
NCO43,OUT027,2999.056222175427
FDQ27,OUT017,1825.681184761314
FDR03,OUT046,3305.023774127781
DRH23,OUT010,0.0
FDG22,OUT045,555.4727756041151
NCJ42,OUT013,1581.0145887291533
FDR24,OUT046,1444.3461468174396
FDW60,OUT035,3028.9553310269357
FDJ08,OUT013,3102.0352616548707
DRL59,OUT018,557.9239955677208
FDG60,OUT010,1794.8901702076591
FDW27,OUT017,2688.9961862558484
FDX14,OUT018,971.1193821748216
FDC20,OUT013,965.331740800794
NCS29,OUT018,3935.071547263111
FDJ56,OUT046,1680.8523666704868
FDB20,OUT019,0.0
FDL28,OUT027,5065.64757666167
FDW01,OUT018,2195.6043682966424
FDL03,OUT046,3153.930703912443
FDX22,OUT049,3472.7555839410084
FDJ21,OUT035,2474.815992798111
FDR31,OUT045,2388.9714023334427
FDG21,OUT035,2691.1780354409734
FDS22,OUT027,2083.790036183191
FDK08,OUT035,1825.20562802478
FDE17,OUT018,2115.2542153816694
NCN30,OUT017,1596.582968947628
FDT50,OUT046,1598.5385318432723
NCX42,OUT049,2679.7127156363213
FDJ12,OUT035,3518.9959597242955
NCA18,OUT027,3241.9867010770104
FDP23,OUT019,1616.548749863366
FDX12,OUT013,3848.6029759418952
FDN40,OUT018,2203.826576786837
FDV48,OUT035,1445.680467759977
NCY54,OUT013,2726.5269482660683
FDL16,OUT010,0.0
FDR45,OUT018,3587.678456819463
FDJ52,OUT046,2601.8415721263264
DRG01,OUT017,1349.0865832458103
FDP52,OUT013,3667.8439570324226
FDU58,OUT017,3161.060176074525
FDL02,OUT045,1652.7224394613443
FDG28,OUT013,3920.3316313641217
FDA19,OUT035,2300.983967430203
FDW46,OUT027,2483.4463294408574
NCD43,OUT049,1703.6069202193808
DRG39,OUT013,712.4436119136203
NCF55,OUT049,636.6741580260259
FDJ07,OUT046,1944.5505245287554
FDE08,OUT046,2423.116158368725
FDP56,OUT019,0.0
FDT45,OUT045,806.4789445169557
FDF17,OUT018,2879.4135933405305
FDX44,OUT046,1473.282878132094
FDM28,OUT027,4258.803778598922
FDI36,OUT049,3262.8822039349957
FDS07,OUT045,1844.6297990054095
FDD36,OUT045,1842.8097901787394
FDW11,OUT046,1001.7098065551702
FDN40,OUT049,2587.5871945169974
NCQ18,OUT049,1586.5037414310518
NCQ54,OUT017,2717.040305441724
NCS42,OUT045,1383.460059899398
DRH39,OUT010,0.0
FDC09,OUT027,3096.650165528412
FDT08,OUT010,556.140328913391
FDC08,OUT035,3782.661277181377
FDT20,OUT017,794.0659797485105
FDS35,OUT035,1239.7874628072054
FDX58,OUT018,2655.8726060922627
FDW58,OUT046,1674.229923771052
DRD27,OUT046,1442.127469495967
FDH32,OUT019,0.0
FDS26,OUT035,4332.210205847697
FDQ31,OUT046,1477.7844643008298
FDP11,OUT018,3248.397886723714
FDD58,OUT017,1766.9334065725477
FDM33,OUT045,3440.2731657599707
FDZ16,OUT049,3191.832057976326
NCS29,OUT010,2323.900140761495
NCM18,OUT019,0.0
FDP11,OUT049,3603.4616350300557
NCC42,OUT017,2359.0549798972525
DRM23,OUT046,2756.1918531952624
NCN55,OUT027,5186.725120932336
FDK46,OUT013,4161.683188854171
FDR01,OUT046,3264.23060984943
NCA05,OUT045,2287.842427934388
NCP43,OUT017,2924.3773405283478
FDR12,OUT010,838.0426113138963
FDQ01,OUT013,4118.0368552651
FDM13,OUT046,2164.628257297429
FDQ19,OUT017,4087.7479930440268
FDK56,OUT019,1126.9305965630083
NCX06,OUT010,942.9447908422474
FDO56,OUT027,3364.996323160084
FDU45,OUT045,1753.6367731847927
FDI16,OUT019,0.0
FDL32,OUT046,1846.7941111520386
FDA07,OUT046,2052.398576288637
FDA14,OUT045,2293.109520653789
FDV46,OUT027,3627.72349797638
NCO07,OUT035,3555.2873811393106
NCP41,OUT046,1653.7957869515835
FDY60,OUT018,2022.2301614028072
FDN38,OUT017,4222.573680654588
FDO15,OUT046,1209.7203797507602
FDT60,OUT013,1981.982458363505
FDA55,OUT035,3776.997976781093
FDE02,OUT010,0.0
DRJ39,OUT049,3458.5349968024893
FDV34,OUT035,1388.1624179317305
FDS20,OUT027,4415.336080145504
FDF02,OUT027,3082.0125817809835
FDW40,OUT017,2417.8149109032356
NCB43,OUT046,2900.1929827686595
FDR58,OUT017,1634.5267081044922
DRJ59,OUT035,826.2232733853104
NCD30,OUT017,1629.970883094553
FDE14,OUT017,1744.255725587499
FDC28,OUT018,1479.2665167079235
FDU16,OUT018,1044.272151853172
NCD19,OUT035,1031.0049830649455
FDU21,OUT046,602.5225750800798
FDV59,OUT027,4897.091839540519
FDU03,OUT045,2857.579225114147
FDC33,OUT010,1340.9400616972193
NCR42,OUT035,694.6683563129126
DRH59,OUT035,1392.7560318050018
NCM31,OUT035,2450.001330406044
FDS50,OUT035,3703.4210151659477
FDP39,OUT046,873.0887471095924
FDQ55,OUT013,1918.7890075057562
FDV36,OUT019,63.385550473040325
FDI05,OUT027,2654.4215430425465
FDS45,OUT027,3172.4487294393707
FDA39,OUT045,630.8988386416454
FDC37,OUT010,0.0
FDJ60,OUT027,4042.705462521186
DRQ35,OUT046,1993.6518033627117
NCJ06,OUT046,1832.6657247525575
NCY42,OUT018,2020.1180151124279
DRM37,OUT049,3200.2223694647437
FDR14,OUT045,798.8839241206484
FDE51,OUT049,837.4654434465197
FDT33,OUT017,2836.714423569083
FDR08,OUT013,1828.7553173430192
FDE36,OUT010,757.208690155157
FDL22,OUT019,0.0
FDR44,OUT013,2194.3249740635374
FDI56,OUT019,0.0
FDE47,OUT010,161.86188797953037
FDV27,OUT010,0.0
FDV10,OUT049,799.1085033990258
FDC40,OUT045,1197.0769523947674
NCX41,OUT013,3319.702665270274
NCQ38,OUT027,3035.5326971633285
FDV12,OUT027,3005.571263535424
FDE52,OUT017,1563.7338442857135
FDG20,OUT027,4265.090342804865
FDV16,OUT027,1976.136331345304
FDI32,OUT017,1989.3527400862044
FDJ32,OUT049,1135.3344930885073
FDN39,OUT018,2436.4915456326253
FDY34,OUT017,2833.49702469724
FDC14,OUT035,870.6700589004763
FDA55,OUT017,3750.1304754855682
FDZ50,OUT010,1016.9526678271646
DRG13,OUT049,2693.3887813615597
FDP01,OUT013,2446.7328769691076
NCG54,OUT017,2844.5546657960076
FDM13,OUT045,2123.8877302358405
NCO18,OUT027,4203.78564828242
NCW41,OUT013,2457.918684194189
FDM52,OUT027,3755.106094492758
NCF55,OUT035,708.0352934453712
FDT09,OUT046,2108.2955551263044
NCM19,OUT035,1909.7058745055583
FDW12,OUT018,2113.534039692594
FDP15,OUT019,2196.3848212142075
FDK36,OUT045,766.9523191434193
FDZ25,OUT035,2945.5370972063756
NCW06,OUT049,3105.948387591537
FDW60,OUT046,2903.618530811544
DRC49,OUT013,2338.9912898578177
NCT17,OUT035,3182.2764715198464
NCN06,OUT018,2333.188731437449
FDC45,OUT013,2765.7615293864237
DRJ47,OUT019,809.3010774860276
NCF06,OUT045,4058.140088250856
FDE21,OUT010,22.96670308749151
DRG27,OUT013,561.5686206174646
FDW40,OUT049,2343.026666873175
NCO53,OUT046,2919.9467158359967
FDE23,OUT049,823.3802178585345
FDQ16,OUT046,1704.7136937030268
FDS26,OUT045,4068.880830263339
FDZ13,OUT010,0.0
FDS14,OUT049,2618.9319913441177
FDC10,OUT045,1884.680084807311
FDY16,OUT049,3011.239112016166
FDJ20,OUT035,2187.2308138795847
FDV43,OUT035,884.8977131664813
FDZ32,OUT027,3171.4828687410677
FDR23,OUT046,2810.2886120968333
FDN24,OUT035,1022.6854166022933
FDE34,OUT027,4362.372510035157
FDU31,OUT013,3550.864009025483
FDW33,OUT018,1480.4714486766961
FDU26,OUT046,1868.1069661322695
FDE20,OUT027,4169.959013053229
NCW05,OUT035,1803.821644047335
FDB22,OUT018,2196.585273360428
FDO56,OUT046,1922.6519737153055
FDA19,OUT027,3552.623728290668
DRI39,OUT045,724.2309972115441
FDH52,OUT018,707.7156792518317
FDZ50,OUT035,3095.877159337316
NCN42,OUT035,2432.984529311339
FDB53,OUT013,2377.978190042662
DRG11,OUT017,1922.8629176132947
DRK11,OUT027,3815.5123316521513
FDQ60,OUT017,2137.123413157151
FDT36,OUT017,698.5349364904514
DRG25,OUT018,2691.685054698061
DRJ23,OUT046,3028.571847938687
FDG05,OUT035,2702.968588532323
NCK06,OUT018,1652.526230145675
FDU52,OUT017,2627.454127541634
FDW07,OUT018,1163.0895601558834
NCM17,OUT045,671.2960979478784
FDA22,OUT045,2715.6768616998593
NCA41,OUT018,2788.0568260664722
FDF38,OUT035,889.7425410149995
FDH52,OUT046,1013.5872805213564
FDY58,OUT019,1724.2621694137024
FDZ16,OUT045,3052.4746541172126
NCM18,OUT017,1070.567231064783
FDA22,OUT018,2464.896964506119
NCJ43,OUT035,2961.939879528534
FDI34,OUT027,5113.624230917279
FDG56,OUT046,1028.749050328658
FDS34,OUT046,1837.0225563648537
DRC01,OUT035,998.9448879985057
FDQ04,OUT035,830.502241794353
FDK04,OUT035,1121.3015191067357
FDT51,OUT049,1878.3176063984224
FDV26,OUT017,3240.9058419585326
FDS04,OUT049,2356.4840376483235
FDW43,OUT018,3384.771710282054
FDQ28,OUT010,555.7302210189814
NCK06,OUT017,2056.8645121969016
FDS23,OUT018,1878.58725029855
FDZ36,OUT019,1135.9061118550503
FDE56,OUT018,755.3067201301322
FDW10,OUT027,4173.758487293631
NCN14,OUT045,2856.0449231535977
NCQ18,OUT045,1458.3063317200156
FDW08,OUT017,1891.5626014484965
FDU43,OUT035,3959.9530224815962
FDR33,OUT010,0.0
FDM24,OUT010,558.7302637852498
NCZ05,OUT046,1647.916582042595
NCV41,OUT035,1934.8801251571842
FDV11,OUT018,2553.5639302938243
NCY05,OUT035,735.5742625646619
FDV44,OUT018,2812.5979987788814
FDW32,OUT049,1458.6696156686241
NCU18,OUT027,3625.1655993547142
NCC43,OUT035,4157.8198070667295
FDW19,OUT013,1832.874295524898
FDN31,OUT035,3283.5331847142515
FDI48,OUT045,780.1915427391319
FDS24,OUT017,1547.1428894889182
FDF46,OUT049,1973.8706560636178
DRG23,OUT017,2592.964957185056
FDG14,OUT018,2209.0061810868156
NCY30,OUT049,2861.7578497178015
FDO28,OUT018,1714.8298641447952
DRD24,OUT035,2428.668813684515
FDI33,OUT049,1522.674127308565
FDN32,OUT046,2992.7989424317248
FDR16,OUT045,3384.9730838496284
FDF26,OUT046,2536.7834714143683
NCN29,OUT018,478.65881527621644
FDE20,OUT045,2699.6228019937103
FDA46,OUT046,3091.935475110595
FDU28,OUT045,2921.080115821784
FDQ48,OUT045,1547.2668649196257
FDV36,OUT013,2039.4719426160943
FDR14,OUT018,591.1540737127409
FDP23,OUT017,3651.5021283760047
FDP56,OUT013,899.0234695612596
FDK48,OUT010,0.0
FDR48,OUT046,2461.3095529997668
NCY29,OUT049,978.0594774252154
FDM22,OUT018,594.4305499132652
DRJ01,OUT013,2631.7721538429114
FDZ43,OUT045,3908.8091964503533
FDV03,OUT035,2639.5361275243117
FDX11,OUT027,4304.92073103075
NCA41,OUT027,4456.55895872941
FDE38,OUT017,2883.606094438474
FDI27,OUT018,486.11633882207235
FDN32,OUT013,2960.521042395604
NCN43,OUT017,2048.0204171394244
FDB47,OUT027,4752.631680395091
FDV03,OUT017,2620.6403330599514
NCN30,OUT045,1450.9985462296158
NCV54,OUT010,0.0
FDV07,OUT013,1830.4802379255154
FDP07,OUT049,3274.030801787821
FDK48,OUT018,944.3601337780811
FDM15,OUT019,538.5028936958212
FDY19,OUT027,3299.1309733545995
FDK46,OUT046,4181.207123874856
FDY11,OUT045,1053.2371933121835
FDH09,OUT046,966.3132896400467
FDO08,OUT027,4106.3345354039175
FDU14,OUT013,3989.0894925573084
FDD22,OUT027,3243.6253982688895
FDM27,OUT017,2678.4859714669346
FDL02,OUT027,3118.262795498301
NCA17,OUT035,2462.48187864618
FDE38,OUT019,802.5456386969662
NCG07,OUT049,3049.5242505550095
DRC27,OUT013,3829.502632313889
FDA27,OUT035,4211.645315842474
FDW40,OUT045,2214.8289872219093
DRI11,OUT013,1885.8175575003795
FDN50,OUT046,1547.4810253393516
FDR12,OUT046,2752.3831021327655
FDT34,OUT027,3115.284693947579
FDW11,OUT035,1179.658947244255
NCO30,OUT027,4251.498376325409
FDZ34,OUT017,3312.2610435631586
FDU45,OUT017,1942.2690299944466
NCD42,OUT035,722.3883377658244
FDX25,OUT045,2881.9116193329887
NCR29,OUT046,910.9911935102014
FDX43,OUT019,857.5583846784211
FDB04,OUT010,0.0
FDR49,OUT027,2219.91930082863
FDS39,OUT018,2049.8536414518308
FDW58,OUT045,1619.1381036308794
FDG22,OUT019,0.0
FDG31,OUT017,1168.7587722006904
NCV53,OUT027,5237.958984036203
DRJ37,OUT035,2570.2205822246824
FDV07,OUT035,1992.8780867219075
FDW52,OUT018,2373.633639207628
FDT15,OUT045,2931.859203758331
FDD02,OUT018,1657.8401078340696
FDM16,OUT035,1368.503180843238
NCE55,OUT046,2779.2820554642913
FDB57,OUT018,3286.2791685900243
FDQ04,OUT013,728.6877765059944
FDQ47,OUT019,0.0
FDY14,OUT019,2321.703334383685
DRK37,OUT017,3173.8529964586955
FDO25,OUT017,3567.748082737506
FDL57,OUT046,4159.9131884449
NCK29,OUT018,1715.9788088587788
FDK46,OUT027,5598.046463041874
NCB43,OUT010,983.5419160899054
DRE01,OUT027,5264.624224335851
FDC46,OUT018,2679.689012536259
FDQ23,OUT045,1676.4931244358227
FDX38,OUT049,901.8482442874289
FDG60,OUT018,3477.918737354885
FDW55,OUT017,4132.751907514776
FDP39,OUT013,839.2156759974215
FDB20,OUT018,1065.1692065772613
FDV21,OUT017,2169.710412812956
FDZ02,OUT013,1592.8066951450912
FDP19,OUT027,3521.6946932212973
FDA38,OUT035,4080.115813376993
FDH22,OUT045,2026.5316922700058
DRM11,OUT045,4170.167585715453
FDO12,OUT027,4514.304138938798
FDT14,OUT049,2026.4877429989135
FDW34,OUT010,2020.3735351615521
FDG04,OUT027,4406.941208489049
FDW59,OUT018,1114.0477502802396
FDR33,OUT018,1517.0647489387754
FDP32,OUT013,2147.8338724882697
FDL13,OUT027,5146.022866740388
FDD22,OUT013,1855.099968219468
FDV40,OUT027,2528.7282629442357
NCD55,OUT046,612.4627556844509
FDQ20,OUT010,0.0
FDD28,OUT045,888.0746642849114
FDC39,OUT045,3321.2780542451546
NCR17,OUT049,1953.7621839317428
DRO35,OUT018,1594.9272457148804
FDF40,OUT049,4039.2565533358675
FDR31,OUT018,2120.652644457763
NCQ41,OUT017,3223.428181369598
FDP38,OUT046,866.8618234793408
NCU54,OUT027,4718.491974701525
FDG22,OUT018,283.9650807368203
DRK59,OUT013,3781.9119760195053
FDC37,OUT046,1703.4929285615453
NCO42,OUT013,2247.750653212285
NCT42,OUT017,2519.485704323707
FDX27,OUT035,1637.8764491087554
FDV40,OUT018,892.107281838189
FDT45,OUT027,2279.9970087144047
FDS47,OUT019,0.0
FDR45,OUT035,3996.5675415045594
FDB03,OUT045,3759.41504938618
FDO49,OUT035,1047.9049131298395
FDU60,OUT027,4053.6757285569884
FDB26,OUT018,606.2785151625466
FDB46,OUT017,3575.4875400359547
FDQ37,OUT019,1200.3206436804098
FDN03,OUT017,4165.545624886137
NCX30,OUT045,3851.0592724465164
FDK32,OUT019,571.4022013655613
DRM47,OUT013,3105.257284316386
NCO02,OUT046,1060.4705388514906
FDP04,OUT013,1022.8266046829826
NCO43,OUT049,1707.941795231197
FDD59,OUT013,1364.1594619421942
FDQ10,OUT017,2893.2621061800373
FDW45,OUT035,2524.6383838539396
NCK30,OUT049,4103.818121287968
FDU31,OUT018,3224.656534351998
NCQ17,OUT019,549.0653000886385
FDN01,OUT017,2990.2954807083847
FDZ19,OUT049,2960.788091686387
DRG37,OUT017,2595.221289132845
FDE32,OUT045,567.9388463149542
FDO34,OUT049,2758.1574760937415
FDM04,OUT019,0.0
FDZ25,OUT049,2847.0727737556945
FDU08,OUT049,1732.2093538679133
NCW30,OUT045,4066.2717073400045
NCM18,OUT013,933.4390547277179
FDS22,OUT035,840.1190238079406
NCH18,OUT017,4013.2582161097444
FDC23,OUT013,2876.621498845354
FDY46,OUT013,2972.396274635458
NCU06,OUT046,3595.2364581813363
FDX57,OUT045,1516.9171409988962
FDX36,OUT027,5022.003371459852
FDL16,OUT045,698.0091354162992
FDT16,OUT010,2277.981427906224
FDN16,OUT018,1367.860768872396
FDC03,OUT046,3165.5778963304624
DRF60,OUT013,3817.8873576458004
FDS27,OUT027,4564.689359725802
FDP33,OUT010,2162.3855143233577
FDJ36,OUT018,1346.0778291211438
NCR42,OUT013,489.2238653813733
FDV14,OUT017,1487.052473868926
NCP42,OUT035,3255.418965236287
FDB50,OUT027,2714.706475564085
NCC30,OUT027,4158.96456311544
FDA23,OUT018,1378.652836498638
FDW16,OUT017,1567.6198463015235
FDQ52,OUT010,2037.7453337990205
FDB58,OUT049,2406.917551342505
NCP29,OUT049,1124.7980733598497
NCM05,OUT045,4174.752750093821
FDO25,OUT013,3459.3120928834715
NCM54,OUT046,1972.3422971238072
NCL54,OUT046,2719.643449101095
FDL39,OUT010,988.348909826223
FDF53,OUT018,2566.8699591636423
NCQ42,OUT035,2122.4851452298153
FDF58,OUT013,1023.7501409877442
FDZ04,OUT035,1203.636421455143
FDE26,OUT019,442.4945526468028
FDS60,OUT017,2975.312837230896
FDV58,OUT017,3266.3827191824676
FDM04,OUT045,791.4371005146021
FDE08,OUT035,2530.9153574199627
NCB43,OUT049,2982.8686520420297
FDU11,OUT010,100.39366817022005
FDF22,OUT019,1498.8467448744573
FDE24,OUT013,2271.687968736796
DRJ49,OUT046,2117.076188240255
NCQ53,OUT035,3883.461895422166
NCL41,OUT013,556.891245889304
FDR22,OUT013,1763.8190211376223
FDH04,OUT035,1670.2410946561517
DRH15,OUT045,549.4793458693177
FDY40,OUT049,854.6258955645455
NCI17,OUT035,1734.891122667534
NCC18,OUT013,2703.110976349036
FDY28,OUT027,4809.811958384002
FDB45,OUT027,3074.5815177702016
NCL30,OUT018,1679.8314933360698
FDM10,OUT017,3520.4613922384333
FDH22,OUT027,3498.4450969847103
NCZ53,OUT017,3161.066352781472
NCI18,OUT013,3481.1144727739934
FDH14,OUT027,3702.7678031051723
FDR36,OUT027,2149.529303761002
FDW01,OUT045,2414.498724231573
FDK02,OUT027,3370.811923322629
FDJ02,OUT018,2104.4292357683785
FDU55,OUT013,4196.637664988888
NCV18,OUT027,2739.3898886707475
FDH14,OUT018,1973.6840482351192
FDZ37,OUT045,1442.0151025901148
FDX49,OUT049,3889.9444914341148
NCD43,OUT046,1643.2541720882516
FDZ07,OUT013,1028.8160227147725
FDK43,OUT035,2227.8247937388082
FDR32,OUT018,3467.897462631966
FDT39,OUT013,2493.072250161623
NCV54,OUT017,2011.6656523883307
FDF38,OUT018,453.7498604913775
FDV60,OUT046,3135.9242764521123
FDH44,OUT027,3738.8492681120533
FDS21,OUT046,965.6358168681008
NCL41,OUT045,502.193017896386
FDM46,OUT017,1683.8164710770652
FDU27,OUT045,750.4614509755663
NCJ54,OUT017,3817.414859007394
DRG51,OUT018,2263.7006031701203
NCA29,OUT019,768.6367523831202
FDR47,OUT045,3056.8889822674255
NCL19,OUT027,3629.1759439259204
DRG01,OUT049,1287.0588643943456
FDG10,OUT046,979.4777427101848
NCV05,OUT049,2515.430591960616
NCH18,OUT019,1948.1416963965457
FDV14,OUT018,1085.9017439648603
DRJ23,OUT035,3188.983529332797
DRJ11,OUT046,3020.9804412198228
FDZ03,OUT017,3105.627522363012
FDI27,OUT010,0.0
FDJ14,OUT018,1100.7312947244395
FDU32,OUT017,2129.2045075031892
FDD47,OUT027,4212.2494465399905
DRF36,OUT035,3180.482349832073
FDM21,OUT046,4107.835919641788
FDV10,OUT018,463.1764418926307
FDH60,OUT018,2819.0998167600847
FDX47,OUT010,656.0154946496646
FDT19,OUT019,954.8878460008789
FDO11,OUT045,4007.842106577922
FDH24,OUT027,3898.2391974136635
FDL02,OUT018,1465.715980015634
FDB02,OUT049,2962.512463472581
FDA43,OUT046,3185.3969874662257
FDG52,OUT045,689.4072898045229
DRC12,OUT013,2999.0021519764223
FDY37,OUT018,2027.4161698094588
NCU18,OUT045,2148.458708607872
FDU09,OUT035,1109.0402900344448
DRJ25,OUT027,2177.8484187510016
DRE12,OUT018,1568.8903406079967
DRL47,OUT017,2110.226130403961
DRK01,OUT046,1554.2035882744499
FDC22,OUT019,1193.4421608516332
FDG44,OUT013,940.0099958512293
FDW04,OUT035,2267.134132648422
FDK09,OUT049,3730.8605652374395
NCN43,OUT035,2090.8366823415963
FDG04,OUT049,3074.3695413804626
FDH32,OUT010,0.0
DRI47,OUT017,2462.9089286142002
DRE15,OUT013,1090.6862355519743
FDY11,OUT035,1297.4372985800326
FDO60,OUT049,777.0777524022749
FDQ20,OUT018,460.9082317651888
FDO57,OUT027,3957.0364636705735
FDT14,OUT019,26.18075299577231
FDA57,OUT049,720.9047505678793
DRN35,OUT017,745.7515537532562
FDJ03,OUT046,822.0609175578338
FDX28,OUT017,1784.0898550213055
DRE25,OUT045,1388.548697354559
FDR09,OUT046,4148.623920971702
FDB23,OUT035,3792.2864036160263
FDO08,OUT045,2624.8444238816487
FDQ23,OUT049,1758.4563437524218
FDW04,OUT013,2107.9245921520114
DRK13,OUT010,1262.7299028184982
NCL17,OUT027,3677.552548487226
FDY21,OUT035,3282.5484134130593
FDJ38,OUT027,4492.337103150518
FDA37,OUT019,184.56581873826656
FDV43,OUT013,755.9799588955448
FDL36,OUT046,1473.3712886051703
FDD53,OUT045,588.6602180190538
FDZ19,OUT010,1001.2365456536082
FDV21,OUT045,1987.44604806796
NCL54,OUT018,2445.6547756595883
DRI47,OUT027,3711.13122331801
DRG03,OUT049,2447.4718792425806
FDG21,OUT013,2506.458341642202
FDW03,OUT018,1465.5064365228022
NCI55,OUT046,1859.8762959278918
DRC36,OUT019,881.5169731759439
FDH22,OUT017,2239.085671254582
FDV20,OUT045,2005.8058838584534
NCU41,OUT027,4429.99462400148
FDN46,OUT027,3117.7728313078474
FDK50,OUT045,2609.4335742234834
NCA05,OUT027,3699.1863505292536
DRH01,OUT018,2467.714640816109
FDT08,OUT018,2162.788231807318
FDM08,OUT018,3371.6143509915537
FDZ07,OUT035,1175.2714707155014
FDS22,OUT017,859.4829407022643
FDV35,OUT027,3898.793107231225
FDI28,OUT010,0.0
FDW58,OUT027,3100.6342675393726
FDT52,OUT045,3877.8999406339212
FDY34,OUT046,2653.722671899761
FDR10,OUT046,2561.986608713849
FDK57,OUT017,2091.1616257825613
FDR02,OUT027,3138.0413155145066
FDX49,OUT046,3831.183517485035
FDQ20,OUT046,723.7343751946675
DRK23,OUT045,4007.7331822935435
NCW06,OUT046,2994.576484561279
FDR31,OUT017,2553.689851339744
NCE43,OUT013,2657.000938401179
DRO59,OUT027,2645.1112836798475
FDN09,OUT049,3998.839150603648
FDR11,OUT046,2618.478152045702
FDO57,OUT013,2573.294676554587
NCX18,OUT017,3215.5991449833245
FDB05,OUT018,3739.1691126830283
FDQ08,OUT018,730.6159730594588
NCG43,OUT035,1583.082778594609
FDJ56,OUT013,1707.5615267318367
FDA13,OUT010,0.0
FDO56,OUT017,2056.194804284267
FDB37,OUT018,3544.531606191052
FDZ02,OUT018,1312.8356380635191
FDQ24,OUT046,3993.96372741163
FDM16,OUT013,1214.0768882611194
FDU35,OUT049,1736.7215020687097
FDT35,OUT035,2858.9600479434584
NCX30,OUT049,3966.5031259212737
FDG04,OUT017,3120.452337456205
FDI12,OUT035,1579.871874468714
FDE35,OUT035,1203.6324694891848
NCP14,OUT027,3070.079573027381
NCY53,OUT045,1652.6005711973103
FDP49,OUT017,1068.9449704842689
FDQ04,OUT017,843.4957538776539
FDM39,OUT035,3064.1040097604814
FDO58,OUT019,667.1095620360758
FDC56,OUT017,2117.2637285582227
NCQ54,OUT046,2601.038456883921
FDV10,OUT027,2130.078460032303
NCK17,OUT046,637.710842416063
NCF55,OUT027,1967.649605915184
FDV33,OUT013,4187.823397429039
NCH29,OUT019,0.0
FDA37,OUT027,3483.3988611771865
FDH46,OUT018,1405.6387559821728
FDS25,OUT035,2016.6738146626974
FDH04,OUT027,2869.2722811512776
FDX52,OUT046,3064.0197022769034
NCD42,OUT017,689.1386282921337
FDW47,OUT017,2099.294877930626
FDL25,OUT027,2952.3979156406726
NCJ06,OUT010,0.0
FDY09,OUT013,2784.715533267988
FDS40,OUT046,586.4142966692315
FDH41,OUT017,3586.6158548723806
FDG38,OUT035,1594.8282869100535
FDU03,OUT027,4286.456197710246
FDV20,OUT046,2060.8953926401746
DRB13,OUT045,3017.210048372831
NCQ30,OUT013,1902.9427808799667
NCH06,OUT013,3872.376195800872
FDU50,OUT018,1576.708068186715
NCO42,OUT019,313.0937183444197
FDW09,OUT018,1022.6094615123316
FDH04,OUT013,1488.711688140947
FDC21,OUT045,1712.3148216072934
FDL21,OUT049,736.8596136825124
FDM46,OUT010,0.0
FDT22,OUT019,0.0
FDB28,OUT035,3375.4585818605556
FDI12,OUT018,1177.36586198397
FDA28,OUT045,1949.033497764795
FDF59,OUT013,2098.91025597505
FDM45,OUT027,3395.5453825533323
FDQ56,OUT017,1546.204780775664
FDR46,OUT049,2418.435729791728
FDT01,OUT013,3448.6114345693713
FDD16,OUT027,2559.0969874912353
NCU30,OUT010,663.5220817121204
FDM40,OUT010,412.8902659619989
FDI56,OUT035,1733.7579450544927
NCS30,OUT013,2029.8138231804776
FDU08,OUT017,1776.699494472699
FDX51,OUT027,4562.509995352255
FDA43,OUT045,3149.439468814632
FDX59,OUT010,0.0
FDC37,OUT018,1426.3181736363695
FDP58,OUT013,3530.593925238588
NCY42,OUT035,2422.630952086256
FDF21,OUT018,2819.7870315672308
FDU10,OUT027,2046.8497443820893
DRL47,OUT018,1699.5096734215967
FDA58,OUT018,3558.98937956707
FDJ22,OUT049,3151.432519247724
FDK50,OUT046,2640.609545942525
FDO38,OUT035,1446.6906301069946
DRF60,OUT035,3994.6343124979694
NCZ42,OUT019,1818.9844136897404
FDD35,OUT049,2033.6629235786097
FDL25,OUT045,1496.4269751091774
FDJ16,OUT013,944.009151866308
DRK59,OUT049,3866.573750889441
FDI50,OUT046,3763.0832861662548
NCB19,OUT045,1325.2440173143732
DRI37,OUT035,1102.840762469377
FDA14,OUT027,3757.0606535048537
FDC08,OUT018,3384.9340917965064
FDS45,OUT046,1730.1029507254925
FDI21,OUT049,1155.2335646317638
DRJ47,OUT035,2934.773006859814
DRE37,OUT027,4406.63163608335
FDT55,OUT018,2299.87689026749
NCG42,OUT027,3382.5080616294413
FDA31,OUT049,2899.3304207489805
NCW42,OUT046,3469.8849979075703
FDF50,OUT017,3342.5439572123564
FDK56,OUT049,3135.176740633414
FDX10,OUT035,810.5055409488651
NCK07,OUT027,3994.54508978505
FDZ49,OUT017,3739.735720430584
FDR33,OUT013,1789.065283922623
FDO44,OUT018,1552.040869460273
FDA20,OUT046,3063.205342502568
NCL30,OUT045,1914.6696068384001
FDI05,OUT019,0.0
FDQ12,OUT018,3392.157101508615
FDH47,OUT017,1709.2616489518707
FDH34,OUT018,2735.010024281932
FDF29,OUT046,2089.8132309523808
FDG40,OUT018,275.7612288211229
NCE18,OUT017,4073.007114293657
FDP21,OUT010,1166.3509621673916
FDY50,OUT013,1470.0690152138602
FDB36,OUT049,2201.8455031036374
NCZ29,OUT049,2086.3223872365033
FDU20,OUT018,1647.6032938408616
FDO56,OUT013,1952.5519627130932
FDW31,OUT049,3300.380857940376
DRH59,OUT013,1227.1692166292626
NCB30,OUT017,3226.389178177311
FDK43,OUT027,3489.0329640990194
FDW43,OUT045,3622.7994910859115
NCL19,OUT017,2347.4719469094725
FDJ27,OUT046,1613.106374545343
FDC45,OUT046,2747.0231973448945
FDY40,OUT035,974.6388368130526
NCM41,OUT035,1595.8971455479239
NCK18,OUT019,678.5040053764833
FDP37,OUT049,2179.6840728584693
FDA27,OUT027,5452.127005202434
NCX30,OUT035,4045.835680755191
FDR09,OUT017,4226.369192747869
FDG08,OUT027,4210.195537757876
NCU30,OUT013,2623.6630007980307
FDB16,OUT017,1569.64637691273
FDM16,OUT017,1333.6614848601828
FDC48,OUT013,1344.6969135192683
NCF18,OUT046,2958.018531268544
FDU46,OUT018,1149.4422758980174
FDH41,OUT018,3172.7094588377313
NCN42,OUT010,337.2838290665416
FDU49,OUT046,1431.3665233870195
FDB20,OUT027,2725.696459677485
FDG50,OUT019,0.0
FDW20,OUT045,1909.9910845311008
NCO55,OUT049,1804.5310401912516
FDX48,OUT046,2463.5526010440776
FDU48,OUT046,2108.6441135215123
FDR48,OUT019,540.5444743850624
FDK27,OUT013,2006.060558373536
FDT35,OUT013,2653.5150303197297
FDN12,OUT049,1843.355110923244
NCE31,OUT019,0.0
FDL21,OUT017,795.697028965185
FDV56,OUT017,1874.3078520461004
FDR16,OUT017,3597.5248996150776
NCP41,OUT049,1785.8927972485658
FDJ27,OUT013,1641.410827216833
FDA07,OUT017,2168.4024086136315
FDK55,OUT049,1508.995042000167
FDM33,OUT049,3614.7061901412967
FDY46,OUT046,2977.5713016149803
FDD36,OUT046,1897.90078809134
FDB12,OUT027,3055.275559859578
FDF28,OUT019,83.32264550408831
NCE07,OUT019,347.76656930618225
FDW50,OUT027,4047.0956771479277
NCW18,OUT017,3849.7704242014574
NCJ17,OUT019,0.0
DRZ24,OUT010,41.55764643989619
FDS07,OUT035,2058.532152805143
NCW05,OUT010,0.0
FDZ22,OUT018,1093.568473230417
FDK02,OUT046,1944.410879242003
FDZ45,OUT027,4553.057194809008
FDL25,OUT046,1524.410349139111
FDS08,OUT045,2841.170998215228
NCZ42,OUT027,5121.638920100367
FDX57,OUT035,1713.2869937686137
FDF21,OUT046,3096.9597715650716
FDJ56,OUT018,1374.9915955043637
FDX10,OUT013,644.917925748348
DRG48,OUT035,2510.0271773295026
DRN37,OUT046,2682.9366279979877
NCY41,OUT018,249.72573241710666
FDN28,OUT045,1637.2300215229384
FDE34,OUT045,2885.672434936065
FDR10,OUT045,2559.5076314022476
FDC32,OUT017,1642.887488556763
DRG13,OUT046,2596.3661193953094
FDP59,OUT049,1751.9337800946964
NCT53,OUT010,765.4378006111647
FDL57,OUT027,5517.75670779772
FDN32,OUT010,1084.6305867545918
FDK09,OUT018,3366.2320039789724
FDA52,OUT010,935.4706079583588
FDC57,OUT049,3185.285118106216
FDI09,OUT035,4076.6042930150134
NCB07,OUT046,3080.4724484685894
FDP26,OUT035,1850.9205137446343
FDP40,OUT027,3233.120168252633
FDL15,OUT013,2431.617225478677
FDV07,OUT046,1848.4090398721837
FDS03,OUT017,1231.0139193876066
FDE50,OUT049,3070.437894617712
FDQ15,OUT017,1396.9486250245018
FDQ33,OUT010,519.9707740136628
FDT22,OUT013,968.0021307972181
DRO35,OUT035,2046.862427184964
FDJ41,OUT049,4288.399108852777
FDQ27,OUT035,1909.945510177984
FDC26,OUT017,1994.800728005286
NCF43,OUT027,3656.370711621679
NCR50,OUT035,2523.9401324384116
FDE39,OUT018,1674.660556187898
FDN49,OUT027,2064.767184389132
DRG11,OUT035,1927.4069924195628
NCA18,OUT049,1918.9870326783853
FDM36,OUT018,2495.8705093062063
FDW32,OUT017,1527.0797444196864
NCQ18,OUT010,0.0
FDX14,OUT027,2630.048417099046
FDD46,OUT017,2620.9858602860013
FDI34,OUT019,1823.1935407308645
NCJ17,OUT035,1535.514908599017
FDB52,OUT035,4256.505677191189
FDV55,OUT018,2050.5842325433887
FDC57,OUT046,3077.101722648394
FDB29,OUT046,1823.9494462650268
NCO43,OUT035,1776.1134518345323
FDG44,OUT045,878.9377959445751
FDJ34,OUT045,1994.035248887475
FDH40,OUT049,1408.2265171478957
NCD07,OUT027,3159.322038590662
FDB41,OUT017,841.2765951404539
FDH47,OUT018,1303.3512000341457
DRK37,OUT035,3219.853746029942
FDM25,OUT019,953.4074237529766
NCX06,OUT045,2786.4544051146067
NCS05,OUT017,2240.722865884977
FDS39,OUT045,2279.909836825207
FDC47,OUT027,5027.216654020249
FDG20,OUT013,2892.5100709855974
DRL23,OUT017,1814.5165371955159
FDY33,OUT013,2546.3864058940057
NCH18,OUT045,3808.6821581084896
FDX47,OUT035,2708.407839398444
NCB06,OUT045,2446.855423184609
FDP36,OUT049,908.9027609038923
FDW44,OUT018,2544.1926849719252
NCU41,OUT018,2740.769680888869
NCS17,OUT046,1491.724316340228
FDD46,OUT035,2705.2393790980195
FDE45,OUT017,3021.030188617008
FDI09,OUT017,4035.396000371661
NCJ54,OUT010,1801.7826407460116
NCA29,OUT018,2437.6329190145652
NCN41,OUT027,3321.4347170720566
FDY34,OUT035,2818.917414323534
NCG55,OUT035,1954.0269129199971
DRM49,OUT046,741.8949083850373
NCB42,OUT049,1913.1809230955018
FDE58,OUT045,1805.8047261979416
DRJ25,OUT013,803.6757316892853
FDS47,OUT010,0.0
FDY21,OUT049,3259.021827771065
NCI54,OUT013,1721.4128441990822
FDO24,OUT017,2685.4829499232706
FDY43,OUT035,2905.2916609593462
FDF35,OUT018,1474.6987067106702
NCP29,OUT019,0.0
FDN28,OUT027,3062.9221253557625
FDJ50,OUT018,633.3793197099951
FDQ14,OUT027,3837.80018047077
FDC37,OUT035,1895.790977882597
FDN08,OUT046,1976.7449375827318
FDD04,OUT035,2427.2978133818538
FDW34,OUT018,3651.1102786752167
FDP04,OUT017,1163.134878441111
NCG07,OUT017,3082.8561423228134
NCN14,OUT018,2613.236901036739
FDJ16,OUT045,898.8808120601268
NCM42,OUT045,1672.0475612830412
NCF19,OUT046,746.1318206424897
FDY21,OUT018,2881.6426548622535
FDY19,OUT035,2037.9240910804021
FDV09,OUT045,2364.25939379209
FDA28,OUT013,2005.3281021119337
FDC38,OUT018,1897.790430980694
FDL28,OUT045,3639.95978428736
NCH43,OUT049,3521.4914316423524
NCN53,OUT045,513.34483790921
NCW05,OUT017,1807.2563092883
NCO30,OUT018,2610.096764194924
FDT04,OUT019,0.0
FDB27,OUT018,2901.0150081695397
NCK07,OUT013,2644.2793681021767
NCA53,OUT013,769.618057581395
FDB33,OUT018,2310.9871519712988
FDU37,OUT017,1470.251151693737
FDR13,OUT035,2071.6876461667925
FDE45,OUT049,2981.321978948282
FDV37,OUT017,3312.087473910042
FDX44,OUT019,0.0
NCL06,OUT017,4246.609646816625
FDJ28,OUT045,2990.746377510722
FDX55,OUT049,3615.7729695856106
NCK17,OUT018,366.9137445728351
FDH52,OUT035,1178.7819042888273
FDN13,OUT027,3018.118944791341
FDK44,OUT018,2504.4893752208372
FDU16,OUT046,1284.775648063801
FDZ07,OUT017,1132.464912384077
NCN06,OUT027,4003.2702427200948
FDH02,OUT010,0.0
NCW18,OUT045,3646.2200641810205
FDH57,OUT013,2142.551804217271
FDV35,OUT045,2425.2843257644636
NCU29,OUT013,2324.926731236132
NCP02,OUT046,921.6786787846546
FDN44,OUT013,2624.702446734473
FDX03,OUT018,452.90214599908074
FDR11,OUT010,676.8653890531984
FDA36,OUT046,2995.62777484593
FDP58,OUT027,4899.9848408431935
FDH31,OUT045,1540.4910529960437
FDH34,OUT035,3193.3227553267034
FDS13,OUT035,4457.232017529402
FDT01,OUT018,3175.0140781462906
FDY09,OUT049,2902.85567532416
FDV33,OUT027,5546.062334437079
NCW29,OUT010,125.25967566759573
NCN17,OUT045,1545.714979964372
FDX01,OUT046,1947.8837354560317
FDL03,OUT049,3214.2829285626876
DRL59,OUT049,951.2536456383955
DRM11,OUT027,5624.552701632179
FDA43,OUT049,3288.7977312071716
FDZ56,OUT010,841.2211136159167
FDI44,OUT018,1005.6595082469108
FDB50,OUT013,1326.185170374421
FDU15,OUT019,0.0
NCJ19,OUT019,0.0
FDD48,OUT013,1874.004081560915
NCW42,OUT035,3623.9195622145407
FDL24,OUT017,2933.406602223549
NCB30,OUT013,3103.6169189888647
FDK25,OUT013,2745.775468058157
FDW28,OUT049,3181.8493886466995
FDD47,OUT017,2944.9196592774033
FDK16,OUT019,0.0
FDW37,OUT046,1501.5222068147
FDA48,OUT035,3713.001723947815
FDA14,OUT017,2465.8006615329587
FDV15,OUT013,1681.9734245518634
FDN22,OUT049,4103.1286429406755
NCD55,OUT045,557.371875951698
FDY43,OUT013,2730.1384550609514
NCU05,OUT017,1396.0383019347853
FDF10,OUT035,2536.1806565183715
FDR39,OUT018,2658.999593849803
FDG40,OUT013,539.7889610134248
FDZ28,OUT019,82.44424596861825
FDE02,OUT045,1526.3304751387027
FDU60,OUT049,2759.3742289315883
FDM21,OUT013,4096.283364146881
FDV52,OUT019,0.0
NCW06,OUT013,3002.1559532153715
FDX36,OUT035,3795.879167509004
FDT35,OUT027,4099.43725618888
NCL19,OUT010,340.6402912207687
NCD31,OUT046,2586.0941727997515
FDE53,OUT019,0.0
FDW58,OUT019,0.0
DRF48,OUT046,3021.4565610216073
FDW57,OUT035,3018.6799723378235
DRH13,OUT017,1851.065494333236
FDT33,OUT013,2729.884307642953
DRK47,OUT027,5054.123278877354
FDY22,OUT010,397.0881850377817
FDC35,OUT019,1492.2885042575092
FDO03,OUT013,3687.7857544378467
FDF24,OUT045,1252.86215102304
FDF56,OUT018,2643.0221081871264
FDD28,OUT013,934.800678117598
FDG53,OUT027,3679.0797964598655
FDO27,OUT019,0.0
NCF54,OUT018,2393.09766447101
FDC20,OUT027,2341.1084204800636
FDU10,OUT046,650.7406479593512
DRA24,OUT018,2301.33125087429
FDA02,OUT010,418.1782226307654
FDG10,OUT017,1095.4794184483032
FDW39,OUT010,1005.6119954926571
FDP04,OUT019,0.0
NCM55,OUT013,2925.053533094133
FDG47,OUT045,4153.929856255345
NCU41,OUT017,3148.2979060136586
NCK31,OUT017,943.3353909850593
FDZ46,OUT045,1746.5100971682477
FDU13,OUT027,3860.038987396795
NCF19,OUT045,695.8243079186701
NCJ43,OUT013,2742.14667716014
NCJ05,OUT045,2352.6034318135853
FDS04,OUT027,3634.831791117384
FDX28,OUT010,0.0
FDB41,OUT027,2111.8040396609263
FDG53,OUT046,2281.3763984339066
FDL15,OUT010,546.5603978123781
FDQ08,OUT049,1098.4366642618318
DRN36,OUT013,1538.6265684945097
FDI46,OUT013,4078.285216408154
FDG16,OUT027,4809.595873448588
FDV32,OUT013,1086.4755484857976
FDF44,OUT010,296.94349615107814
FDK04,OUT018,659.80187806152
NCA41,OUT013,3052.0852349198763
FDD51,OUT017,857.3685292666489
NCZ53,OUT045,2953.303056883582
FDP01,OUT027,3819.317915127812
FDY25,OUT049,3036.5578128642137
FDB17,OUT018,2598.595101310291
NCV54,OUT018,1592.9777810989895
FDJ32,OUT017,1203.7389939745697
FDA37,OUT049,2154.02182179819
FDG35,OUT035,2924.067843551077
NCM05,OUT018,3987.744566129504
FDG45,OUT046,3475.7048516834893
FDH28,OUT013,622.5273756420124
NCE18,OUT049,4017.354604261169
FDH38,OUT045,1911.9313217951817
FDR56,OUT013,3212.078653261484
FDH17,OUT027,2923.0218549159354
FDD39,OUT049,3561.674932262463
FDB41,OUT049,820.6957349702516
NCR53,OUT046,3569.026275971293
FDX46,OUT017,1080.782903101304
FDV28,OUT049,643.2026075975768
FDA08,OUT018,2426.0485918799877
FDH45,OUT017,853.0506217431862
NCS38,OUT010,0.0
FDD40,OUT010,1161.9293213266715
DRM59,OUT035,2662.4263587894934
NCJ43,OUT018,2506.813255981864
NCN29,OUT013,776.0539651514594
NCC19,OUT045,2991.107275314809
FDR56,OUT035,3345.779651025213
FDZ43,OUT049,4011.4982408795317
FDJ32,OUT010,0.0
DRH03,OUT017,1470.3025771131106
NCZ54,OUT035,2720.759111378357
FDE26,OUT017,2530.8960238481914
FDS03,OUT045,1024.8411265666002
DRZ24,OUT019,25.804704906810684
FDO48,OUT027,4925.115574202828
FDW39,OUT049,2939.6105794291734
NCK05,OUT049,1030.5809385954974
NCK30,OUT017,4133.9620420476695
FDT27,OUT018,3515.4692768315467
FDS08,OUT019,1014.2867299794375
NCJ19,OUT049,930.5402452223564
FDC58,OUT045,670.9605656383903
DRE37,OUT013,3000.5683060945003
FDW02,OUT035,2245.5369696599832
FDJ02,OUT010,505.445928531051
FDX09,OUT045,2815.2610206176455
FDT31,OUT010,1117.308387946614
FDI24,OUT049,2955.2285615866417
FDY09,OUT045,2763.4959920481256
FDV28,OUT045,502.24944502212554
DRM47,OUT049,3180.3517178982306
FDT52,OUT019,2036.530789379937
FDI48,OUT018,602.7490986792759
FDY55,OUT017,4261.271564924644
FDU48,OUT013,2092.30875041372
FDN25,OUT045,895.2016638316096
FDP20,OUT049,2131.2442916150467
FDJ15,OUT013,2984.298654751349
FDD04,OUT018,1964.2148941631174
FDY58,OUT045,3642.2657214947076
FDR37,OUT018,2668.9048793777
FDF44,OUT013,2156.3229124498866
FDD32,OUT045,1296.6574625177611
FDR57,OUT017,2681.5729836571727
DRG39,OUT027,2150.3972554849897
FDX15,OUT017,2680.7420133037094
DRN37,OUT045,2605.52809444512
FDW40,OUT027,3658.0620624409503
FDB32,OUT049,1595.7816962233085
FDM40,OUT018,2034.0681622115037
FDE39,OUT027,3367.0768381769863
DRH49,OUT017,1405.4160796416477
FDT46,OUT049,907.3014614362196
NCF06,OUT035,4260.888351987416
FDP07,OUT017,3289.8281321730733
FDC04,OUT013,3839.1604372305696
FDZ32,OUT017,1862.679979276324
FDD50,OUT045,2685.1411641722534
FDU56,OUT017,3115.7886096676903
FDV34,OUT017,1313.460336270457
NCY41,OUT013,558.3909778160659
NCK18,OUT046,2615.4039411384147
DRH25,OUT049,887.005369700496
FDT57,OUT046,3814.0365196377347
FDV56,OUT018,1468.3751038813407
FDV12,OUT045,1500.1673294206453
FDN52,OUT017,1566.6524379226225
FDX38,OUT035,962.0482799739295
FDE47,OUT018,1725.6075909650563
NCO07,OUT013,3373.7579941968693
FDV09,OUT027,3823.4334180776164
FDZ23,OUT019,1036.0110288859346
DRH51,OUT018,998.0228618232336
NCY54,OUT045,2670.2418145252723
DRG49,OUT013,3954.1549855279054
NCC19,OUT049,3146.4084153199146
NCV53,OUT045,3801.103184182586
FDZ47,OUT019,0.0
NCO26,OUT018,1533.986102422704
NCP02,OUT045,904.8521940184114
NCW30,OUT018,3858.5355009488753
NCN55,OUT046,3820.9093173804295
FDB20,OUT010,0.0
DRL11,OUT013,2536.7111387862833
DRD60,OUT045,2828.194346634993
FDW14,OUT010,0.0
FDL27,OUT010,0.0
FDU09,OUT018,661.8906608046321
DRH36,OUT027,2572.59891551014
FDP34,OUT027,3918.9882712599215
FDE04,OUT017,2943.6060653770455
FDZ57,OUT027,3514.2029866338753
FDF02,OUT010,0.0
FDG28,OUT045,3883.1712994608783
NCI31,OUT046,504.72826575104693
FDT43,OUT013,861.9529545267213
FDU20,OUT046,1958.259588093019
FDD53,OUT013,678.4339817824059
FDW15,OUT045,2348.1958898170788
NCT53,OUT045,2565.4856806793023
NCG55,OUT027,3165.810170808615
FDD48,OUT035,2023.6473820659094
FDG47,OUT049,4339.523261589809
FDI21,OUT017,1202.914628263281
FDT27,OUT017,3911.8378131586105
DRO35,OUT013,1881.275904476237
FDD33,OUT017,3909.2225886729902
FDC04,OUT035,4041.416374259208
FDY34,OUT013,2656.5198143318366
DRJ49,OUT049,2151.919807332487
FDE05,OUT049,2391.0873276313964
FDU31,OUT017,3687.985031470009
NCN19,OUT027,4378.608086813233
FDK56,OUT027,4429.469694012893
FDK58,OUT017,1806.6301266120468
NCJ42,OUT035,1719.4974772161559
FDZ34,OUT027,4549.312123913361
FDA52,OUT018,2517.196701006472
NCR29,OUT013,904.2217426500997
FDT48,OUT035,3418.6287113404333
DRJ51,OUT019,1625.1710267622584
NCS54,OUT046,2783.9182033200977
FDV01,OUT035,2660.5477901686695
DRG51,OUT027,3897.1313424178006
NCG42,OUT013,2029.053136235558
FDA51,OUT049,1967.1869822922242
FDV19,OUT010,692.4386219666119
NCT18,OUT045,2799.0814961049937
NCS41,OUT045,2876.0767866677397
FDO03,OUT046,3684.988437832956
FDL12,OUT010,0.0
FDY37,OUT010,425.262124819676
FDI58,OUT049,1607.5411707198186
FDT28,OUT018,2110.072477830007
NCC42,OUT010,282.6456991576903
FDO01,OUT017,2197.5613386387745
FDJ02,OUT013,2378.024239228975
FDQ04,OUT018,435.966542358027
DRL47,OUT013,1993.8295267108617
FDZ32,OUT035,1948.5393032924085
FDC35,OUT035,3554.457190213847
FDX14,OUT045,1129.4292751457301
FDZ35,OUT013,1713.779395090402
FDL14,OUT013,2564.7075135266514
FDO04,OUT049,947.5487724714518
DRK11,OUT017,2567.288004868634
FDB44,OUT018,3178.460650523574
FDZ50,OUT049,3043.649733630634
FDI12,OUT027,2853.828055722174
FDU43,OUT017,3936.2742722650246
FDD58,OUT010,0.0
FDB27,OUT017,3287.817215370024
FDB04,OUT018,1120.7342841439156
NCO17,OUT013,1896.9551525868426
FDL12,OUT017,1064.1937933677705
DRJ13,OUT049,2643.594380569341
FDD57,OUT045,1523.597561120958
FDW19,OUT035,1992.083599147042
DRD27,OUT018,1185.679274834063
FDH27,OUT027,3757.9442157841804
NCW30,OUT027,5538.201517746489
FDR40,OUT018,1024.9779777787714
FDG05,OUT013,2518.249611130984
NCY41,OUT019,0.0
FDI38,OUT018,3070.82790232063
FDR20,OUT046,711.0092824637969
FDE09,OUT017,1948.7164560019796
FDN50,OUT019,0.0
DRF27,OUT045,2283.219765394094
DRF51,OUT013,482.8453005483413
NCO02,OUT019,0.0
FDB51,OUT027,2434.6179550188945
FDJ50,OUT013,926.1064596866911
FDN52,OUT013,1388.0659987586253
FDX14,OUT013,1241.521098478102
FDT27,OUT019,1888.5275397404796
FDV10,OUT013,711.2584926692957
FDU33,OUT046,767.6909231428622
FDU58,OUT046,3021.141799937867
NCP42,OUT027,4483.147434165308
FDL51,OUT027,4781.405565733235
DRH15,OUT027,2034.1507405561729
FDU16,OUT017,1469.338049553162
FDW15,OUT017,2535.2351856720184
FDQ44,OUT045,1916.292878842767
NCI06,OUT027,4234.1459789370465
DRK23,OUT019,2163.525723155216
FDC28,OUT035,1943.9545740558942
NCY17,OUT019,0.0
NCV05,OUT018,2176.308144792267
FDM34,OUT019,194.49442797640728
DRD60,OUT027,4298.526406667857
FDT38,OUT046,1363.8214703092463
FDQ57,OUT018,2091.518670633889
FDE59,OUT027,2024.6549005969532
NCM43,OUT046,2579.744647473815
DRI51,OUT049,2678.5142672008615
NCG30,OUT017,2042.5504657603342
NCK54,OUT035,1953.54980782502
FDQ16,OUT019,0.0
FDI36,OUT013,3171.8437580349
FDX16,OUT027,3751.653258356406
FDA34,OUT046,2833.5145106191007
FDJ48,OUT018,3710.3647600205372
FDU47,OUT035,2408.550836634217
FDS39,OUT046,2344.56668973469
FDD11,OUT046,4065.793803768269
FDM16,OUT027,2601.0130531013347
FDU56,OUT018,2682.7515460461377
FDQ32,OUT017,2112.98923526584
DRK35,OUT013,673.8025020564608
FDA58,OUT049,3861.443990224153
DRG48,OUT019,409.63926388049936
FDT59,OUT010,1827.4681960786916
FDQ31,OUT019,0.0
FDS51,OUT018,768.4705001343332
FDW32,OUT027,2815.145277403222
FDI15,OUT027,5629.161687177585
NCV30,OUT017,1044.358810929361
DRG25,OUT049,3081.826175527136
FDT02,OUT013,551.9471459249172
FDO33,OUT027,3235.6115747526474
FDP38,OUT035,1049.5939747129378
FDZ45,OUT035,3338.081711056605
NCA54,OUT027,4209.018170170086
FDU33,OUT017,904.4320599964337
FDN58,OUT017,3876.7503867912587
FDI05,OUT045,1179.3182697908665
FDM57,OUT019,0.0
NCS42,OUT027,2805.958401339833
FDB57,OUT045,3500.392338344917
FDC03,OUT045,3110.4888531022525
FDZ58,OUT013,1927.4400683921353
NCK29,OUT045,1955.5968776678249
NCR53,OUT045,3523.505962611034
FDE26,OUT027,3795.047863358466
FDU52,OUT049,2579.772503580218
FDE41,OUT027,2757.7613641309285
FDU38,OUT018,2781.378830221348
FDA52,OUT017,2932.6949399088935
FDW46,OUT046,1069.8020193117763
DRI59,OUT035,3786.734190064255
FDT38,OUT035,1509.8842432047973
FDL33,OUT018,2920.05585526126
FDQ01,OUT027,5458.728114757072
FDJ08,OUT046,3115.182868387918
FDQ47,OUT049,721.1412486466793
NCZ18,OUT013,4013.572592278066
FDE29,OUT017,1120.8076484453363
FDF10,OUT027,3752.7364191613515
FDC48,OUT049,1453.2707297840434
FDY58,OUT013,3685.8038309657886
NCX30,OUT010,1981.8390707446022
FDV11,OUT013,2878.1717891778685
FDT46,OUT046,819.8448893590664
DRD01,OUT019,0.0
FDQ11,OUT013,4167.0686793204995
NCM41,OUT017,1572.2159012620154
NCC55,OUT013,553.4267826492287
FDG45,OUT027,4898.161236719832
NCQ54,OUT049,2688.494016675684
FDM34,OUT045,2010.0688216204426
FDD17,OUT019,1909.5071419818303
FDN38,OUT027,5475.564708992102
FDB53,OUT018,2098.0046722150014
NCL06,OUT035,4294.201586969968
NCV18,OUT019,0.0
FDX25,OUT013,2952.554370022536
FDB39,OUT046,904.2067423691383
FDC33,OUT049,3306.471872774299
NCO14,OUT018,406.19802157429
FDA58,OUT027,5227.484400151141
NCQ02,OUT017,3059.810047956027
NCR53,OUT017,3740.843496384907
FDN52,OUT046,1429.9116395425388
FDG26,OUT046,4119.334927890813
FDE23,OUT027,2173.483625222706
DRI37,OUT013,932.4703942958105
DRH37,OUT018,2347.8207288854646
FDO01,OUT035,2198.9238116656043
FDK45,OUT049,2036.8064412984004
FDP23,OUT049,3618.171558865553
FDM33,OUT035,3684.4708135502115
FDD36,OUT017,2060.1387654141577
FDL56,OUT017,1543.0325653572736
FDT27,OUT010,1905.8927195131205
FDG52,OUT017,838.18370945932
NCL42,OUT035,3980.1470466160426
DRJ24,OUT046,2968.4451263166156
FDV38,OUT046,828.4436991780402
FDT35,OUT045,2654.6200557645097
FDY51,OUT045,3477.454105220816
FDC37,OUT017,1825.8742360771043
NCP43,OUT013,2855.8112588733884
FDO33,OUT045,1752.5318009628033
FDW04,OUT018,1837.5212758944654
NCC31,OUT046,2451.0206843300994
FDK22,OUT049,3572.4256819614843
FDJ50,OUT017,1079.1702291951676
FDV13,OUT017,1584.0603771540198
DRL60,OUT017,2571.0787620444034
FDW03,OUT017,1855.496346754152
FDY27,OUT035,3045.3061541553507
FDB39,OUT027,2287.56196632302
FDU59,OUT045,2608.3593324195585
FDZ57,OUT049,2183.2273696127936
FDO21,OUT049,3702.714408352901
FDS43,OUT018,2781.9370665508827
FDU28,OUT010,1092.9209219184963
FDC51,OUT010,64.66572831142048
FDW16,OUT010,0.0
FDP32,OUT010,189.96128321863205
FDB60,OUT019,1242.5494949108995
NCQ30,OUT046,1896.9572917456528
FDD26,OUT049,3109.43491388171
FDI44,OUT045,1219.769503593133
DRH23,OUT046,907.921238247315
FDO44,OUT046,1813.2737127659254
FDG04,OUT046,2991.6966529259835
FDM32,OUT027,2876.267041250251
FDM09,OUT013,2740.7113843638163
FDZ47,OUT013,1563.393291982364
FDM40,OUT027,3702.5486548693207
FDY48,OUT017,1765.2620493217582
NCM30,OUT045,549.2133419284013
FDX36,OUT010,1741.5014869321624
DRF03,OUT017,611.5185581811261
FDN51,OUT049,4234.865842300352
FDM57,OUT049,1461.3259498457567
FDB35,OUT049,1632.4661159255863
FDY13,OUT027,2702.0059529943846
FDA37,OUT017,2219.2402627935144
NCX53,OUT017,2344.6771464665962
FDD59,OUT018,1079.4080754034835
FDX10,OUT019,0.0
FDC03,OUT018,2882.0288998181354
FDW43,OUT035,3790.4726908756943
FDW10,OUT046,2795.182786216092
FDY14,OUT027,5620.323025796232
FDV43,OUT045,707.6609124302844
FDO40,OUT013,2387.509967111307
FDP46,OUT027,2864.5467201372667
NCE43,OUT019,736.2272439456269
FDD05,OUT035,2050.0373333844855
FDJ60,OUT010,734.249745406619
DRE27,OUT018,1149.9697264969557
FDO11,OUT035,4218.56152901299
DRG11,OUT027,3164.6953557053776
FDK33,OUT010,1524.6411407696937
DRM23,OUT045,2666.0303093661387
FDJ02,OUT027,3764.961045224881
NCZ05,OUT045,1618.3360777163707
NCL30,OUT013,1948.64132364289
FDZ19,OUT018,2594.5652948422753
FDM45,OUT049,2056.606461772341
FDO36,OUT046,2837.2263337050954
NCK31,OUT045,745.1378182204219
DRJ37,OUT045,2400.954699863194
FDP24,OUT018,1626.3185317199043
FDF46,OUT013,1895.588837865648
FDX46,OUT019,0.0
NCL18,OUT045,2963.526026149994
FDJ26,OUT013,3442.1715507577733
FDJ07,OUT045,1843.2240743216598
FDY15,OUT013,2469.608638179683
DRG01,OUT045,1128.567342110116
FDF58,OUT045,1004.1251299931722
FDZ14,OUT019,62.83115874150019
FDP31,OUT049,1148.5387603047684
FDH45,OUT013,728.6741573621143
FDA09,OUT010,968.1582051281871
FDW31,OUT035,3394.0617144790813
FDA57,OUT046,655.7683520325041
NCE55,OUT035,2957.23090372448
FDC17,OUT019,1479.1983073702859
FDC59,OUT013,1068.6540971959712
FDA22,OUT013,2762.4011772570684
FDK52,OUT035,3729.1042081724995
NCM26,OUT046,2379.468218371634
NCT53,OUT035,2838.3827044648733
FDW45,OUT018,2101.4012657462213
NCI18,OUT035,3640.3234764011395
FDE38,OUT018,2431.4372232642722
FDF08,OUT019,0.0
FDY58,OUT010,1791.0947513821338
FDF58,OUT019,0.0
FDX39,OUT017,3507.8886139137576
FDB44,OUT049,3535.1212186682606
FDF28,OUT013,2006.6301273853903
FDE39,OUT013,1913.1795643659964
FDT37,OUT018,3810.7791331780245
FDZ45,OUT017,3322.3755288727716
FDO40,OUT035,2554.6907828280105
FDM57,OUT027,2792.294791746333
DRG36,OUT017,2862.2191408448957
FDY36,OUT010,0.0
DRL60,OUT027,3836.837313280699
FDS25,OUT019,0.0
DRF49,OUT027,3212.3032594509687
FDP16,OUT045,3839.10845706434
FDS60,OUT049,2954.737047549815
FDU15,OUT027,2035.7341770268126
FDK43,OUT046,2073.790326152161
FDN25,OUT046,999.7149406595603
FDE53,OUT049,1771.0754829225675
FDB22,OUT013,2537.143052163863
FDE39,OUT017,2077.4053506112778
FDX35,OUT035,3857.965527307652
NCG54,OUT049,2749.042283989444
FDH27,OUT035,2533.408126251739
NCK42,OUT013,3421.3230830270404
FDS25,OUT049,1907.0530087454317
FDI10,OUT018,2522.6210130823792
FDU35,OUT035,1833.5897938897442
FDI04,OUT017,3306.363956380019
DRK23,OUT035,4220.0451590386865
FDB53,OUT019,452.9374301471311
FDY02,OUT049,4292.7634421579005
FDM60,OUT035,838.9239986746387
NCJ31,OUT010,1871.3976063266746
DRP35,OUT017,2139.3431367063868
NCQ30,OUT018,1659.6401619958356
DRL11,OUT010,656.4550481842659
FDU01,OUT013,2970.784324924514
FDR39,OUT035,3043.9694699258453
FDO08,OUT046,2708.631868183384
FDC02,OUT045,4125.516200526492
NCZ29,OUT035,2170.4364052612777
FDF29,OUT010,180.10672406039885
FDZ23,OUT017,3115.1519938777706
NCU53,OUT018,2372.0764658335816
NCW30,OUT013,4113.0000262609965
NCM26,OUT027,3804.277098444426
FDV50,OUT027,3363.727593558025
FDW15,OUT049,2441.3190509098436
FDI35,OUT027,4358.826824820124
FDO11,OUT017,4159.804714270739
FDN48,OUT046,1496.205497260642
NCA17,OUT049,2419.820494468434
NCN54,OUT013,1185.9438815800563
FDP22,OUT013,814.890181703298
NCB54,OUT035,2182.0170926915516
FDD08,OUT045,628.0093784193516
DRM48,OUT010,0.0
FDG41,OUT027,3184.9157902388915
FDE44,OUT027,2227.3461341130865
FDE26,OUT035,2537.0338397943738
NCS38,OUT013,1786.1653801587415
NCJ54,OUT018,3371.6222529429238
FDI40,OUT019,0.0
FDN45,OUT018,3297.7621227275495
FDU43,OUT046,3848.965221272117
FDI04,OUT010,1251.037383844086
NCC07,OUT018,1322.114411804927
NCC07,OUT019,0.0
NCD18,OUT045,3576.2565559330324
FDU55,OUT035,4327.14923428835
FDX59,OUT035,774.5927811999371
FDR52,OUT049,3132.0763371509597
NCP17,OUT013,966.4067644290056
FDQ32,OUT045,1927.5448443393016
NCT17,OUT049,3075.8410375307085
FDO10,OUT049,1023.6981531349398
FDE32,OUT049,683.3825000979775
FDN44,OUT045,2523.7679986687426
FDH02,OUT035,1665.33290087778
FDK60,OUT013,1586.2796516337414
FDS24,OUT019,0.0
FDL03,OUT010,1261.8534512972315
FDB46,OUT027,4826.883893000989
FDO48,OUT049,3643.5645783393466
FDZ39,OUT049,1732.1464773879738
FDT02,OUT027,1977.150029211104
FDC50,OUT013,1560.5129575763247
FDP39,OUT035,1022.340110804703
DRG15,OUT018,606.394512698066
FDP10,OUT018,1382.58924551769
FDF53,OUT027,4265.655441714725
FDN34,OUT045,2674.732381396786
FDK02,OUT045,1932.3760191038273
FDC23,OUT045,2785.25268512076
FDJ10,OUT019,387.5074403755513
FDE53,OUT035,1885.4829989986674
FDR25,OUT035,4452.7399016355175
FDW50,OUT046,2657.3666061495833
FDS09,OUT049,947.6239349500838
FDW49,OUT010,963.8570864253336
FDU51,OUT046,2849.05342655511
FDF28,OUT018,1728.2533606817644
NCY30,OUT018,2509.880663771426
FDD44,OUT045,4163.30908595964
FDX09,OUT017,3002.301017356648
NCF30,OUT013,1949.270527213368
FDZ50,OUT019,1058.5911489806012
FDW37,OUT013,1454.8957022581803
FDD11,OUT049,4191.513973683998
DRH39,OUT018,781.2755763820956
FDA36,OUT049,3075.1120179372456
NCG43,OUT049,1476.648420535693
FDF02,OUT035,1859.0748111280266
FDP57,OUT027,3025.8312505197227
NCE42,OUT017,3743.4796729388395
NCR38,OUT027,5366.446612324996
FDP03,OUT019,154.15982286366716
FDO51,OUT035,904.0896193156375
NCQ42,OUT046,1966.8564056182618
NCM41,OUT046,1421.1365911797234
FDH48,OUT027,2774.6729624512573
DRF60,OUT046,3778.4215801642204
FDJ27,OUT035,1794.2438854354166
FDQ14,OUT013,2442.894589340746
FDN27,OUT017,2016.5363841916014
NCQ02,OUT046,2964.5348662349065
FDJ33,OUT049,2119.141646978191
FDP07,OUT027,4555.574109214596
DRE01,OUT049,3943.232415404735
FDU36,OUT045,1595.617642836346
FDL28,OUT017,3796.7076181347848
NCX53,OUT046,2199.977337079501
FDZ39,OUT013,1658.6475324678895
NCP42,OUT013,3096.2099360139896
FDJ14,OUT035,1530.344781618452
FDK04,OUT049,998.9232641840948
NCC19,OUT017,3221.19601327727
FDS09,OUT018,595.7493957482211
FDZ02,OUT046,1634.6508542689362
FDD35,OUT018,1716.860703238743
NCY42,OUT017,2416.484909652495
FDB05,OUT045,3929.3650199370704
FDF20,OUT035,3333.8109252863587
NCO41,OUT018,1264.4777551311922
FDC40,OUT027,2667.405368120183
FDV58,OUT045,3080.9331667448846
FDZ57,OUT045,2051.842580355111
DRM35,OUT046,2896.123354747412
DRN36,OUT018,1215.6100822745284
FDQ13,OUT046,1406.556127723922
DRO35,OUT010,0.0
NCD43,OUT035,1803.666240983048
FDA51,OUT018,1589.8073868632991
NCX17,OUT027,5057.627815996864
NCZ17,OUT049,701.1274640755369
FDR11,OUT027,3993.852191987
FDW34,OUT049,3996.6097352900383
FDN50,OUT017,1645.946895747677
FDS09,OUT046,845.817021712914
FDS48,OUT018,2143.4500148531624
FDL44,OUT049,2709.1611902428
DRF48,OUT018,2750.6610469236525
FDA14,OUT018,2083.775414510931
NCD30,OUT049,1544.0285418259116
FDI16,OUT017,954.5449144748736
NCG06,OUT035,4224.399175269815
DRZ24,OUT035,2109.2870952725557
NCS17,OUT045,1419.098122693159
FDB37,OUT045,3776.182993985653
FDE10,OUT035,2293.9469096357107
FDC57,OUT045,3023.606329423825
FDM12,OUT018,2725.625878970705
FDE24,OUT049,2335.6244444621316
FDW22,OUT045,3489.893670149805
DRD01,OUT027,2252.2853740474407
NCZ18,OUT027,5430.789119958841
FDN49,OUT045,618.3613983135035
FDR22,OUT035,1959.6973670637733
FDV08,OUT019,0.0
FDY39,OUT046,3028.639849961596
FDV36,OUT049,2079.4898042050254
FDO60,OUT045,652.0680679630145
FDU04,OUT027,3379.7277024025007
FDR20,OUT027,2166.1097222935687
FDW19,OUT019,0.0
FDU40,OUT049,3145.6055038441505
FDK15,OUT045,1549.567313215175
DRF15,OUT035,2445.3964896174016
FDQ25,OUT017,2977.311872372724
FDI48,OUT019,0.0
FDS49,OUT046,1306.3290163509482
FDV22,OUT046,2531.20061062953
NCV42,OUT046,1731.8349609732188
FDX26,OUT046,2931.3856305042
FDI33,OUT018,1164.4197924859864
FDZ14,OUT049,2054.716673333437
FDG10,OUT013,958.3601336534794
FDM38,OUT018,629.3920867069583
FDG26,OUT027,5509.0670378322
FDH46,OUT035,1838.441590438428
FDN13,OUT018,1332.099628405419
FDU57,OUT035,2600.160764307913
NCI06,OUT046,2828.471168586162
FDM38,OUT045,880.1716595874481
NCG42,OUT010,78.55980146805928
FDL39,OUT045,2816.899698725134
FDT31,OUT019,1150.8774132601945
FDV59,OUT013,3497.4022462682597
FDB49,OUT035,1811.2361312051567
FDD58,OUT049,1749.5441474242527
DRN59,OUT046,731.0804710466327
FDX48,OUT049,2525.500313927272
FDQ11,OUT049,4223.032399080268
FDY12,OUT049,959.0558556863213
FDQ11,OUT045,4107.588916172993
DRI11,OUT017,2021.345427188548
FDY32,OUT027,4086.451088665285
FDS51,OUT045,944.3195449772944
FDR19,OUT010,455.27233088584245
DRB13,OUT018,2782.3703015643987
FDS21,OUT035,1148.3680085622389
FDQ40,OUT045,2768.304505779598
NCE55,OUT013,2790.048895498595
FDX43,OUT027,4127.703471326751
FDS12,OUT049,2130.7952662647986
DRK01,OUT027,2932.7737810580848
FDN25,OUT017,1077.4584284365035
FDB60,OUT046,3148.845104737421
FDQ13,OUT017,1528.935038614679
DRK13,OUT045,3089.022733159511
DRF25,OUT018,308.0008800548349
NCD42,OUT019,0.0
FDW25,OUT045,1393.2268939202222
NCV29,OUT027,4250.752051552647
NCK42,OUT035,3562.994590653134
DRJ13,OUT027,3925.1409812516704
DRD15,OUT017,3736.8023983494522
FDM27,OUT045,2480.2793108225633
FDZ50,OUT018,2685.397830576163
FDC04,OUT046,3868.2501703213175
FDF50,OUT049,3306.0130267726868
FDP15,OUT045,4080.2794279242953
FDK46,OUT035,4333.647185895845
FDZ56,OUT018,2459.3289447651837
FDY60,OUT049,2404.3983086884664
FDB10,OUT035,3979.557827852443
FDR57,OUT045,2486.564290042538
FDU58,OUT049,3119.7585365052155
FDH02,OUT046,1500.138193787895
FDP48,OUT013,2959.645321115849
FDI46,OUT035,4223.146108035754
FDW56,OUT013,3166.6893872291894
NCM19,OUT010,0.0
FDS50,OUT027,4921.580095842723
FDK24,OUT013,755.0746065981929
FDO36,OUT017,2997.870051257423
FDK45,OUT027,3367.780402762942
NCL05,OUT045,605.2400651622825
FDL32,OUT018,1576.003579046491
FDA28,OUT049,2082.0146451094215
FDY36,OUT018,938.7493385248792
FDP32,OUT018,1843.9479144064014
FDL50,OUT046,2025.5143213726024
DRC24,OUT049,2475.676341465044
NCS18,OUT017,1799.7309056713043
FDD16,OUT017,1299.7175630855868
NCV18,OUT013,1346.0819358902936
FDX07,OUT046,2958.437161447469
NCZ05,OUT027,3069.533599348273
NCI31,OUT013,536.2232849657894
FDK14,OUT049,1497.6712607361042
NCR06,OUT045,587.8963394803707
NCF54,OUT049,2775.2658414016873
DRG23,OUT010,541.0036164524724
FDD53,OUT046,683.6082492358069
NCM31,OUT027,3647.4330028443565
FDT16,OUT017,4322.456571418103
FDR40,OUT035,1449.811929198977
DRG25,OUT017,3081.6747992756073
FDT10,OUT035,1136.7713497247705
FDY32,OUT013,2699.522237101268
FDN50,OUT035,1688.760959595281
FDZ35,OUT019,0.0
NCP54,OUT045,1834.7021587474617
NCD07,OUT035,1925.2197893780244
FDS02,OUT018,2894.474750553457
DRN59,OUT018,504.9262815745401
DRB24,OUT013,2502.619228207713
FDP37,OUT027,3443.68340869176
DRB01,OUT018,2785.413945097589
FDR47,OUT046,3132.7035402455604
NCM31,OUT010,375.8880194109794
NCF06,OUT027,5515.719844208764
NCV17,OUT027,3426.1368273938697
FDS10,OUT049,2925.3480793596073
FDN52,OUT035,1580.7570960964952
FDZ48,OUT013,1810.0372013723877
FDJ48,OUT049,4076.5893340029243
DRB13,OUT027,4463.632095297983
FDV59,OUT017,3621.771582885572
FDL32,OUT035,1983.2907492002175
FDZ12,OUT035,2471.652287897299
NCR06,OUT027,2016.7801517851872
FDP51,OUT017,2068.819055775415
FDY22,OUT013,2287.0683146938973
FDZ38,OUT049,2796.417126055564
NCO54,OUT035,957.5172105301592
FDR23,OUT035,2977.0774161621334
FDM38,OUT049,1046.633054342345
FDS25,OUT013,1886.1609695697557
FDZ22,OUT013,1383.1047652696577
FDZ20,OUT019,2187.779274878176
FDD45,OUT010,0.0
FDN03,OUT049,4098.736004591166
NCW30,OUT046,4114.985834702235
FDY24,OUT027,2353.176349726043
FDJ26,OUT019,1513.158702529396
FDM15,OUT049,2550.836088380898
NCW54,OUT027,2305.6753389893706
FDA23,OUT045,1586.38763256451
FDA39,OUT019,0.0
FDZ12,OUT017,2470.2989790592037
NCB42,OUT046,1836.8852278465815
FDL16,OUT046,751.5001279519003
FDO24,OUT019,675.5279044110407
NCP42,OUT046,3056.7435882541336
FDR19,OUT018,2129.0654423848173
DRL01,OUT045,3636.354006314579
FDV37,OUT046,3229.5586276002896
FDI41,OUT010,421.3356981957879
FDF58,OUT049,1100.437335413288
NCF43,OUT018,1967.1389395015262
FDN02,OUT049,3404.9171244835907
NCP41,OUT035,1847.688213117598
NCY17,OUT027,2087.3004453772724
FDL58,OUT027,5651.50265075113
NCA30,OUT027,4323.532083927081
FDE46,OUT018,2123.3865194848145
FDY38,OUT035,3863.804645021155
NCH29,OUT027,2952.786024625182
FDO20,OUT045,4054.233682880963
FDP44,OUT018,1408.2322557756022
FDM02,OUT027,2881.8351641898894
FDJ14,OUT027,2745.3157043072033
FDH04,OUT010,0.0
DRK23,OUT046,4075.576754983658
NCW05,OUT046,1654.570563785654
FDF12,OUT049,2467.715123921109
FDL51,OUT019,1453.7634115642845
FDN03,OUT018,3753.2355644021204
DRJ37,OUT049,2490.889173321725
FDM12,OUT019,1097.0945193102762
FDA16,OUT045,3520.05051011273
NCB07,OUT017,3190.1040330744654
NCI17,OUT019,0.0
FDR51,OUT046,2438.628780565895
FDJ55,OUT045,3573.075449978363
NCZ17,OUT013,613.2768744532284
FDU25,OUT013,1013.3479486880884
NCG18,OUT045,1548.7021498082731
DRM11,OUT017,4318.944035691833
FDH16,OUT035,1643.296792505846
FDZ04,OUT018,732.5697132167509
NCX53,OUT035,2381.1157297921127
FDX38,OUT027,2197.7513638998444
FDX09,OUT046,2867.1616852211464
NCW05,OUT018,1396.5365540761927
NCS41,OUT017,3059.927333463894
FDI26,OUT046,2925.760910429129
NCZ41,OUT027,3358.4112086802224
NCK06,OUT046,1950.4289844753657
FDX23,OUT027,2992.499611424545
NCA42,OUT046,2497.3198665822974
FDC20,OUT049,1011.727570434661
DRC49,OUT018,2038.2966656210647
FDX01,OUT013,1941.114767949792
FDC08,OUT045,3583.100793604185
FDC02,OUT017,4272.698524063493
FDK10,OUT045,2863.188854656706
DRC24,OUT013,2418.1202554995557
FDW16,OUT019,0.0
NCU06,OUT018,3311.687660465009
DRA59,OUT045,2908.9435033224945
FDR24,OUT019,0.0
DRL35,OUT018,420.3177330724223
FDA49,OUT013,1409.356391122742
NCC55,OUT046,550.6304773101144
DRD24,OUT019,361.99401039181436
NCE55,OUT049,2877.9017822428855
FDT33,OUT045,2684.7499136781353
NCT53,OUT013,2644.098313149444
FDS26,OUT046,4127.157825994147
FDL22,OUT018,1188.8788908893393
FDP44,OUT017,1836.4874338005334
FDC52,OUT018,2134.431095685918
FDI53,OUT010,686.6468209811052
FDZ23,OUT046,2981.606735600096
NCT18,OUT013,2864.9389787309688
FDR13,OUT046,1933.5963534623884
FDB09,OUT010,132.07767486681843
FDZ60,OUT013,1725.4698852999804
FDB11,OUT046,3636.6980287699043
FDC10,OUT018,1676.9462902875382
FDW56,OUT035,3338.6536224410866
FDK14,OUT027,2823.474089777751
DRE27,OUT027,2826.426436469148
FDA38,OUT017,4021.358465577114
FDT11,OUT045,3025.5922995514675
FDP15,OUT035,4287.807948639691
FDV27,OUT035,1621.0006504815235
FDS36,OUT027,3181.072017963824
FDY40,OUT027,2159.3145682444797
NCF19,OUT049,838.3714706158055
FDF53,OUT045,2819.2442061587717
FDS14,OUT027,3938.743771504368
FDE56,OUT046,1054.7921034160383
FDZ19,OUT035,3087.947929714028
FDZ46,OUT013,1844.2533862477735
FDR16,OUT046,3435.2778945601804
FDG29,OUT018,380.54247018293074
NCE30,OUT017,3489.954909012418
FDZ40,OUT046,869.4269431627162
FDG58,OUT018,2241.7132777280735
DRH03,OUT013,1384.198446979175
FDZ47,OUT045,1513.4800617506826
FDV04,OUT018,2272.319796691705
FDZ10,OUT018,1738.115875068089
FDG46,OUT017,1981.807716975131
NCF07,OUT045,1506.4922745664521
FDY44,OUT035,3318.1306026479656
FDB21,OUT013,3956.292605753444
FDS20,OUT035,3149.3473561847595
FDS49,OUT049,1430.4563133036356
FDX55,OUT027,4945.150011518406
NCQ02,OUT018,2660.2547522454092
FDR25,OUT013,4263.237340476429
DRG39,OUT045,689.6317443196574
FDB46,OUT046,3438.750817173969
NCC30,OUT018,2520.753598963861
FDE58,OUT035,2069.135682125685
FDC05,OUT019,1258.5582653517376
FDY15,OUT046,2497.1060502897994
FDG14,OUT046,2465.453448967907
FDL08,OUT049,4030.4286411179273
FDQ47,OUT013,610.9661862022647
FDN12,OUT035,1927.4688054923856
FDW10,OUT013,2829.8653181465966
FDD02,OUT035,2079.48199275509
FDX35,OUT010,1831.6642059743729
FDT35,OUT046,2704.92577717076
DRN47,OUT019,996.0325406499514
FDB11,OUT010,1735.4884934219085
FDN20,OUT045,2656.3758155449514
FDB59,OUT035,3340.2897973086583
FDJ58,OUT045,2715.1404630544853
FDU60,OUT046,2678.294062041876
FDS03,OUT049,1200.8685407334012
FDU40,OUT019,1132.8484266419366
DRH15,OUT049,722.3178532707961
FDD04,OUT027,3693.2913146023793
FDQ01,OUT046,4067.4125830005714
FDF28,OUT035,2145.1133046611744
FDD22,OUT010,0.0
FDY19,OUT046,1899.8328439631923
FDN33,OUT035,1704.6071178200627
FDV36,OUT035,2168.388270505248
FDW01,OUT010,579.5800033029761
FDJ28,OUT049,3158.802728708313
FDB17,OUT035,3025.021043051499
FDM40,OUT049,2349.269629654911
FDV46,OUT045,2174.924047671929
FDQ44,OUT049,2007.8218942664357
NCD42,OUT046,560.3822349496405
DRH37,OUT046,2586.731201592394
FDR10,OUT018,2334.2339022523665
NCD06,OUT027,2094.07744958301
FDI53,OUT046,2598.0304005732355
FDG16,OUT035,3608.9773270488713
DRB25,OUT046,1710.4072347897315
FDY09,OUT046,2804.2390516956566
FDX48,OUT045,2384.5474931033173
FDC03,OUT010,1266.1039125462385
FDT47,OUT035,1765.6879851429053
FDW44,OUT027,4195.156896960121
FDT24,OUT017,1363.6743593668896
FDT12,OUT019,1766.4176661541069
NCS38,OUT035,1950.1541649197877
FDO39,OUT035,3145.7143081767663
FDA13,OUT046,661.2643280405416
FDO48,OUT035,3697.388056887442
DRJ01,OUT017,2701.9430047748588
FDD53,OUT018,352.2276037744552
NCT05,OUT049,4158.2387535625185
FDQ51,OUT045,689.3059400617835
FDU60,OUT013,2658.769993270801
FDC59,OUT046,1030.782677139056
FDP36,OUT035,1031.28275437197
NCM19,OUT017,1887.6202372518394
FDL16,OUT035,883.2136498350671
FDE50,OUT018,2748.852260157062
NCR18,OUT013,654.8268721253808
NCD30,OUT035,1642.4928908145698
FDH31,OUT013,1639.8313142269847
FDD56,OUT019,896.3363093044754
FDC47,OUT049,3761.6200490326805
FDZ21,OUT045,1458.165604968047
FDM01,OUT049,1782.5237711507937
FDF24,OUT013,1334.6646569852867
FDW23,OUT017,807.596932299707
FDY52,OUT018,741.9487263901698
DRH37,OUT027,3978.0577237316897
DRO47,OUT027,3242.287961804808
FDR25,OUT049,4370.222465355098
FDQ24,OUT027,5409.202043799132
DRJ51,OUT018,3288.5200747674126
NCU06,OUT035,3765.2139224561306
NCV18,OUT018,1018.2876478058699
NCC06,OUT027,3357.769065795159
FDZ01,OUT018,1466.926472865633
FDT14,OUT017,2077.3630000810026
FDD11,OUT019,2161.1224856300405
FDN09,OUT017,4036.9526148800965
NCO18,OUT010,886.8684589366949
FDZ50,OUT045,2891.5370666454623
FDS44,OUT013,3883.8549156030303
FDI36,OUT045,3123.52392052127
FDA26,OUT010,1621.6120620793974
NCY53,OUT049,1828.6281761175537
FDF32,OUT049,3300.893767768207
FDF59,OUT010,167.9346461679998
FDB20,OUT046,1297.701607400696
DRH11,OUT035,1128.9532868108827
FDT03,OUT049,3037.361198000405
NCH06,OUT035,4033.1802826267462
FDR55,OUT049,3140.4532552400015
FDI10,OUT035,2949.043564542777
FDZ12,OUT045,2240.2098193770735
FDM12,OUT049,3080.689588074345
DRB25,OUT045,1661.695366547448
NCS41,OUT013,2903.670990756085
NCT53,OUT049,2701.655458807575
NCD55,OUT013,591.344934224197
FDY08,OUT049,2413.5434082942293
NCP55,OUT049,921.1608874480671
FDA33,OUT013,2419.124308621522
FDQ33,OUT013,2398.0772592921858
FDE45,OUT027,4323.4553657119895
FDT26,OUT013,1919.094227868434
NCV53,OUT049,3900.6039399417195
FDK60,OUT027,2960.4566725664044
NCJ29,OUT046,1326.3991956870047
FDI15,OUT045,4185.946646544455
FDX21,OUT013,1822.308727096019
FDV49,OUT019,2355.5554756086926
DRO59,OUT046,1250.597285035354
FDZ14,OUT045,1940.8673258038339
FDP32,OUT027,3498.0918358289905
FDC33,OUT017,3374.8800192447084
FDT14,OUT010,67.37528158353291
NCN54,OUT027,2569.692347467859
FDR57,OUT027,3936.1720300263514
DRK12,OUT046,531.2543000721417
FDX52,OUT049,3202.4947440540127
FDX08,OUT010,1014.0938019103221
FDP10,OUT010,0.0
NCP50,OUT045,1159.1123106247126
NCL06,OUT013,4095.1339516662347
FDP25,OUT013,3547.651691536338
FDE53,OUT013,1686.4159174878732
FDL27,OUT017,1257.0877462744538
FDC35,OUT049,3483.099417136002
DRJ47,OUT010,821.9205248614387
FDD16,OUT018,903.350029295648
NCN42,OUT049,2344.0856615693624
FDC38,OUT027,3563.0886525353753
NCO07,OUT045,3327.029608038576
FDQ20,OUT049,777.710263924469
FDI32,OUT046,1841.4471097503879
FDN20,OUT010,838.5096322651473
DRJ51,OUT027,4942.663941073712
FDU08,OUT045,1572.1246359559236
DRN37,OUT019,769.6393151979339
FDD05,OUT010,13.357039850982119
FDW15,OUT046,2393.7196789150794
FDI52,OUT046,1959.875340235227
DRM11,OUT049,4304.743481044271
NCO06,OUT045,383.05381417014485
FDU38,OUT049,3146.0078337442155
FDU59,OUT018,2373.5230685719243
FDJ10,OUT046,2276.4148113058745
FDM13,OUT049,2272.8119070105886
NCJ30,OUT019,718.5255127105409
FDM45,OUT018,1714.2981645820628
FDP36,OUT045,780.7079852446124
NCD30,OUT010,0.0
FDN48,OUT017,1645.6936485308424
FDY32,OUT049,2737.9512713905965
FDU47,OUT046,2294.374602922519
FDF17,OUT019,1288.7573423984697
FDP34,OUT017,2659.6290310041163
FDA47,OUT049,2726.711444635936
DRD27,OUT027,2831.8624584631084
FDW38,OUT045,864.8680757202646
FDZ15,OUT019,14.339368140877696
FDZ03,OUT027,4398.4791092174855
NCN19,OUT049,3071.5462246994925
FDG02,OUT035,3278.3891884473155
FDS31,OUT035,3127.9815977326552
FDW43,OUT019,1741.2155678001436
FDZ47,OUT010,0.0
FDO57,OUT017,2683.3226659728484
NCL07,OUT013,603.113759931305
NCV42,OUT013,1758.546531419385
FDP40,OUT017,1972.1460276709158
FDP48,OUT019,1077.8783035115953
FDH21,OUT017,2831.651419481584
NCP02,OUT049,1020.2958834211951
FDK24,OUT049,852.4874837335062
FDC41,OUT045,1137.0509563488552
FDF08,OUT017,1554.6764945894447
FDO49,OUT017,1011.4688442659253
FDS56,OUT027,5649.943524504815
FDX46,OUT018,719.4896826512565
FDQ07,OUT013,3565.6683019755783
FDC32,OUT010,0.0
FDT21,OUT019,2063.412422171229
FDG58,OUT045,2457.418114291162
FDW14,OUT049,1491.096620910674
DRA12,OUT027,3635.937798517041
FDV27,OUT013,1476.1401799065575
DRD25,OUT013,1828.5446612676028
DRF48,OUT027,4404.811063232233
FDX24,OUT017,1651.5744137335278
DRJ51,OUT046,3548.153065495119
FDE45,OUT045,2877.0384670714966
FDE14,OUT046,1666.5154427695074
FDG53,OUT045,2168.8909454668164
FDT08,OUT046,2427.2071833066957
DRC27,OUT027,5221.2198714625565
FDG20,OUT035,3026.211374194966
FDC21,OUT046,1775.3765654179663
FDV31,OUT018,2625.249877626847
FDB58,OUT045,2232.483857446898
FDV23,OUT046,2032.508067998307
FDA25,OUT019,0.0
FDC15,OUT046,2521.3606831559305
FDU47,OUT049,2330.8154977441045
FDE23,OUT013,776.9822367739754
FDS08,OUT013,2919.783148551232
FDW03,OUT027,3134.009936325133
FDJ60,OUT018,2320.001646093938
FDM34,OUT017,2185.9487526859753
FDW33,OUT013,1730.1447856694654
FDZ40,OUT013,896.1383746365469
FDE33,OUT018,1035.2010286856819
NCC06,OUT010,60.01387943917234
FDU11,OUT046,1980.4694294421652
FDL44,OUT017,2758.433105563646
NCZ29,OUT017,2132.410288544451
FDG28,OUT010,2026.7042324280385
FDL12,OUT018,683.7668551625029
FDD52,OUT017,1859.1563904790962
FDO15,OUT013,1171.0653233866828
NCN29,OUT027,2158.3246440457096
FDW36,OUT013,1753.4753614956294
FDB21,OUT046,3912.0454075617163
FDZ28,OUT013,2029.4712471068608
FDY10,OUT035,1992.3455033730338
DRG39,OUT017,859.132660959759
FDN28,OUT013,1682.3629749552651
FDV15,OUT035,1879.4476512811302
DRI13,OUT035,3618.8752382083353
FDH20,OUT046,1571.6906551526147
FDY51,OUT013,3554.4706210236586
FDE16,OUT013,3342.8024527010143
FDX40,OUT018,324.9010749725342
FDC48,OUT018,1050.3749213100718
FDS14,OUT046,2529.88053482612
FDX56,OUT017,3495.1488766521093
FDI10,OUT046,2775.8774810526584
FDI14,OUT013,2326.3016211282165
DRM48,OUT013,564.2520468888936
NCH07,OUT027,3884.4872154442
FDY26,OUT013,3341.026409676943
FDD02,OUT027,3335.9051329741965
FDM12,OUT046,3002.7977580337856
DRF01,OUT010,456.744908804593
FDV36,OUT046,2009.5708505396901
DRI59,OUT013,3603.609353519817
FDV03,OUT018,2233.8380444047552
FDO39,OUT017,3114.0575075908096
NCB07,OUT018,2804.895475515517
FDH38,OUT027,3337.6260195241516
FDZ13,OUT035,1036.634507956052
NCZ30,OUT046,1937.1411844801676
NCA06,OUT035,648.1969961724905
FDB04,OUT049,1490.1471657401892
FDN50,OUT013,1524.768852362472
NCG06,OUT049,4114.774694875981
NCY17,OUT018,404.4716382266198
FDC23,OUT046,2877.013099849896
FDK33,OUT049,3466.1142572081167
FDR03,OUT049,3422.7717116445897
FDZ07,OUT045,999.6297066188698
FDO38,OUT013,1292.263856076833
FDS59,OUT046,1750.1249491392255
DRM11,OUT019,2282.829269379543
FDX52,OUT027,4511.147277185424
DRJ35,OUT018,705.7380294255581
NCP53,OUT046,3792.259041388712
FDW15,OUT019,481.4273327376659
DRI47,OUT045,2247.1742946421004
DRZ11,OUT035,2144.678179994518
FDS02,OUT013,3164.882579466848
DRD49,OUT018,3538.274765136498
FDW38,OUT049,973.9336511590664
FDR21,OUT019,914.3934960309814
FDE40,OUT013,1023.5759955402825
FDI02,OUT045,1758.2243321991878
FDQ04,OUT045,616.5929069122345
FDY14,OUT017,4389.648044482677
NCT54,OUT046,1518.6629198402316
DRD25,OUT017,1946.5405573135695
DRE01,OUT045,3816.6296118849427
FDJ12,OUT010,1476.2265058043645
NCZ05,OUT049,1744.9398646388638
DRB25,OUT019,0.0
NCC31,OUT045,2432.598918846028
FDM16,OUT045,1180.1043328008964
DRG11,OUT049,1824.161586979979
FDV24,OUT027,3829.5579313975477
FDV43,OUT046,751.5895443837727
FDG05,OUT018,2215.9627653592443
FDV23,OUT010,119.35694631168008
FDI58,OUT018,1244.5059153502807
FDQ11,OUT017,4315.35520100523
FDC05,OUT027,4553.575331110729
FDF40,OUT013,3933.871068050322
FDU02,OUT018,3374.625144584036
FDT32,OUT013,3004.91936996543
NCF06,OUT017,4280.251939556184
FDT46,OUT013,854.5285421971257
FDR58,OUT010,0.0
FDY04,OUT046,2569.7439081874168
FDT58,OUT045,2652.1528629689938
FDE46,OUT049,2502.367580072004
DRH11,OUT017,1078.1731019928598
DRI51,OUT046,2594.2459899495484
FDC35,OUT017,3490.9277380912763
FDP45,OUT035,4199.324200688653
FDC45,OUT017,2864.6158579509874
FDU01,OUT045,2901.735624365346
FDJ53,OUT010,46.53919777206977
FDJ46,OUT017,2931.929417116735
FDX07,OUT013,2980.3659162953672
NCI30,OUT049,3956.8603914528676
FDE47,OUT027,3421.212205095924
FDV48,OUT045,1234.9597665011756
FDN16,OUT019,0.0
FDM52,OUT013,2329.9057481949567
FDA32,OUT027,4915.133204883095
FDH05,OUT017,3823.850345897637
FDW25,OUT010,0.0
FDQ09,OUT046,1872.1599500617178
NCM17,OUT010,0.0
DRM59,OUT046,2511.580441046352
FDV47,OUT027,2750.7077830524627
DRE15,OUT035,1232.357800352644
FDS25,OUT010,0.0
NCZ05,OUT018,1399.441490681806
NCV05,OUT019,550.4002635124585
DRM37,OUT046,3120.7382942760987
FDV58,OUT027,4482.698602478007
FDN22,OUT027,5424.536484289827
NCO06,OUT049,525.6003191119046
FDT56,OUT019,0.0
FDM02,OUT013,1469.3930012858277
FDA09,OUT046,2903.3060180973775
NCC06,OUT035,2106.126809207294
NCL54,OUT049,2848.555109939558
NCB55,OUT017,1019.3047768499835
FDB12,OUT017,1838.9564865657674
NCA54,OUT049,2873.2615976207335
NCS38,OUT049,1907.493009468931
FDC02,OUT049,4237.771039709608
FDK44,OUT019,894.2400151193938
FDE16,OUT035,3494.040023267922
NCS05,OUT035,2266.000062175406
FDZ59,OUT045,2659.5121330060715
FDI20,OUT017,3549.7654196590265
FDQ14,OUT046,2438.503935839248
FDF53,OUT017,2987.15367056686
FDW25,OUT017,1581.8592816024793
NCQ43,OUT010,0.0
FDX52,OUT013,3082.7595208573975
FDE28,OUT045,3611.895050385764
FDN15,OUT017,2349.0995461830844
FDO28,OUT017,2074.5334112830456
FDQ33,OUT045,2380.051014568153
FDM22,OUT010,0.0
FDJ03,OUT017,923.7203669615672
FDI16,OUT045,802.5750106582306
FDI09,OUT027,5328.237472433848
FDX55,OUT013,3523.1405315682714
FDS23,OUT027,3521.5619106797326
DRC12,OUT045,2976.1900470317382
FDH41,OUT049,3550.098196614703
FDN01,OUT013,2851.5742789808583
FDV55,OUT045,2271.073255636718
NCJ19,OUT013,855.4424274202079
NCY29,OUT010,0.0
FDP03,OUT018,1757.3065052886218
FDZ52,OUT045,1683.484897547427
FDH31,OUT010,0.0
FDQ19,OUT018,3657.9004694915125
FDS15,OUT035,1905.9052841165678
FDN32,OUT017,3073.7261464754356
FDH32,OUT049,1711.6765512260242
FDF33,OUT017,2033.6495330907314
FDJ22,OUT046,3030.494642164059
FDG56,OUT010,0.0
FDC05,OUT046,3128.7734319964434
FDK09,OUT013,3644.6037314489117
NCV29,OUT045,2753.3147216668576
NCC43,OUT019,2063.336739174307
NCA42,OUT049,2567.2388867988384
FDC10,OUT046,1930.2031873148912
FDC16,OUT013,1424.1469398724716
NCL17,OUT013,2260.326980000451
FDA51,OUT035,2028.9774639382072
FDW01,OUT017,2611.1045396425448
NCF30,OUT045,1921.6802914789082
FDN49,OUT013,690.5925603480858
FDY20,OUT045,1438.532616972934
FDC15,OUT045,2434.389405379547
FDY24,OUT046,914.0288025696044
NCG43,OUT017,1556.2089284436274
FDA48,OUT013,3587.2721373274044
NCF55,OUT017,703.4842923966655
FDL38,OUT049,1565.5271286414977
NCQ29,OUT018,3841.6667406409806
FDC34,OUT017,2641.936756165979
FDP36,OUT027,2262.20128573601
FDN50,OUT010,0.0
FDO23,OUT049,1600.8905382432256
FDT56,OUT013,975.3940914273679
FDT13,OUT027,4452.236046620346
FDZ03,OUT013,3008.3577677956087
FDQ03,OUT010,1878.0069456490953
FDU44,OUT045,2583.0620999739253
FDD03,OUT049,3780.4388097336364
NCH30,OUT013,1730.0185207048717
FDS60,OUT010,946.5744027850369
FDG08,OUT046,2794.9656837030757
FDX38,OUT017,916.0479985671661
FDD22,OUT017,1981.070005323213
FDW51,OUT013,3445.7333336108645
FDL09,OUT017,2825.332100515828
FDZ60,OUT045,1653.2384036976366
NCH07,OUT046,2493.165404775807
NCQ41,OUT049,3198.2581854955956
FDW04,OUT049,2151.1333282550463
FDI08,OUT027,5400.085636911996
FDR19,OUT019,490.6520054819322
FDV13,OUT046,1407.4728653663306
FDB52,OUT017,4213.692049585595
FDZ48,OUT027,3177.838323512826
NCO14,OUT049,783.5840993422471
FDZ50,OUT013,2963.7707442279643
FDN27,OUT019,0.0
FDQ60,OUT013,2004.7749062348655
FDR49,OUT017,949.4002431704198
DRJ35,OUT027,2426.850238296529
DRI49,OUT017,1434.0770758409888
FDB47,OUT017,3525.1456106876394
FDP37,OUT010,144.24143346448045
FDR26,OUT049,2868.661120297416
FDY31,OUT019,499.32272541272715
FDC11,OUT045,1390.4480183481496
DRP47,OUT035,4162.858271959917
NCY54,OUT018,2435.408720455167
FDR27,OUT046,2137.8015122081924
FDQ21,OUT019,25.620509525272496
NCQ29,OUT035,4331.859866508547
FDJ02,OUT046,2380.010558982443
FDE21,OUT018,1602.8465706811246
FDM39,OUT046,2889.3435195993297
FDZ01,OUT017,1829.8125302587405
NCB19,OUT018,1088.8131992090673
FDU03,OUT046,2904.7001873988993
FDP27,OUT049,3138.198088604289
DRF01,OUT045,2301.4024996244425
FDM03,OUT049,1837.8285222189422
FDV01,OUT046,2509.70216563581
FDS16,OUT046,2323.932550575061
FDO45,OUT035,1608.8886475923252
NCX06,OUT035,2979.6369586012524
FDP13,OUT046,704.174879152075
NCR38,OUT018,3686.7980142954684
FDA01,OUT013,969.8050068879971
FDT26,OUT017,1998.8251578691716
FDD44,OUT027,5600.155102338107
FDB26,OUT013,914.9479181060622
FDP45,OUT019,2088.0060898700463
NCP55,OUT046,871.9685001255675
FDT23,OUT017,1432.4157936658526
FDO51,OUT045,672.644573441776
FDA44,OUT046,936.4866045559727
NCJ31,OUT018,3501.8514531823153
FDX37,OUT045,1573.7852074677492
NCD18,OUT049,3679.846556473924
FDN40,OUT027,3897.828624577114
FDL33,OUT017,3292.5105556931962
DRF48,OUT035,3202.5948285695436
FDW08,OUT035,1902.493016125049
FDX39,OUT018,3149.7842817044702
FDB38,OUT049,2680.0279185113795
FDY46,OUT018,2689.2374947977914
NCB06,OUT049,2571.864675002914
FDA34,OUT035,2977.983120502601
FDA35,OUT045,1880.249521830407
FDQ07,OUT035,3704.152086445355
FDU32,OUT045,1970.864929700008
FDU26,OUT013,1933.0819624740054
FDU13,OUT010,519.7197084003046
FDO09,OUT035,4390.973694380943
FDW03,OUT019,0.0
FDB38,OUT013,2588.990817948107
FDL26,OUT010,601.1196199880476
NCN43,OUT045,1900.8423852594756
FDH08,OUT045,3715.8242678980705
NCC31,OUT019,576.4876038625357
FDH14,OUT035,2425.618235477449
FDL40,OUT017,1681.0554781959086
FDD20,OUT035,2173.2387834898173
NCV53,OUT035,4005.4458232394536
FDD16,OUT045,1085.5761787235751
FDP24,OUT035,2062.306610376285
FDQ25,OUT045,2782.3028482509258
FDM38,OUT035,1102.0486585627223
NCT18,OUT010,909.89640251542
FDM34,OUT049,2190.8792960926953
DRH37,OUT010,726.7269434094258
NCE07,OUT013,2269.834086062541
FDG12,OUT013,1952.7859303965029
FDB59,OUT010,1258.9515162005082
FDS10,OUT018,2575.0627949992936
FDN21,OUT010,670.1234938830225
FDM02,OUT045,1416.2908342912297
FDO44,OUT049,1932.6182995312045
NCN17,OUT017,1756.672860587043
FDH16,OUT018,1208.9005570412262
FDL44,OUT046,2586.630197413786
FDY47,OUT017,2231.685589485042
DRI39,OUT046,761.7815809327543
NCX54,OUT018,1364.4231652562685
FDE59,OUT046,634.9246030514963
FDO46,OUT045,2995.4369904446457
DRE13,OUT046,1433.9787276850743
FDW14,OUT013,1457.454677982133
FDF35,OUT046,1763.0242765011005
FDO50,OUT019,0.0
DRF49,OUT017,1989.6000698347054
FDT60,OUT049,2116.0680588544683
FDP38,OUT045,794.2337591754492
FDA31,OUT027,4238.266681578133
FDY52,OUT010,0.0
FDD03,OUT027,5111.407169176086
FDN52,OUT018,1111.2923098031101
FDU20,OUT010,29.440841437247173
FDD22,OUT035,1958.508932877905
NCB55,OUT019,0.0
FDN27,OUT045,1839.068329426323
FDD16,OUT013,1192.887155016433
FDW48,OUT046,1254.7864845695374
DRN35,OUT045,549.1453105049349
FDX25,OUT049,3003.732059619756
DRD49,OUT049,3867.8247049317442
FDE21,OUT019,0.0
FDN44,OUT035,2748.836588031453
DRC01,OUT049,873.3768989944333
NCK30,OUT046,3970.1254676719986
FDU39,OUT013,946.7045027147581
FDB49,OUT013,1623.3292272965937
FDS12,OUT045,1996.2209415215727
FDR57,OUT018,2286.8001545130965
FDX22,OUT027,4786.1933873848575
FDC60,OUT013,1505.5761906317657
NCE42,OUT049,3705.3681060578565
NCK42,OUT049,3512.359289742057
DRE01,OUT017,4016.431189959888
FDE57,OUT018,2050.6023977898712
DRK59,OUT019,1856.4683217906643
FDB10,OUT027,5194.527230650392
FDQ25,OUT046,2846.959476349978
FDY26,OUT017,3460.6106297433103
FDG28,OUT049,3990.643364478236
FDM14,OUT049,1863.7670637192646
NCH29,OUT049,1679.2075434505612
FDD48,OUT049,1949.0978952560106
FDC17,OUT045,3309.8634873284286
DRH49,OUT027,2675.9606585915135
FDN44,OUT018,2336.758370284063
FDC29,OUT045,1792.2804667483647
DRK01,OUT019,0.0
FDD48,OUT017,1985.616674059138
FDB59,OUT013,3173.1102325621396
FDY45,OUT010,2132.379575624158
FDX60,OUT035,1422.588650285378
FDT09,OUT010,208.056444838495
DRB24,OUT018,2192.354508964725
FDL13,OUT035,3894.383211519479
FDN16,OUT035,1807.039130619542
FDK57,OUT013,1976.3542000312073
FDO22,OUT027,2704.762571919678
FDC57,OUT010,1220.4527548869773
FDZ13,OUT027,2273.916693643322
FDW27,OUT013,2547.095303776508
FDX10,OUT049,721.6062005256143
FDY08,OUT018,2042.5413871203505
FDA49,OUT017,1527.3505496905304
FDC32,OUT018,1262.4612297950935
FDO04,OUT035,1004.5608947246478
NCZ54,OUT013,2510.531119992425
FDY40,OUT045,700.9181984958269
FDW36,OUT045,1690.806377732496
FDE11,OUT017,3086.420858450178
DRE37,OUT045,2957.033156589315
NCK19,OUT017,3205.6774233604056
FDT19,OUT035,3037.4648378164293
FDE56,OUT045,964.6314664137997
FDZ57,OUT010,157.59747584611944
FDB35,OUT035,1703.8258238673025
FDF09,OUT010,0.0
FDO34,OUT046,2691.4270482967067
FDA55,OUT046,3627.7465682801735
NCM18,OUT035,1089.4602681899444
FDJ20,OUT019,64.15369788121313
DRQ35,OUT019,127.41115672112596
FDG02,OUT013,3120.7745354791778
NCU29,OUT018,2043.360172761928
FDL27,OUT027,2479.8030307719637
NCA54,OUT035,2955.7824530551234
FDJ32,OUT035,1229.012088980225
FDB21,OUT019,2029.787440888241
FDR46,OUT035,2497.7645359364806
FDZ32,OUT046,1764.2128569734914
DRF36,OUT017,3132.885007748594
NCU54,OUT017,3452.7477425708744
NCI31,OUT017,630.3047200651099
DRA59,OUT035,3119.6587990872786
NCC55,OUT045,511.48182528652615
FDE44,OUT018,565.244854524234
NCN26,OUT018,1533.053588568489
FDC11,OUT049,1505.8908329608685
FDV24,OUT035,2605.024560420885
FDR40,OUT019,0.0
NCQ17,OUT049,2597.355947160083
FDC46,OUT045,2898.5813224790013
NCM18,OUT046,960.9350713970256
FDK16,OUT046,1574.5727299264174
FDI28,OUT017,1417.544981944699
FDS11,OUT018,3370.079732974709
DRD13,OUT046,1027.2896937490475
FDL36,OUT035,1590.7362920919072
FDI27,OUT013,794.784365611669
FDJ53,OUT019,0.4787695891768635
FDS44,OUT045,3845.0975805978683
FDE28,OUT046,3697.2737669339485
FDQ33,OUT018,2165.940667369592
FDB37,OUT017,3920.173511167787
FDQ31,OUT045,1411.5345076907747
NCQ05,OUT046,2384.756976600482
FDE10,OUT013,2141.114242719923
FDF38,OUT017,827.7966573984453
FDE50,OUT019,1089.2644285835527
DRG37,OUT010,550.3732583942367
NCH06,OUT049,4001.678891653696
FDY14,OUT045,4194.636132396832
FDO27,OUT017,1720.9308022359783
FDQ19,OUT049,4016.155478974084
FDZ26,OUT019,1898.368439036394
FDN51,OUT013,4169.338348526728
FDK20,OUT035,2164.6824650900808
FDD40,OUT018,2778.582516563894
DRI25,OUT018,600.0208415817871
FDH56,OUT017,2048.4585622214786
FDI36,OUT027,4561.966356230181
DRH11,OUT018,683.398702358483
NCV18,OUT017,1446.5435960485675
DRI01,OUT049,2857.4909983739044
DRE48,OUT049,3271.535335349421
FDS51,OUT035,1159.8218369071978
FDM38,OUT017,1030.5442728284058
FDB60,OUT027,4521.041033616762
FDY58,OUT035,3845.013151969004
FDY22,OUT045,2241.9424188721246
FDF11,OUT027,5265.2616970055815
FDZ51,OUT035,1757.034199365024
FDQ45,OUT017,3075.669533041601
FDF17,OUT035,3339.319704848936
NCF31,OUT027,3799.2320729849694
FDA37,OUT013,2083.709818191159
FDO51,OUT046,758.0282236603223
FDF34,OUT013,3205.0235354509
FDD57,OUT018,1287.1640961377327
FDO37,OUT046,3719.21358632871
FDR49,OUT049,957.513809068548
FDS39,OUT049,2412.8912127537865
FDI48,OUT027,2261.6813998345397
DRM35,OUT049,2970.8265667923715
FDV57,OUT035,3071.770759923361
FDZ55,OUT013,2671.3421264670533
FDI28,OUT035,1407.7466130769617
FDS21,OUT045,945.6197734701402
FDT34,OUT013,1745.8834493747263
DRI25,OUT035,1000.937939432765
FDT47,OUT010,0.0
DRH39,OUT045,995.3858657771603
NCD54,OUT045,2169.4651153524037
FDU16,OUT027,2727.1187707327695
NCW29,OUT045,1992.5153553523476
FDV25,OUT027,5017.5506514829085
FDM56,OUT035,1950.7843712223207
FDZ04,OUT027,2458.466338898095
FDG59,OUT019,0.0
FDI56,OUT045,1472.023051745016
FDS33,OUT035,1631.1705091618635
FDC23,OUT049,2911.8568348731096
FDT11,OUT049,3115.527059206867
FDG17,OUT045,3885.978541604061
FDZ44,OUT045,1904.583023255515
FDJ52,OUT013,2604.6386066318614
DRI23,OUT046,2533.1886916679173
DRE15,OUT010,0.0
NCF07,OUT013,1599.4546356091494
NCR29,OUT049,992.0712045420205
FDE44,OUT019,0.0
FDT23,OUT035,1495.9506050663258
NCG06,OUT017,4199.12292228365
NCU41,OUT010,1111.8375445247957
FDH46,OUT017,1824.3268738273423
FDV31,OUT013,2911.591791027065
NCT41,OUT027,3821.1189214044716
FDE22,OUT027,3996.936377948006
FDC26,OUT045,1766.3042667322188
DRF51,OUT017,589.6917208338475
NCY53,OUT019,0.0
FDY21,OUT017,3298.740443784297
FDL27,OUT013,1102.4310146677713
FDZ34,OUT049,3262.984156322159
NCF43,OUT010,378.06333330534
FDC21,OUT035,1940.571192596853
FDL26,OUT013,2525.6929063433936
FDT25,OUT010,104.55114855749775
NCR30,OUT046,1113.2784180008184
DRL23,OUT019,0.0
NCR05,OUT049,3235.616010609193
NCE19,OUT018,564.9981206188625
FDY07,OUT035,928.8250026490243
FDB10,OUT017,3925.5801800557415
FDP57,OUT013,1681.943083252318
FDU48,OUT019,170.84620232048798
FDH48,OUT035,1542.165478051194
FDO33,OUT035,2022.2384500067647
NCU29,OUT045,2314.8684876303205
FDW35,OUT046,713.2559586296156
FDH05,OUT010,1797.4506946197785
FDP26,OUT049,1789.3893151087054
DRG27,OUT035,735.1275919212411
FDQ33,OUT046,2444.705210365468
FDH20,OUT010,0.0
FDV14,OUT046,1412.4994176460618
DRD01,OUT046,876.9038251404303
NCI17,OUT049,1628.4542973160408
FDF39,OUT010,2299.882395147497
FDX37,OUT046,1643.2234427994717
NCX17,OUT035,3853.8227455250885
FDN03,OUT013,4055.529212614283
NCS41,OUT010,1005.9471763649663
FDH34,OUT045,2929.99091317398
NCX53,OUT018,1948.310258692187
FDY31,OUT046,2450.043969016877
FDD20,OUT017,2195.791062199525
FDE51,OUT045,720.4279031858107
FDV27,OUT046,1444.6457949293822
FDF16,OUT035,2564.2859929996143
FDZ02,OUT049,1661.523604995156
NCK05,OUT045,901.5275595298313
FDM12,OUT027,4435.573905408179
NCA05,OUT018,2065.7579207151475
FDX33,OUT045,2535.0166589699015
FDM25,OUT049,2941.916931363871
FDE41,OUT018,1119.5565911854442
FDW14,OUT045,1394.7846737290579
NCD30,OUT046,1450.194819786238
FDB23,OUT010,1721.98386911823
FDF45,OUT046,989.3890342692092
FDW20,OUT017,2138.4804763203606
FDF47,OUT045,3512.401788364336
NCR05,OUT019,1278.9060319309474
DRB01,OUT046,3019.5383135818365
FDE36,OUT013,2686.968904925034
FDU56,OUT049,3056.9482811498087
FDB23,OUT049,3687.4440807982705
FDN48,OUT049,1556.5596952246594
FDS43,OUT013,3065.1003238439143
NCN05,OUT013,2944.0569152518065
NCL53,OUT049,2903.7865601338085
FDL56,OUT046,1438.178727308967
FDH17,OUT018,1248.1397475043368
FDP37,OUT046,2049.1776194205886
FDG09,OUT019,1152.7276122703383
FDA55,OUT045,3539.1762977647577
FDX31,OUT049,3838.7618373273344
FDJ41,OUT045,4150.634786300861
DRC24,OUT045,2403.279025667485
FDQ21,OUT035,2100.429671806689
NCT54,OUT045,1422.1234827219296
FDH08,OUT049,3834.4568378802214
FDY38,OUT018,3464.4887916155217
DRM11,OUT010,2311.359833928889
FDG32,OUT049,3641.5602499237643
NCH18,OUT046,3884.4983706235507
FDI20,OUT035,3557.5031718962637
FDA33,OUT018,2129.5869535353972
FDN45,OUT013,3558.5939026649844
FDT45,OUT010,0.0
FDR32,OUT035,3902.2909967122378
FDA48,OUT017,3678.1690872381478
FDN23,OUT017,2507.0708226373945
NCR18,OUT035,793.3098364258708
FDD45,OUT046,1580.5573108435892
FDI22,OUT018,3054.474435119879
FDT09,OUT013,2136.6024167532464
DRC24,OUT027,3828.971840065934
FDT39,OUT046,2445.634219336168
FDX28,OUT045,1555.593477070653
FDA50,OUT018,1242.6899297655996
FDT33,OUT027,4134.3579241358075
FDQ60,OUT049,2059.1462049203783
NCM19,OUT018,1492.8466919390296
FDF40,OUT046,3939.0456925398894
NCI30,OUT035,3989.9566848005215
FDK34,OUT049,3900.4465761153306
FDA38,OUT027,5269.579847927163
FDT02,OUT045,553.0490500762085
FDC11,OUT017,1545.606971885612
FDD08,OUT046,716.5804851319944
NCS29,OUT046,4197.894603875369
DRI03,OUT010,836.3109647856436
FDK48,OUT035,1380.3518983840602
FDM52,OUT049,2460.8004608215524
FDP49,OUT035,1132.4804104620257
DRA24,OUT046,2589.665675805815
NCJ43,OUT049,2820.4289839625035
FDE11,OUT045,2905.7532990402433
FDP01,OUT049,2544.148634807296
FDQ59,OUT018,1127.2212554215853
FDA43,OUT019,1254.1096762802028
FDL14,OUT017,2673.1317197387716
FDV50,OUT010,87.94924675981474
FDT01,OUT027,4811.621335877183
NCC42,OUT035,2369.9806589275863
FDO28,OUT046,1936.2046856169416
FDD32,OUT019,0.0
FDV45,OUT035,3132.2728791290956
NCW17,OUT019,61.53111602058652
NCJ17,OUT027,2783.9573951950206
NCF18,OUT049,3050.25977755601
FDP01,OUT045,2390.4415089507042
FDH24,OUT045,2431.0937020086903
FDI38,OUT027,4782.379640743782
FDX03,OUT035,898.4579053127761
FDY28,OUT046,3439.2217560555678
FDN34,OUT018,2460.620262624943
FDJ02,OUT045,2350.428493752188
FDW40,OUT019,331.2369794117057
FDX03,OUT017,844.4874757490709
FDE17,OUT027,3794.912849683732
FDT58,OUT046,2715.21294496251
FDI38,OUT013,3374.715910625605
FDW22,OUT035,3764.385763983951
FDS15,OUT027,3195.806614604715
NCX06,OUT013,2837.965419510084
DRK47,OUT035,3874.2285671336
FDC23,OUT027,4265.153176570291
FDM56,OUT010,0.0
FDP21,OUT046,3082.360171225617
FDP58,OUT046,3524.6101183327532
FDA27,OUT019,2124.2462912602728
FDK41,OUT019,0.0
NCH42,OUT046,3662.4950122391656
FDG29,OUT045,607.4087130298799
FDW15,OUT018,2148.4329868190225
FDD28,OUT018,686.7173736740135
FDQ37,OUT049,3175.667888909591
FDC23,OUT035,3032.6419164374875
FDV13,OUT035,1617.3084185785256
FDK33,OUT046,3377.063948241025
FDO33,OUT013,1824.7649200259339
FDN21,OUT017,2708.846327519481
NCW06,OUT027,4406.62832011976
FDI38,OUT035,3522.7647039847784
FDC21,OUT027,3165.108646848298
NCS05,OUT046,2110.3712566606246
NCN53,OUT049,697.3442805903957
FDV40,OUT010,0.0
FDG60,OUT017,3831.2404516755864
NCY30,OUT027,4232.590695246566
FDM40,OUT045,2216.2894937857013
NCO30,OUT046,2845.8204981297345
FDK10,OUT046,2951.7597679477594
FDM36,OUT045,2729.1139243375274
FDN10,OUT013,1911.2876632616028
FDM46,OUT018,1273.0963570373215
FDX50,OUT049,1841.059985809979
FDP33,OUT045,3998.5757746932263
FDO12,OUT045,3059.9103718226897
FDC28,OUT013,1795.9052860413506
FDO31,OUT045,1321.8579163406712
FDX45,OUT035,2639.2922705348337
FDV21,OUT049,2122.0204002168657
FDH04,OUT049,1573.3705481366696
NCG54,OUT013,2665.974627745029
FDO13,OUT046,2659.447494282401
FDA09,OUT027,4289.839645523054
FDC38,OUT017,2305.32078096047
NCO42,OUT046,2209.8787577678318
FDL45,OUT049,2068.708334711416
NCK31,OUT013,826.9402327605223
FDM39,OUT017,3032.453166060149
FDC22,OUT010,1225.0580070024853
FDF46,OUT046,1894.3873236775294
FDQ37,OUT045,3009.2064624799787
FDH41,OUT010,1528.2165120757961
FDQ04,OUT046,681.2509333489406
NCQ02,OUT027,4373.403147607012
FDJ57,OUT027,4550.484144977668
NCE07,OUT049,2303.474888034309
FDE56,OUT013,1001.785806821743
FDI20,OUT049,3451.0676281700576
FDK36,OUT018,559.2156509818311
FDP08,OUT027,4478.141085489383
FDF44,OUT017,2304.608448178119
NCU53,OUT017,2821.0566474296147
FDF47,OUT035,3762.9762851310734
FDS55,OUT010,573.8200795146838
FDZ52,OUT010,0.0
FDL04,OUT018,1382.4920333395023
NCM26,OUT035,2539.8799665265906
FDX43,OUT049,2854.906445368916
FDP52,OUT049,3691.921476596396
DRK49,OUT045,598.2925786631481
FDE38,OUT013,2730.5394781316445
DRF13,OUT035,2480.8972307093304
FDK41,OUT010,0.0
FDJ04,OUT027,3294.5654689898342
FDZ44,OUT018,1696.8478974638658
FDS11,OUT013,3667.586647129065
FDA55,OUT049,3702.4493816468175
NCW53,OUT046,3050.824688318342
FDB49,OUT027,3035.777025784223
FDD23,OUT017,3200.6038023630294
NCV42,OUT045,1689.4988898095903
NCZ29,OUT018,1737.6360152087116
FDQ26,OUT013,943.1777590556086
FDV08,OUT017,861.0310241248425
FDC53,OUT049,1702.2418802920643
FDV58,OUT010,1233.9920938170858
NCP02,OUT019,0.0
DRI37,OUT045,837.9178360792674
FDQ12,OUT049,3766.354268813961
FDE33,OUT046,1245.413176208806
FDX27,OUT045,1439.917753630888
FDM22,OUT017,971.6664510285232
NCH30,OUT019,0.0
FDC04,OUT017,3987.444149909342
FDO38,OUT046,1308.5994964050847
FDV52,OUT027,3233.742863584748
FDB32,OUT013,1530.254088443582
FDV43,OUT018,509.4931738569693
FDI24,OUT018,2603.353909846155
FDR40,OUT017,1458.0139439724612
FDW02,OUT049,2124.752545908156
FDE44,OUT049,905.9548412396895
FDL38,OUT046,1478.0710328476173
NCT54,OUT010,0.0
DRJ39,OUT010,1453.610663468161
FDW55,OUT049,4104.20535289649
DRF13,OUT019,390.293165001502
NCW17,OUT049,2108.0261506110996
FDP13,OUT035,891.689612444857
FDS08,OUT018,2599.9559301540185
NCP17,OUT035,1114.456133869674
NCO53,OUT035,3038.905678964818
FDH19,OUT045,2723.1977636385245
FDJ04,OUT017,2022.449137908312
FDG10,OUT049,1046.20760754729
FDA40,OUT010,0.0
FDI53,OUT045,2555.6984349824734
FDU09,OUT010,0.0
FDK60,OUT045,1518.8297305905562
FDR43,OUT017,718.1003935239696
FDW22,OUT017,3678.525566283178
DRP47,OUT010,2126.167644858158
DRG48,OUT010,455.78298446158504
FDA14,OUT035,2494.261566771809
FDU49,OUT013,1430.974719565199
FDK28,OUT045,4085.5566219726875
FDT19,OUT046,2853.1387767779192
NCQ42,OUT045,1862.342282053904
FDD03,OUT045,3698.4760890365114
NCM53,OUT013,1687.4872966481842
NCX53,OUT045,2140.1031438532177
FDV14,OUT027,2749.6189022890785
NCZ54,OUT017,2652.4423107428156
FDB39,OUT013,910.1920817060641
DRC24,OUT046,2420.106282976593
FDY36,OUT013,1210.751498295816
FDN01,OUT035,3039.4808133510815
DRH25,OUT046,809.1151789312522
FDV08,OUT046,783.2909455153768
NCP53,OUT049,3866.9611406830236
FDU52,OUT010,626.9932225224893
NCI42,OUT045,3172.776984045827
FDZ14,OUT035,2124.482630434619
FDF11,OUT046,3902.6291765086835
FDQ13,OUT018,1159.6716662341673
FDO32,OUT010,0.0
DRJ37,OUT018,2178.871594945711
FDY43,OUT046,2728.9370159049345
NCT41,OUT017,2544.197771032086
NCV17,OUT045,2014.7902297435476
FDM04,OUT027,2272.9280834345777
DRB48,OUT018,316.2738800921263
FDM24,OUT013,2497.5735285086157
FDT37,OUT049,4184.97630722997
NCO05,OUT010,0.0
FDL13,OUT046,3765.857919149729
FDL15,OUT017,2578.3068252684443
FDB11,OUT018,3326.0447925952135
FDL14,OUT019,655.6671402880127
FDY10,OUT019,0.0
FDJ40,OUT049,1851.4792032937307
NCW18,OUT046,3727.38626521829
NCY06,OUT013,2007.1604517305784
DRE13,OUT018,1124.9172352755586
FDA26,OUT045,3451.621599324169
NCE19,OUT010,0.0
FDE33,OUT035,1468.003184536899
DRL59,OUT027,2243.965543963377
FDY07,OUT046,787.5449728353211
FDF57,OUT018,2500.545868281547
FDM58,OUT035,1925.516666765393
FDP26,OUT027,3093.2640187794127
FDY32,OUT046,2715.858771963871
FDD51,OUT010,0.0
FDU22,OUT018,1658.2674876487981
FDZ49,OUT018,3335.39368275301
NCI42,OUT017,3374.1620368604863
FDT04,OUT027,1993.347842845093
NCU41,OUT045,2938.938386322374
FDS56,OUT045,4233.818435721955
NCN42,OUT017,2402.923630016054
FDK34,OUT046,3822.555676190768
FDB03,OUT017,3954.4329631634573
DRJ25,OUT035,940.5659734530416
FDT25,OUT027,3456.2057444723255
FDN20,OUT013,2712.6692082866007
FDP09,OUT013,3395.2646220759148
FDM20,OUT019,2034.7020165649835
NCG55,OUT046,1761.7288862019611
NCP14,OUT045,1591.785495157516
NCH06,OUT046,3877.5516773945033
FDV52,OUT013,1846.8134219600527
NCL07,OUT035,784.6434111346349
DRJ11,OUT027,4476.075623523378
DRO59,OUT013,1219.9130897189439
FDW15,OUT010,476.4933377798418
NCQ30,OUT035,2074.9065034455602
NCN54,OUT019,0.0
FDY01,OUT027,3318.6413478636987
FDX39,OUT035,3587.3693846935953
FDH53,OUT027,2684.5568776302575
FDA57,OUT035,822.5573079534773
NCC07,OUT010,0.0
FDU28,OUT013,2977.369816229341
FDK36,OUT010,0.0
FDR36,OUT018,479.44797753339907
NCQ17,OUT035,2627.2616794151263
FDS28,OUT019,0.0
FDE08,OUT045,2340.922858668827
FDU22,OUT046,1941.8148188753776
FDG41,OUT045,1722.5604641498676
FDO31,OUT010,0.0
FDM21,OUT019,2159.00666343417
FDU40,OUT017,3164.587364090381
FDV36,OUT018,1729.2069518034011
FDT10,OUT027,2350.146893641296
FDX38,OUT045,736.9807643688074
NCU30,OUT027,4004.221797554719
NCV06,OUT049,3120.3941179858152
FDT16,OUT035,4358.893313626994
NCP41,OUT027,3091.3598413202017
FDZ56,OUT017,2860.479108736242
FDC22,OUT035,3279.3310637853156
FDU10,OUT035,812.7466316618359
FDS46,OUT045,1817.6334255273673
FDO08,OUT049,2796.089120809511
NCV42,OUT018,1465.820311038563
FDP33,OUT035,4209.292703821286
FDJ12,OUT046,3334.6695166833874
FDH04,OUT045,1405.3141023532726
NCU54,OUT013,3347.5039510605957
FDO36,OUT010,966.5219163982888
FDT37,OUT027,5525.515997411816
FDD14,OUT010,1088.6144232818378
FDA16,OUT013,3554.0230444945933
NCS42,OUT019,0.0
FDP10,OUT019,0.0
FDQ28,OUT049,2522.0821765095966
FDK57,OUT010,46.05937342019001
FDK02,OUT013,1950.4011181637143
FDW47,OUT018,1680.606606457372
NCC42,OUT018,1924.4235845605356
FDQ37,OUT018,2819.0107915665744
FDL40,OUT046,1496.499358820217
DRE13,OUT010,0.0
FDQ34,OUT027,3101.986750331106
NCB54,OUT046,2053.491777756902
FDS48,OUT049,2474.3365386217374
FDO15,OUT045,1111.5823367937778
NCT30,OUT013,709.770566872315
FDU49,OUT027,2786.0247668459397
FDE21,OUT046,1891.1823141155378
FDS49,OUT019,0.0
FDT38,OUT027,2747.1749390227146
FDZ01,OUT045,1650.7480031621872
FDC41,OUT035,1365.3042024619854
DRG13,OUT010,669.3436654670539
NCZ42,OUT018,3469.0763363271444
NCM07,OUT045,1298.517033703008
NCV17,OUT018,1771.9807457966685
DRK39,OUT035,1394.100846514893
FDS37,OUT018,1635.7823334513168
FDV12,OUT019,0.0
NCG19,OUT018,3409.2412687552023
FDS51,OUT013,1035.6875805940304
NCO14,OUT046,661.0525918658202
FDC38,OUT046,2181.3354954831075
FDN15,OUT046,2250.6346704027346
NCH42,OUT013,3628.62246271159
FDQ22,OUT046,607.6217277539448
FDC05,OUT013,3123.597597845322
FDZ31,OUT013,3110.6076234016227
DRJ23,OUT049,3106.4628410006335
FDC52,OUT035,2599.1229772887855
DRD12,OUT010,0.0
FDV55,OUT017,2486.810251338071
FDD32,OUT046,1334.210215671068
FDR01,OUT049,3383.5741941538163
FDY08,OUT019,394.7236542002487
FDQ45,OUT045,2936.4629612940525
DRN11,OUT027,3753.3185425821976
NCS05,OUT018,1861.8932808424963
FDY32,OUT035,2845.978118351872
NCD31,OUT045,2537.380216446677
NCE06,OUT049,2652.7168078076
NCP14,OUT046,1619.7696667346627
NCF18,OUT019,1065.342660434846
FDF14,OUT018,2221.0872222546705
FDB22,OUT017,2651.9543296520264
NCH54,OUT049,2578.998131863432
FDU27,OUT035,962.7692234264093
FDS58,OUT027,3975.9556029777987
NCU29,OUT035,2479.352924810944
FDJ57,OUT013,3130.06641130839
FDL56,OUT049,1514.4778957990059
FDH60,OUT035,3271.0312477114153
FDN24,OUT018,601.0486478147634
FDD02,OUT017,2087.6831124605933
FDP15,OUT017,4272.103667758253
FDB28,OUT027,4598.397247143154
DRC49,OUT045,2271.53981921211
NCG30,OUT018,1615.8886209156626
FDJ14,OUT049,1419.1266698789482
FDL52,OUT045,574.3643673793264
NCG19,OUT027,5053.809048941128
NCN41,OUT035,2100.086716822856
FDW22,OUT013,3606.770877800718
FDI02,OUT013,1836.8333425265573
FDV51,OUT045,2596.4397279986642
FDV48,OUT046,1310.77789120086
NCL17,OUT019,350.2025978130572
FDP46,OUT045,1384.6529812147544
FDU10,OUT045,555.7926735360096
FDT37,OUT010,2237.433851324885
FDI27,OUT035,946.0221769216566
FDN51,OUT046,4177.701581825847
FDW07,OUT035,1589.5068892333716
FDN45,OUT049,3643.257617811318
DRN37,OUT027,4061.5143173976267
DRF48,OUT049,3116.885843334197
FDP38,OUT019,0.0
NCX18,OUT027,4474.984083705265
FDK45,OUT018,1694.4955357086926
FDZ37,OUT049,1543.110166565663
FDS50,OUT018,3288.156815247127
NCR54,OUT018,2785.8964383220864
NCS17,OUT035,1628.221105615159
FDV31,OUT046,2916.767750981311
DRE27,OUT017,1557.5003834851443
FDN60,OUT013,2561.9002089458004
FDK26,OUT013,3050.3109691013215
FDX37,OUT018,1367.6453458323597
FDW31,OUT046,3216.1125535311394
FDX26,OUT018,2649.432190005283
DRL49,OUT019,349.8564812588585
FDU49,OUT017,1533.021477439746
FDY58,OUT046,3678.224197019998
FDN03,OUT045,3960.971611752638
NCV06,OUT010,1126.1646042988846
FDH53,OUT045,1233.3542581607296
FDG31,OUT018,817.0320625780239
NCC06,OUT045,1930.4822180947133
FDS13,OUT049,4416.166319294289
FDP16,OUT035,4076.930883733543
FDA35,OUT013,1946.1073079199716
DRP47,OUT018,3779.4786456106867
FDY28,OUT010,1557.949949583283
FDY20,OUT035,1673.1646160140447
NCH30,OUT017,1843.2300048955944
NCR29,OUT019,0.0
NCP05,OUT013,2343.485074731301
NCF30,OUT019,12.880325385025344
FDA08,OUT035,2866.8239597974207
FDN51,OUT027,5564.247061121765
FDH12,OUT046,1745.6532911640265
FDY39,OUT017,3107.9761294946256
NCO53,OUT045,2845.7298649312715
FDB40,OUT046,2315.1453690643402
FDH02,OUT049,1597.1603696559037
FDY11,OUT027,2474.146436721872
FDQ09,OUT019,0.0
FDP16,OUT013,3924.098837619297
NCF55,OUT018,257.69338049110263
FDY09,OUT027,4227.453425137199
FDY39,OUT045,2922.531709523404
NCU53,OUT049,2719.1698949357083
NCT41,OUT049,2478.979270365563
FDJ45,OUT046,681.425936060662
FDR28,OUT013,2610.582051816701
FDN08,OUT013,1981.1351695551423
FDJ07,OUT049,1971.422092941926
FDZ09,OUT027,4024.1741806015193
FDQ14,OUT017,2565.6713107380033
FDY12,OUT027,2243.781614239914
FDK57,OUT046,1965.5865727982882
FDD20,OUT049,2098.6887320047517
FDS36,OUT018,1546.0529683604673
FDI40,OUT049,1731.7995018304562
FDJ40,OUT045,1708.9321712023839
FDE08,OUT013,2381.27182206087
DRK01,OUT013,1560.1885700415799
FDC58,OUT049,810.3206541678167
FDE50,OUT046,3033.999893153642
FDX48,OUT035,2596.860910247544
DRM35,OUT018,2599.819714900484
FDG41,OUT013,1767.690892981634
FDB52,OUT046,4072.179203142602
FDV19,OUT045,2521.348836929229
DRG48,OUT017,2470.400414194334
FDI26,OUT013,2973.1985444630295
FDU11,OUT019,94.22250094168407
FDF59,OUT019,182.45823639774437
FDR07,OUT049,1644.5947229944052
NCE06,OUT017,2703.589231851351
FDE10,OUT046,2171.799005703636
NCO55,OUT046,1718.6670002785538
FDZ13,OUT013,902.9347451822148
FDT50,OUT017,1722.5222806395668
FDH12,OUT010,0.0
FDD21,OUT045,1872.1319725388703
NCM05,OUT013,4216.695456436308
FDK04,OUT013,982.8196751706419
FDN33,OUT017,1725.5764876849491
NCM18,OUT010,0.0
DRC25,OUT049,1479.3742414262726
FDT47,OUT017,1740.411182194498
FDD45,OUT027,3010.140548603447
NCD07,OUT018,1521.1158067787064
NCY54,OUT010,859.0983510539584
FDL12,OUT049,1059.5542002404554
FDL02,OUT017,1831.7935375365805
FDC60,OUT035,1664.7864253609316
FDR37,OUT017,3036.5756124104855
FDY16,OUT017,3052.538483736876
FDU26,OUT045,1860.8462975794885
FDN24,OUT013,866.6638302665426
FDH44,OUT013,2406.1192876281575
FDE23,OUT010,0.0
FDW60,OUT017,2995.706114417145
FDQ55,OUT049,1990.6934087454658
FDV32,OUT027,2471.8131811663025
FDV03,OUT010,598.6056880895807
FDY14,OUT010,2372.5485017653255
NCL55,OUT027,5424.6565538193645
DRF25,OUT017,763.358213481092
FDX03,OUT046,733.2633435034872
FDF40,OUT045,3874.3888416505742
FDX24,OUT010,0.0
FDA25,OUT049,1763.2231693656472
FDH21,OUT018,2400.209070530504
FDB47,OUT010,1501.6864900227745
FDT34,OUT019,0.0
FDS39,OUT010,409.3835559682113
NCU05,OUT046,1243.3621869748285
FDE02,OUT049,1656.1223263400884
FDL25,OUT035,1689.6046593230922
FDC50,OUT049,1627.6400246205626
FDZ32,OUT049,1864.424180597659
FDV14,OUT045,1314.3627634404631
FDR07,OUT045,1506.8308953074986
FDB26,OUT049,972.5042973008906
NCR50,OUT045,2297.276762502002
FDP01,OUT018,2177.9243916179457
FDH57,OUT045,2094.2305169469855
FDM60,OUT027,2066.6496267514635
FDA45,OUT017,2898.1990442354395
FDU55,OUT017,4297.090751190631
FDH40,OUT035,1501.9061848556512
FDG40,OUT019,0.0
FDT12,OUT049,3707.966287580016
DRL59,OUT045,794.3575063858978
FDT47,OUT018,1374.3360251290499
FDI60,OUT017,1216.1621602796345
DRF51,OUT027,1876.1486222262884
NCK31,OUT049,879.7134695662677
FDB08,OUT045,2590.69743295583
FDM44,OUT035,1845.185052282225
FDD46,OUT018,2218.2378947700763
FDR27,OUT019,191.0207277139096
FDV56,OUT010,0.0
FDM02,OUT049,1518.9797282940997
FDU45,OUT018,1537.9299377032507
FDZ10,OUT017,2129.700703073062
NCK31,OUT010,0.0
FDR27,OUT035,2330.099333669502
FDF33,OUT013,1886.9630370799753
FDJ36,OUT046,1675.8576335037822
FDP33,OUT049,4142.716765645272
FDG17,OUT046,3942.663293311216
FDG47,OUT027,5654.5496949761555
NCW29,OUT046,2026.8799413697002
DRH59,OUT017,1311.681919802347
FDR32,OUT017,3875.426705959715
FDP48,OUT035,3110.8831083553405
FDG17,OUT035,4101.480678895795
DRJ59,OUT017,794.568630949001
FDY48,OUT027,3062.9076019983504
FDB02,OUT046,2867.0843560308163
FDN10,OUT019,0.0
NCD55,OUT035,782.4404004212649
FDX34,OUT013,2006.785432277447
FDZ38,OUT045,2661.841302900119
DRF37,OUT049,4241.388230086478
DRL47,OUT019,56.185686741149084
FDL27,OUT035,1253.6682623698505
NCP53,OUT035,3911.218517297244
FDT03,OUT019,1011.4582231522053
FDJ28,OUT035,3230.1638576669316
FDF40,OUT018,3660.275816394892
FDA32,OUT035,3668.2741743497754
NCP02,OUT017,1047.2499065611214
FDZ31,OUT045,3081.4223607663344
NCQ29,OUT013,4175.838390919949
FDP57,OUT010,0.0
FDL32,OUT027,3247.6790724408297
DRB01,OUT035,3246.917835890893
FDJ40,OUT046,1752.8618569976497
FDO24,OUT018,2297.0827811081663
FDO11,OUT018,3736.3339783464025
FDA56,OUT035,2155.2197019059136
FDF02,OUT045,1664.3016501827801
FDA10,OUT013,1946.9549873022552
NCI55,OUT017,1999.7929086291144
FDZ40,OUT010,0.0
FDV08,OUT049,832.4839516192498
FDN48,OUT013,1460.7381802714026
FDU57,OUT017,2576.4855245340505
DRF49,OUT013,1855.6619818708587
FDS02,OUT035,3303.3670804484063
FDS43,OUT046,3036.794580799428
FDT16,OUT013,4156.634919139804
FDX19,OUT027,5153.618849632547
FDK15,OUT046,1622.1928145353077
DRA12,OUT049,2335.2567206105446
FDY35,OUT017,862.8697101770771
NCU42,OUT013,2679.2989826502644
FDD26,OUT013,3029.5562393013124
FDR11,OUT018,2339.717594136803
NCP53,OUT045,3735.574175656395
FDP34,OUT045,2474.1783737250344
NCV41,OUT019,0.0
FDN20,OUT018,2413.5652307492655
FDZ16,OUT018,2795.310387127068
FDZ28,OUT049,2077.462645465952
NCL55,OUT013,4031.3454991085428
NCJ17,OUT046,1370.3206763820986
FDT37,OUT046,4129.406984216201
FDV51,OUT049,2775.656200557762
FDZ28,OUT035,2188.680709960198
FDN27,OUT013,1877.8235078827267
FDS14,OUT019,652.5894648606229
FDZ58,OUT045,1899.8457952369029
FDD46,OUT046,2538.450789342087
FDJ03,OUT035,955.3691024256566
FDU03,OUT010,983.1591457116708
FDA33,OUT027,3823.597932070617
NCW53,OUT035,3168.1898560676345
NCC55,OUT017,687.3639660541149
FDP52,OUT019,1725.874956460229
FDE39,OUT049,2044.0747382961265
FDB44,OUT035,3606.482510555361
FDG59,OUT013,640.6174293804327
FDI05,OUT013,1218.0686890927718
FDF59,OUT045,2047.402270002493
FDM39,OUT019,1007.3196820671333
FDB14,OUT013,1480.543960357199
NCS05,OUT019,218.3165414293651
DRJ35,OUT045,967.679620567508
FDO31,OUT019,0.0
FDA31,OUT046,2854.918055722741
FDX40,OUT049,702.2838236555367
FDW56,OUT045,3089.6723135358957
FDH09,OUT018,679.5744352823904
FDA52,OUT019,889.4941500926014
FDF20,OUT019,1295.868536889246
FDE40,OUT046,980.9223310400514
NCU17,OUT046,1620.8333105641384
NCP14,OUT035,1839.1708228800944
FDN25,OUT027,2359.153321449987
FDU39,OUT049,1032.9588015350687
NCM05,OUT017,4369.76395731244
FDU07,OUT017,2582.1632837592683
FDF28,OUT049,2086.507242071842
FDR57,OUT049,2673.7524282099316
FDJ33,OUT013,2015.3474848054088
DRH23,OUT035,1063.549505596875
FDQ52,OUT046,3958.9292962864056
DRK13,OUT035,3315.681736216185
FDP09,OUT046,3368.553090775275
FDR08,OUT027,3172.289278537824
FDV50,OUT045,1909.3498759932663
FDT13,OUT049,3156.33519127359
FDJ27,OUT027,3020.368657625313
FDH21,OUT046,2647.0919340289865
FDW14,OUT027,2838.013219721156
FDL52,OUT049,748.7977672642069
FDW28,OUT017,3247.0704559752126
FDL40,OUT049,1614.247381584318
FDE24,OUT046,2276.8637184791855
FDX35,OUT049,3791.389278006656
FDP46,OUT017,1552.5624969465532
FDX56,OUT045,3273.033300823402
FDQ45,OUT049,3079.010178640553
FDK50,OUT027,4049.4747761457597
FDY26,OUT045,3291.1105201223436
FDQ09,OUT017,2005.7041981599325
FDN39,OUT049,2777.550289766844
FDP13,OUT017,864.8307265574315
FDR51,OUT013,2452.585689724643
FDZ49,OUT010,1659.6670589542682
FDL28,OUT018,3416.282443364953
FDZ10,OUT035,2166.135500660287
FDK38,OUT013,2454.066653367099
DRL49,OUT027,3677.3699105871865
FDR15,OUT013,2502.172335656587
FDQ24,OUT035,4186.261629717789
FDD56,OUT013,2868.1233281484024
NCR42,OUT046,494.3986044678486
FDH52,OUT045,979.2232757979144
FDH57,OUT019,231.96852562158801
FDR15,OUT010,650.4264878968538
FDJ34,OUT035,2191.997458295701
FDW37,OUT035,1665.1222249436141
FDQ23,OUT018,1408.1734061035058
FDP34,OUT013,2554.3804654930077
FDE04,OUT027,4255.601612240214
FDC48,OUT045,1274.054106779579
FDA47,OUT019,707.1148049052897
FDI35,OUT018,2642.496666894648
NCV05,OUT013,2492.949230782323
FDR28,OUT045,2528.7795745179747
FDH31,OUT017,1738.6856427915482
FDP59,OUT019,0.0
FDS19,OUT018,998.4141555796531
FDM60,OUT045,632.9882821031542
FDJ44,OUT018,2549.027154042959
DRH51,OUT017,1378.4490634865601
DRC25,OUT017,1522.271476707206
DRE25,OUT013,1478.3201756595424
NCX05,OUT049,1889.920335741031
FDR11,OUT017,2705.7963116727146
DRP47,OUT045,3950.540513216647
DRC49,OUT019,393.7583698773328
FDQ47,OUT027,2047.3158823049375
FDL20,OUT013,1817.7478675642628
FDM34,OUT035,2246.298287668449
NCN55,OUT013,3793.4136710689645
FDD41,OUT035,1865.8463615378687
FDE52,OUT049,1547.9412052840296
NCT18,OUT019,889.3276324601245
FDJ32,OUT018,745.192457790212
FDE16,OUT046,3376.6748405770068
FDZ09,OUT045,2549.0680278476307
DRZ11,OUT046,1989.0497048916086
FDK41,OUT049,1462.550056719716
FDE56,OUT049,1097.6116089724346
FDH34,OUT013,3016.576057531426
DRI49,OUT013,1288.9648671111584
DRI59,OUT046,3618.350169478645
DRC36,OUT049,2851.1192365569427
FDS15,OUT019,0.0
FDI07,OUT018,2889.5226479602115
FDZ15,OUT018,1632.408566119669
NCX41,OUT027,4722.583208593781
NCO29,OUT019,728.3644671918462
FDF57,OUT013,2739.062754806436
FDI33,OUT035,1619.5441073232937
DRJ47,OUT049,2817.1774344520873
FDB34,OUT046,1388.8956188597795
FDY22,OUT027,3693.126638438791
DRL11,OUT017,2686.589543284756
FDY46,OUT035,3169.8692968298246
FDG17,OUT013,3916.762338895682
FDE52,OUT018,1165.7698684860832
DRP47,OUT027,5416.076087324565
FDO01,OUT010,133.59857189440623
FDL09,OUT046,2698.157583940834
FDR57,OUT013,2579.527115819244
DRD37,OUT035,941.6581769251188
FDQ36,OUT027,2071.884067079668
FDL33,OUT049,3273.5238052292816
FDL48,OUT045,729.4842663412418
FDL28,OUT049,3785.6953274387915
NCN29,OUT046,730.2100946317914
FDO13,OUT035,2874.0658774055655
FDB38,OUT045,2550.2349736175374
FDI36,OUT035,3318.298819383033
FDI58,OUT035,1672.5234091693692
FDH22,OUT018,1841.120805627973
FDQ27,OUT013,1752.3304528712465
FDT33,OUT046,2698.3898275082256
FDC56,OUT045,1930.2198406319535
FDF14,OUT046,2552.469191574262
FDQ39,OUT017,3222.619096139998
NCM43,OUT017,2726.0392628201207
FDS46,OUT035,2079.3702679371845
FDI22,OUT049,3417.508465981531
NCE43,OUT045,2623.0321925019866
FDZ36,OUT010,1122.9848591151276
FDR13,OUT019,3.3888355340216094
FDP46,OUT018,1164.1653929936324
FDW56,OUT019,1226.3176912213935
FDB40,OUT017,2442.3068960140963
FDM28,OUT018,2569.577671335719
FDV49,OUT013,4294.978576381014
NCS53,OUT018,2204.817067864841
FDO03,OUT049,3778.8224571804226
FDT15,OUT035,3129.8235670471695
FDD33,OUT049,3818.502601588382
FDX13,OUT017,4214.0819871250715
FDH60,OUT013,3138.924812228857
DRH51,OUT046,1240.1176516064288
NCL07,OUT049,726.0360901328936
FDW51,OUT045,3426.112960274818
FDF21,OUT019,1151.2399175402184
FDH26,OUT019,344.29843076000066
FDJ03,OUT049,903.1414546529229
FDU35,OUT017,1760.4895811726465
DRL01,OUT018,3388.762458929561
FDE59,OUT045,589.4010912311292
FDI60,OUT035,1233.4658403922801
DRH39,OUT035,1245.960570773702
FDK36,OUT049,919.0656343167542
FDN52,OUT045,1330.1840339351506
FDU12,OUT017,4335.560794404993
NCT05,OUT027,5473.271120450087
FDS37,OUT027,3352.1140795530964
FDK24,OUT017,912.9311834003627
DRF36,OUT013,3040.4050308512974
FDN46,OUT010,0.0
NCN06,OUT045,2515.4116005503333
FDD59,OUT035,1515.3975207609196
FDM14,OUT045,1745.1344561543592
FDO10,OUT018,644.7163355182536
FDU35,OUT013,1637.7107045988196
NCA30,OUT018,2663.017975052148
NCO41,OUT049,1621.1382325588859
FDI24,OUT046,2839.0728665307133
FDZ16,OUT046,3061.3251082059537
FDV47,OUT046,1333.8733539808236
FDV16,OUT045,528.9277205476716
FDZ22,OUT035,1512.0221324496592
FDO20,OUT010,2209.282240032736
FDW38,OUT013,946.6707137367227
FDW52,OUT045,2562.237010275936
FDT43,OUT019,0.0
NCS29,OUT045,4171.503174312429
NCC31,OUT017,2574.994906908247
FDA21,OUT017,3127.3258664182954
FDQ55,OUT046,1904.831680000638
NCE54,OUT049,1210.013542885374
FDD45,OUT017,1706.1183438691255
NCP17,OUT017,1100.3394900275232
FDR47,OUT035,3254.8514531159267
DRM35,OUT013,2867.033217870753
FDR47,OUT019,1193.7708170167664
FDX19,OUT010,1856.765749150902
FDV22,OUT027,3904.9925713672155
FDQ46,OUT027,3225.846443100566
DRO47,OUT045,1770.37140454118
FDB44,OUT010,1544.2976097867377
FDN02,OUT010,1410.0391517424582
FDW10,OUT045,2712.990311945542
FDJ41,OUT019,2305.726686700221
FDM50,OUT046,986.6025829051323
FDW10,OUT035,2969.943214380946
FDY48,OUT049,1728.7437726638702
NCE30,OUT027,4736.56723660328
FDO04,OUT045,838.4821855000586
FDQ26,OUT010,0.0
NCX29,OUT018,2055.8841196768485
FDE39,OUT046,1918.3544048992267
NCR54,OUT027,4444.8228186498245
NCP55,OUT027,2276.0523648111784
FDX22,OUT017,3553.914671901889
FDI05,OUT035,1374.0904421495845
FDC51,OUT027,3415.2592166109253
FDC10,OUT013,1945.7538825908873
FDJ46,OUT045,2759.2382603049164
FDV10,OUT010,0.0
FDX12,OUT027,5261.050774429525
FDL43,OUT019,0.0
DRB13,OUT046,3045.198210449482
FDF59,OUT027,3495.409441134806
FDT35,OUT049,2760.4975137520632
NCJ19,OUT035,1046.539043836329
FDT35,OUT018,2432.5311270066404
FDI48,OUT046,819.3380412060975
DRC24,OUT019,485.060011045855
NCZ05,OUT017,1778.2721965174928
FDJ57,OUT049,3197.188250404726
FDX11,OUT017,3048.7440264629595
FDE09,OUT035,2007.4742356604852
NCK06,OUT049,1994.8383460258574
DRE37,OUT017,3155.2353743117646
FDV56,OUT046,1731.202504141398
FDY43,OUT017,2844.9481202260827
FDV35,OUT013,2457.657404979326
FDF05,OUT019,2265.118311147361
FDA36,OUT035,3144.8793682875435
FDS13,OUT027,5684.950873258688
FDU47,OUT013,2305.141697879197
FDI36,OUT010,1245.536662396625
FDH48,OUT046,1397.6970325827142
FDZ14,OUT013,1984.405017176302
FDS46,OUT013,1936.1040250958881
FDE21,OUT017,2066.175006069652
FDA26,OUT049,3640.403599479472
FDV12,OUT046,1596.7090338158011
FDL46,OUT019,0.0
FDN57,OUT013,2282.739498418106
NCJ18,OUT017,1966.4789400431027
FDO36,OUT045,2799.668961074778
FDX55,OUT018,3212.8790499309184
FDT25,OUT019,134.98780412766587
FDD16,OUT049,1242.4721815194193
NCX18,OUT013,3080.074442271131
NCG55,OUT018,1492.5262023099956
NCV18,OUT049,1397.2644131530667
NCS18,OUT035,1837.7602709903422
FDC37,OUT045,1662.7512303168921
FDE47,OUT046,2023.508073539218
DRG49,OUT019,2024.8941539937084
FDC39,OUT049,3427.1427478943556
FDH24,OUT019,603.7023628867106
FDV39,OUT027,4604.21787905077
NCL17,OUT045,2240.7051414134394
NCY53,OUT035,1920.7142065906569
FDH52,OUT013,1038.7043361984256
NCD19,OUT018,558.3419452792518
FDI44,OUT046,1258.9142815627697
DRD49,OUT027,5208.3482332141975
FDN08,OUT035,2145.1280347513
FDO20,OUT027,5492.6643621630565
FDY02,OUT046,4210.088136343307
FDX23,OUT045,1490.2802278107665
FDX01,OUT017,2049.5379855753836
FDH20,OUT027,2980.556200444935
NCX41,OUT017,3460.0114221154495
FDD21,OUT027,3305.795618349499
DRH11,OUT019,0.0
DRE60,OUT018,3338.3794617660583
FDB10,OUT013,3826.725439643652
FDH38,OUT013,1971.4142063695854
NCL07,OUT018,316.7647990023162
FDD48,OUT046,1844.1038574612726
NCT54,OUT027,2866.9356968943875
FDF32,OUT027,4606.354487779094
DRH51,OUT045,1216.9159251744168
DRG03,OUT035,2523.614625096373
NCY42,OUT019,350.9494369854816
FDH32,OUT017,1701.9637306340155
NCJ06,OUT027,3243.1246913121004
FDH47,OUT027,2994.157416265086
FDZ08,OUT018,1092.7998031869197
FDK16,OUT017,1681.0197581804282
DRG01,OUT018,924.0210896747792
NCM53,OUT027,3031.375494732685
NCB07,OUT035,3229.7237830237245
NCZ06,OUT035,4124.987180487027
FDU48,OUT049,2157.8378095891057
NCB55,OUT027,2288.2252288219793
FDP15,OUT013,4146.139770146197
FDF17,OUT046,3169.3421260153495
NCN06,OUT049,2693.0329628861878
DRM48,OUT018,322.55158196419734
FDH10,OUT046,3041.4711867643077
FDC60,OUT018,1192.1316164832062
FDE35,OUT018,737.3457864629564
DRI23,OUT013,2583.8133367106784
NCR38,OUT013,3982.705192708123
FDP04,OUT035,1151.743586315763
NCW17,OUT045,1983.0163310111425
FDX34,OUT017,2137.534998851669
NCK53,OUT045,1502.029451953664
NCO54,OUT010,0.0
NCH55,OUT046,1966.5624164885976
FDT44,OUT027,3306.4636709795523
DRG49,OUT046,3895.5576503275124
FDX46,OUT010,0.0
DRG36,OUT049,2795.4032443633528
FDU37,OUT049,1449.6697290591183
FDK10,OUT049,3039.216623039061
DRF37,OUT027,5543.6583350510155
FDC44,OUT035,2005.429982665767
FDP15,OUT046,4128.990736408425
FDZ27,OUT027,2229.0555544274953
FDY22,OUT019,381.44972166080225
DRG51,OUT035,2701.28880431609
FDN58,OUT045,3691.305286118598
FDW01,OUT049,2588.9319620265305
FDX24,OUT018,1261.5865461020076
FDO51,OUT017,875.6261293857476
FDJ52,OUT027,4009.1134616022564
NCY06,OUT010,107.94184520728834
FDE20,OUT018,2471.16026342775
FDT23,OUT010,0.0
FDQ51,OUT046,803.3872222033472
FDE35,OUT046,1038.4378457026562
FDB46,OUT013,3428.7921122129974
NCG19,OUT035,3802.1775187229264
NCL06,OUT018,3826.3262835303403
FDT36,OUT019,0.0
FDC56,OUT049,2101.463926497009
FDJ26,OUT049,3552.342818354081
FDZ59,OUT017,2868.8752462337825
FDV11,OUT027,4265.10427677808
FDR13,OUT010,9.653827327438535
FDI15,OUT018,3943.1405516300742
FDF47,OUT018,3306.2632751531955
NCB54,OUT019,153.8815435714689
NCK19,OUT027,4465.046020330799
FDX16,OUT017,2524.166064272808
FDL50,OUT045,2018.2536410037426
NCE31,OUT035,709.9098110786758
DRJ01,OUT049,2692.5209771559385
FDE22,OUT013,2602.0283246520576
FDY20,OUT019,0.0
NCO14,OUT045,629.8766696599608
NCR50,OUT017,2463.5869460493122
DRM47,OUT017,3215.2772451282754
FDO27,OUT010,0.0
FDJ20,OUT027,3408.5745602069537
NCX17,OUT013,3691.4238878070764
FDG59,OUT049,709.3326039058949
FDD52,OUT045,1670.5139140380431
FDO48,OUT017,3680.0830977795404
FDC59,OUT019,0.0
FDS15,OUT018,1503.397456910794
FDB47,OUT035,3566.3603545670558
FDV14,OUT019,0.0
FDB27,OUT013,3161.8526514168775
FDA35,OUT035,2154.7406206744727
FDN51,OUT018,3905.3088513933944
FDO39,OUT019,1053.46157135357
FDB28,OUT049,3283.373711402417
DRJ25,OUT046,781.7490012978183
FDH46,OUT027,3056.601926135252
FDI10,OUT045,2743.10912664256
FDU21,OUT018,279.1160366576341
FDD09,OUT049,3009.0044209832167
FDD10,OUT046,2845.497116648681
FDN31,OUT010,1215.6893392564311
FDA46,OUT018,2880.134289952134
FDM56,OUT046,1760.0807732065878
FDF11,OUT010,1984.9215124475177
FDS32,OUT018,1991.7362478660027
NCM06,OUT013,2423.6184049467975
FDZ26,OUT045,3789.377266264632
FDO01,OUT013,2077.978329453686
FDJ46,OUT049,2900.1924423983414
FDG26,OUT019,2222.807390653965
FDZ38,OUT035,2929.9570713053577
NCO55,OUT013,1664.0674678341848
FDT60,OUT035,2166.7012850336046
FDW37,OUT049,1571.444056791569
NCK42,OUT018,3130.1894683371784
FDA45,OUT046,2782.198547761059
FDW55,OUT018,3782.619039583045
FDY44,OUT017,3305.6083225863867
FDQ31,OUT017,1592.1964487457467
FDM09,OUT049,2846.099754602213
FDH12,OUT018,1442.9735105048949
NCQ43,OUT035,1871.8966957552439
FDT33,OUT035,2873.150387860698
NCT41,OUT018,2093.622873279042
DRJ25,OUT010,0.0
NCQ41,OUT046,3109.2076322215426
NCN17,OUT049,1685.077174833751
DRO35,OUT027,3290.5324271128293
FDU27,OUT018,509.2372256723332
FDY43,OUT027,4145.776447809114
FDG46,OUT035,2054.9130883636035
DRL49,OUT018,2018.4377301846264
NCB55,OUT049,952.4837770420543
FDK28,OUT049,4261.584162781173
FDO49,OUT045,784.5717570863103
FDT03,OUT013,2903.2785793541407
FDW33,OUT027,3112.292988913736
FDR02,OUT035,1918.2849587462742
FDF50,OUT013,3264.401238045418
FDA40,OUT018,1131.352932169369
NCT53,OUT018,2378.473303893715
FDY60,OUT035,2459.817157670829
FDP44,OUT027,3076.7263804150152
NCQ50,OUT045,3282.068639703554
NCC30,OUT017,2904.3663335803644
FDQ60,OUT018,1705.6787067649116
FDG41,OUT046,1766.4891074429797
FDQ03,OUT046,3804.5111697196007
FDM03,OUT045,1687.3105685320531
FDZ51,OUT018,1257.271136883855
DRF51,OUT035,657.9993329433433
FDF39,OUT017,4304.870813894244
FDW52,OUT035,2766.578858818064
FDY22,OUT049,2411.588930842415
FDG14,OUT013,2474.6272318989186
FDA57,OUT017,759.0185876225613
FDL45,OUT019,114.94503329420581
FDX28,OUT046,1594.737290886363
NCQ54,OUT013,2643.6934948699236
FDH40,OUT045,1240.1706807311252
FDU52,OUT035,2705.339011286328
FDT60,OUT010,97.29737725303517
FDK08,OUT045,1616.0844114541185
FDN04,OUT049,2954.180129304581
FDE50,OUT013,3016.070834188198
FDI16,OUT049,903.6690282437545
FDM50,OUT049,1104.063538976552
NCV30,OUT049,996.6770180170738
FDT44,OUT013,1894.0237437919786
FDY60,OUT013,2354.8147742989677
FDT56,OUT017,1112.5263177064378
FDV58,OUT018,2820.5888032294115
FDU04,OUT013,1999.1666642118666
NCN05,OUT027,4353.314974950631
FDI53,OUT018,2330.42968043995
FDD34,OUT046,2665.567030504019
FDW47,OUT027,3398.5302172866695
FDT51,OUT027,3217.2659487109127
FDO27,OUT013,1610.8941111522417
NCQ18,OUT018,1287.24424850873
NCW05,OUT013,1695.6291354818284
FDI15,OUT010,2339.262935172821
NCH43,OUT010,1536.1376086281396
FDT40,OUT049,2130.7563277196423
NCG19,OUT017,3756.1883473081707
NCM30,OUT035,737.610764303642
FDB38,OUT017,2673.499676912368
FDB22,OUT046,2504.0554835560597
FDC58,OUT046,737.2126034601715
NCI29,OUT013,2252.5661511534836
FDA23,OUT010,0.0
DRG48,OUT013,2331.686365444554
FDV21,OUT013,2035.7599581599302
NCG18,OUT019,0.0
FDG40,OUT045,497.84516320828993
FDU24,OUT018,1287.2649940132733
FDA22,OUT049,2813.5827086046047
FDY35,OUT046,748.4618027177385
FDJ15,OUT045,2878.5812849713384
NCW18,OUT018,3443.2663789962694
FDK56,OUT018,2813.596568746066
FDF44,OUT046,2194.9787802164824
FDP51,OUT049,2025.918701259277
FDU22,OUT027,3290.090017520567
FDM28,OUT017,2964.351155300209
NCL42,OUT046,3818.1410437410173
FDJ15,OUT019,1057.5942055942978
FDI32,OUT018,1570.647069932198
DRL11,OUT046,2568.9895536032245
DRO59,OUT018,954.2923805058721
FDA07,OUT019,136.5717326718709
NCO53,OUT013,2879.6947001466674
FDO21,OUT045,3561.761333826296
FDW39,OUT045,2850.9167625458444
NCV17,OUT013,2043.9822794297697
FDE22,OUT046,2562.5621904011255
NCB06,OUT018,2215.207245056333
DRF48,OUT017,3121.519977737965
FDB05,OUT013,4006.3814232584655
FDP28,OUT027,5546.289189057346
FDP23,OUT046,3565.789815023461
NCS41,OUT018,2623.6981512094726
FDS40,OUT018,331.5585638851712
FDA16,OUT017,3667.230421644969
FDN20,OUT035,2852.747547414271
FDF04,OUT027,5529.661949018953
DRG36,OUT018,2432.369173460439
FDW16,OUT018,1196.7612270314735
FDU09,OUT017,1045.5045724360066
FDW01,OUT046,2506.257355075834
FDB15,OUT045,4199.862561332824
NCJ17,OUT049,1470.535390420483
NCT18,OUT018,2592.941493191228
FDG16,OUT018,3139.509148797556
FDP27,OUT017,3246.468103937641
FDQ44,OUT027,3349.955795162985
FDL50,OUT027,3461.481649935994
FDW57,OUT027,4295.823432234333
FDS34,OUT013,1823.875487473039
NCV30,OUT035,1060.0650982572388
FDD26,OUT018,2759.154262663131
FDA03,OUT045,2279.69920343465
FDS27,OUT018,2892.995173065854
FDM12,OUT013,3002.405332152583
NCV42,OUT027,3143.8885425098315
NCS41,OUT046,2923.195893637514
FDN56,OUT018,2094.3639750561288
DRK59,OUT046,3758.3897374888056
NCG18,OUT046,1587.8499137201206
NCN26,OUT017,1961.3072271107976
FDI60,OUT027,2451.62643869193
NCI43,OUT049,798.1587296421856
NCL17,OUT049,2376.874742186179
FDQ19,OUT019,2063.4480761871955
FDY43,OUT049,2792.4808386707114
FDR36,OUT049,823.3489885889337
FDJ58,OUT049,2844.932458164278
DRY23,OUT045,661.6563568044437
FDK26,OUT027,4483.484886140511
DRH03,OUT045,1323.1225879759152
FDC10,OUT010,48.27993014779395
FDD23,OUT013,3042.753731284294
FDP32,OUT045,2056.4640826983796
FDO31,OUT035,1530.9830761465214
FDQ57,OUT013,2361.9252237347423
FDX32,OUT027,3736.898899917482
FDC39,OUT027,4758.113491287909
FDU55,OUT046,4206.595452431329
FDL45,OUT013,1984.0482776325455
DRK37,OUT049,3130.9558680561026
FDK22,OUT013,3478.200251772113
DRG37,OUT027,3864.1738883294756
FDK22,OUT017,3588.218023884073
DRH36,OUT018,869.0219477702507
DRC36,OUT018,2488.0827465405605
DRE03,OUT027,1988.4980230654887
FDF34,OUT046,3181.5003226273166
FDZ22,OUT046,1351.6104640341778
FDC44,OUT010,0.0
FDN31,OUT027,4461.832797688735
FDO03,OUT017,3836.067880179099
FDA01,OUT049,1079.9748921936493
NCH42,OUT049,3753.140387729067
FDF46,OUT018,1631.5661400853096
DRL35,OUT046,694.5989843497142
FDW46,OUT049,1118.9961581583411
FDB58,OUT046,2289.1694727569597
FDD47,OUT018,2503.9080554242446
NCO17,OUT045,1839.7666765534207
FDJ26,OUT017,3598.4251405097666
FDU37,OUT045,1294.3686578540855
