Item_Identifier,Outlet_Identifier,Item_Outlet_Sales
FDW58,OUT049,1851.1652192045294
FDW14,OUT017,1495.8039171302034
NCN55,OUT010,1883.6852301209456
FDQ58,OUT017,2591.267050068363
FDY38,OUT027,5113.633243789109
FDH56,OUT046,1932.5569344268447
FDL48,OUT018,578.2040490131023
FDC48,OUT027,2799.301196583089
FDN33,OUT045,1474.083516541265
FDA36,OUT017,3103.740704856403
FDT44,OUT017,2047.7685560905466
FDQ56,OUT045,1359.7976314055586
NCC54,OUT019,1878.3499822856743
FDU11,OUT049,2078.692766686787
DRL59,OUT013,908.287442991631
FDM24,OUT049,2534.181818221108
FDI57,OUT045,3286.816548110763
DRC12,OUT018,2758.1725608070096
NCM42,OUT027,3183.3084648228296
FDA46,OUT010,1144.8859662617697
FDA31,OUT013,2855.2539676617344
NCJ31,OUT035,3894.6551164956322
FDG52,OUT046,793.5823493692948
NCL19,OUT019,365.6443868487986
FDS10,OUT035,3026.9255432905425
FDX22,OUT010,1419.3855304275673
NCF19,OUT035,909.3976467288647
NCE06,OUT046,2527.7909048049314
DRC27,OUT046,3864.9465487852485
FDE21,OUT035,2073.5254760427883
NCR42,OUT019,0.0
FDX51,OUT018,2848.2853900019827
NCR06,OUT018,412.72044577846214
FDU31,OUT027,4954.833904733719
FDU59,OUT017,2738.2032492812486
FDR03,OUT027,4735.900491274586
FDS49,OUT027,2801.2823650662435
FDD48,OUT010,0.0
NCF18,OUT017,3110.9443616020217
NCD43,OUT027,3087.557090627396
NCD54,OUT018,1980.7074131260267
FDY19,OUT010,12.03009211663857
NCY54,OUT017,2811.110714067533
NCL19,OUT018,2023.8406213592725
FDP23,OUT010,1554.0374927918895
FDC26,OUT013,1869.5724316044436
FDR14,OUT010,0.0
NCS41,OUT035,3047.970778976168
FDF41,OUT035,4044.6292482658378
FDU34,OUT046,2007.6006845801728
DRH11,OUT046,946.3241312572901
FDM03,OUT013,1764.3958193568067
FDS31,OUT017,3034.4814824144605
FDJ20,OUT017,2110.4732113376854
FDV44,OUT027,4500.114791867498
FDG02,OUT049,3149.8415898097574
FDA09,OUT013,2877.0043695431696
FDT04,OUT013,670.6863975177612
FDL58,OUT019,2256.337231074218
FDE52,OUT045,1367.0704099036934
FDW12,OUT035,2482.7316557179606
FDL51,OUT017,3481.8979440405587
NCY42,OUT027,3678.555371845084
FDR07,OUT017,1717.1169467621658
FDN40,OUT045,2353.21162856475
FDB35,OUT027,2954.3775408581487
FDA22,OUT017,2779.9338668184128
NCL06,OUT046,4106.545815497947
FDI35,OUT013,2955.001890060621
NCW42,OUT045,3401.412056204814
NCX06,OUT049,2929.5265822474003
FDC37,OUT027,3218.7318771596165
FDZ14,OUT018,1657.9646279967233
DRG49,OUT049,3953.0471873578217
NCG06,OUT045,3945.69117340948
DRC36,OUT045,2676.13882639436
FDV21,OUT019,70.81239899610136
FDB53,OUT046,2351.0451634332385
DRP47,OUT019,2061.871810244424
FDA14,OUT013,2318.3231795541924
DRC24,OUT035,2566.286000130266
FDW21,OUT018,1364.1025156032983
NCH29,OUT046,1571.3175422379136
FDU58,OUT013,3039.3228132478416
FDY27,OUT017,2903.0776203791524
FDV56,OUT035,1957.0920364619892
FDT59,OUT046,3681.7006278185468
FDB23,OUT046,3620.069910865887
FDR49,OUT045,739.4120166822165
FDB03,OUT010,1851.6840906586658
FDN39,OUT045,2605.887485808648
FDX02,OUT027,4952.265231608338
FDQ16,OUT027,3181.8523768178
FDU35,OUT018,1350.7995194688006
NCT29,OUT013,1981.9192996485424
FDZ27,OUT046,785.8400025080637
FDN57,OUT017,2356.618019041336
FDA03,OUT018,2020.187577294054
FDZ36,OUT045,2900.189240561218
NCU05,OUT013,1344.8694694742612
FDT39,OUT018,2168.4226479054723
FDK60,OUT017,1691.3180659962006
FDZ25,OUT017,2849.8862827086923
FDG12,OUT046,1991.253858277592
DRB01,OUT019,1111.2560276626748
NCC43,OUT027,5365.573303576233
FDX13,OUT019,2075.6842658999144
FDM22,OUT049,991.6603648213052
FDJ03,OUT027,2236.178751076034
FDU14,OUT018,3643.934992514898
FDB33,OUT010,680.0060692454958
FDP27,OUT046,3041.8711636099924
FDO38,OUT010,0.0
FDE28,OUT027,5100.173976157303
FDO27,OUT035,1690.4190387196318
DRL23,OUT027,3185.269142957889
FDS28,OUT046,918.4377428116399
FDX24,OUT013,1559.905389707693
FDZ02,OUT035,1675.8635806578543
FDL46,OUT045,1816.9289154276316
FDS60,OUT027,4317.610047825665
NCO06,OUT017,630.4735624449424
FDO16,OUT035,1519.8292258658412
FDC60,OUT049,1526.8856139077504
FDA48,OUT018,3220.632512187609
FDZ36,OUT027,4430.5880469749645
FDK27,OUT045,1901.917545061031
FDW23,OUT018,402.4090477876455
FDM14,OUT018,1549.6058364300525
FDM14,OUT013,1828.502818516155
FDW60,OUT018,2578.743958833473
FDE21,OUT013,1959.4426605180277
NCM42,OUT035,1872.5691557781356
FDY59,OUT010,0.0
DRI49,OUT049,1379.7798615122847
FDT28,OUT019,501.84920759146746
FDQ22,OUT018,409.2841513874912
FDR60,OUT049,1355.6096722212574
FDC50,OUT019,0.0
FDV24,OUT013,2466.2249493005047
DRF48,OUT010,1062.3104579579385
FDQ47,OUT046,633.7703007683035
DRN36,OUT049,1653.9821705381878
NCY06,OUT035,2165.670899223541
FDE52,OUT035,1571.196748446575
NCB54,OUT045,1958.1062649090572
NCF31,OUT035,2541.072272191919
FDJ08,OUT027,4503.881218306913
NCC07,OUT017,1783.079646428832
NCD19,OUT027,2315.292609696914
FDL46,OUT049,2015.242195956093
FDM20,OUT045,3875.9538449214
NCI06,OUT010,915.1667085990297
DRM11,OUT035,4240.033732000951
NCH07,OUT018,2203.802427715891
FDS23,OUT013,2115.6239468912177
FDO49,OUT018,581.7034427146033
FDS35,OUT049,1187.4570876105222
DRK39,OUT045,1271.1146309308215
DRI39,OUT049,1052.4572036084064
FDV04,OUT017,2598.869018650192
NCN14,OUT035,3018.158396754484
FDH08,OUT013,3745.4483122814977
FDS20,OUT046,2960.0663316884884
FDV40,OUT049,1330.1492602730532
FDZ48,OUT010,0.0
FDS24,OUT027,2892.0637432461963
FDK44,OUT049,2909.426898707856
FDS48,OUT045,2360.8720008087857
FDK26,OUT010,1104.211185714968
FDD23,OUT045,2966.732182545535
NCH54,OUT017,2636.5667395421024
NCP14,OUT010,0.0
FDM60,OUT010,0.0
FDV24,OUT017,2531.773500160889
FDH08,OUT018,3401.1566914154464
FDS12,OUT027,3495.758395351137
FDR39,OUT027,4341.359194087223
FDP12,OUT027,2100.0208107233443
DRF60,OUT027,5171.379274962108
FDC09,OUT035,1857.830674784258
FDF50,OUT018,2907.607242958504
FDG28,OUT035,3993.6507314809155
NCE19,OUT017,982.513532576391
NCM53,OUT010,0.0
NCN18,OUT049,1833.074697862944
FDF32,OUT035,3351.246090317964
FDF11,OUT013,3865.2622357744217
DRI59,OUT049,3667.1554842270275
NCG54,OUT035,2799.248773753353
FDM44,OUT046,1693.3336734897368
FDT57,OUT018,3472.811743472692
FDV24,OUT046,2426.5628045766684
FDI50,OUT019,1757.6612464283182
FDS09,OUT035,1001.7719575796946
NCC31,OUT027,3884.010562041598
FDQ07,OUT019,1607.4863648182532
FDC22,OUT017,3142.753012206396
FDZ56,OUT046,2752.239562218433
FDZ40,OUT019,0.0
FDS46,OUT027,3359.9969856958737
DRD24,OUT045,2163.550911738308
FDV45,OUT017,3117.139099177093
FDL26,OUT045,2457.3135519961666
FDA56,OUT018,1756.1573277280384
FDN27,OUT046,1928.2001810362158
FDM20,OUT049,4024.448814878097
FDO16,OUT017,1452.7152135657125
FDL03,OUT035,3278.8283368639727
FDE58,OUT046,1888.9429923341077
FDI02,OUT027,3290.9190160188928
NCC55,OUT019,0.0
FDR03,OUT018,3019.744971904881
FDB14,OUT017,1642.5048973986393
FDR45,OUT013,3852.589669641589
NCN07,OUT017,2171.7199766840904
FDM51,OUT019,0.0
FDT52,OUT027,5315.645423228517
FDL26,OUT046,2504.609035499492
NCZ42,OUT046,3749.618726069411
DRI47,OUT019,436.87212734481045
FDW40,OUT013,2271.5100946974358
FDN34,OUT046,2702.7797632868333
FDS01,OUT035,3032.2731534465097
NCG55,OUT045,1763.4893860799125
FDC11,OUT035,1588.1440106944406
FDX35,OUT018,3326.9236448538236
NCB06,OUT046,2543.857488374537
FDR09,OUT019,2202.9193809980165
FDC53,OUT017,1673.626653972637
FDY45,OUT013,4075.9999199372955
FDA22,OUT010,796.128675093338
FDE02,OUT035,1719.7208480606248
FDW21,OUT045,1574.758077068133
FDV34,OUT046,1220.4485443082856
FDS59,OUT049,1882.8874083093237
NCW17,OUT017,2153.1904500126607
NCK54,OUT046,1851.3756768253133
FDG17,OUT019,1958.242449614872
FDG35,OUT017,2907.248488213054
FDD08,OUT010,0.0
NCO07,OUT017,3439.1707478807643
FDJ10,OUT010,340.4706677608456
FDW36,OUT017,1804.7786993460763
FDW21,OUT010,0.0
FDY19,OUT017,2054.421016322015
DRE03,OUT013,824.8607210814262
NCC55,OUT049,711.2139121039522
FDH52,OUT010,0.0
FDO09,OUT017,4278.434634763442
FDU43,OUT045,3767.277167056113
FDX09,OUT010,870.0525224441965
FDH40,OUT019,0.0
FDW58,OUT017,1805.4319026632315
FDC47,OUT017,3696.9905246525686
NCR41,OUT035,1671.116720314967
DRG49,OUT035,3991.565066872977
FDC52,OUT027,3857.687721126787
FDY13,OUT046,1271.0711311287184
FDY35,OUT013,807.937025997469
FDI35,OUT017,3036.193023387364
NCU18,OUT049,2320.4536915231647
FDY33,OUT018,2248.7877663944273
FDC15,OUT027,3908.822496726488
FDU01,OUT049,3115.778885608191
NCU42,OUT046,2667.9529954183618
NCV29,OUT018,2545.460245275711
NCY30,OUT017,2978.456158443997
FDQ46,OUT049,1900.3073018486602
FDG58,OUT027,3904.217762158709
FDK33,OUT017,3498.5726104543533
NCD07,OUT045,1751.6473477146342
NCX29,OUT027,3742.6836890628474
NCT42,OUT013,2367.0591353190075
DRN59,OUT035,917.6335595467581
FDI44,OUT035,1475.3623808851517
FDA45,OUT049,2919.8618589319494
FDP31,OUT045,1043.3938091139812
FDY01,OUT046,1877.8850677136643
FDT09,OUT018,1864.2448657295738
DRH03,OUT027,2984.711187386375
FDA36,OUT018,2718.706419381431
NCF31,OUT017,2514.399197785866
FDG14,OUT049,2558.5835091072768
FDG28,OUT027,5324.647865614392
FDU14,OUT049,4024.869371984047
FDY47,OUT019,223.72602986581228
FDI56,OUT049,1607.4341388019184
DRD01,OUT013,948.7300497244796
FDM22,OUT046,923.121168944205
FDH33,OUT013,742.4136507056551
DRZ24,OUT013,1909.9616771804153
NCQ38,OUT046,1685.6046255307424
FDO16,OUT027,2816.5449868826863
FDU07,OUT027,3881.7994430214912
NCB07,OUT013,3076.44425517235
FDU48,OUT045,2067.754490730792
NCM43,OUT045,2546.3362693443046
FDR31,OUT010,441.8006644170648
DRK49,OUT018,405.89316025711605
NCI30,OUT010,1912.6093325621257
DRD60,OUT017,2968.0506977869395
NCG19,OUT046,3669.3110065482692
FDH12,OUT035,1853.8293141094794
FDM32,OUT035,1686.8665046534466
FDM27,OUT035,2639.5822810169134
NCU53,OUT027,4083.7924425331007
NCQ18,OUT046,1551.215606745795
FDS10,OUT013,2889.4902652831306
FDB33,OUT027,4017.5723295574567
FDI12,OUT013,1440.4625115591562
NCW42,OUT013,3499.2559293917566
NCC06,OUT018,1751.4916325233744
FDW02,OUT017,2096.07370601003
NCD43,OUT017,1756.4210293466754
FDM57,OUT018,1076.6421790730715
FDA58,OUT017,3849.555725025132
FDK56,OUT046,2979.833148851392
FDP52,OUT045,3578.423939841374
FDW20,OUT018,1767.9400173338227
FDS52,OUT049,1720.9603376572086
NCT29,OUT018,1637.5859295538826
NCL54,OUT013,2796.6575626527656
FDC05,OUT045,3060.6191658900557
FDF34,OUT035,3281.003305735868
FDP03,OUT027,3470.495673626331
FDD32,OUT010,0.0
FDZ10,OUT045,1983.0014396112379
FDZ40,OUT035,1040.4993130624312
FDD51,OUT018,420.98382754472766
NCY30,OUT019,924.4907714040721
FDP58,OUT017,3548.8548441387206
FDV49,OUT017,4329.926771251507
FDY24,OUT019,0.0
NCO55,OUT017,1805.6882588903281
FDR13,OUT017,2030.229080450482
FDS51,OUT017,1158.8199001361597
FDP26,OUT045,1574.0032971380365
NCB54,OUT027,3513.4785885443534
FDF32,OUT017,3280.961773975513
FDN31,OUT018,2773.7487097981116
DRM48,OUT017,695.4073818531888
FDN20,OUT049,2844.058061824204
DRL01,OUT046,3667.1563543020434
FDV56,OUT049,1884.338895791946
DRH13,OUT027,3172.267432573739
FDA03,OUT017,2402.0965258151
FDF47,OUT027,5026.8673539230085
FDX32,OUT046,2382.6670821474086
FDX57,OUT049,1667.0901872143559
NCA30,OUT045,2904.916964926322
FDO49,OUT013,893.3135790834449
FDL04,OUT019,0.0
DRM48,OUT035,753.2840444083042
FDR16,OUT013,3379.0734101902963
NCC19,OUT018,2735.782443946973
NCE42,OUT045,3625.8172537851115
FDY24,OUT017,1025.7357044795813
FDH19,OUT049,2917.921106383655
FDJ46,OUT013,2798.5125463779323
FDN45,OUT010,1625.8060076476702
FDY08,OUT035,2411.35731835757
FDZ37,OUT035,1603.4142770839917
NCT30,OUT045,684.0358782556149
DRY23,OUT018,404.8787662926643
NCZ30,OUT018,1643.738243235102
FDC44,OUT018,1575.3606673234199
FDB45,OUT035,1888.3218858123896
FDY04,OUT013,2626.0992230543807
FDM27,OUT046,2540.3107003325713
FDZ43,OUT017,3969.6772658572745
FDT39,OUT019,543.7126415828726
NCC06,OUT019,101.09714275622105
FDL15,OUT027,3926.7612981161465
FDL57,OUT017,4177.632209213574
FDU08,OUT046,1652.0403784970545
FDK40,OUT017,4273.670461902375
FDQ12,OUT010,1735.630245213738
FDS48,OUT017,2543.6025947313656
FDP09,OUT045,3301.923948926766
FDW21,OUT049,1713.908664565418
FDY25,OUT035,3071.8068102550515
DRE13,OUT017,1480.6196461084241
FDV43,OUT019,0.0
FDD22,OUT045,1727.6768090160722
FDM46,OUT019,0.0
NCO30,OUT010,994.9768789823256
FDM25,OUT046,2795.883005619945
NCN41,OUT049,2061.738469604368
FDU24,OUT045,1447.8212211627283
FDZ50,OUT046,2886.185560173666
FDP45,OUT013,4016.582347968273
NCM54,OUT045,1916.264299566495
FDW10,OUT019,888.6686911685922
FDP20,OUT017,2207.0740383136376
FDK32,OUT046,2463.409346069241
FDN52,OUT049,1500.4946502427115
FDM58,OUT045,1727.7752595148643
FDZ46,OUT027,3238.3151055116577
NCA18,OUT018,1567.2900310255557
FDD35,OUT046,2002.3715326216893
NCK31,OUT035,957.7361980354922
FDI40,OUT027,3053.609133031848
FDT50,OUT019,0.0
NCT06,OUT046,2590.3539043580295
FDT31,OUT035,3186.1757955227094
FDT45,OUT049,989.3637357773871
FDT13,OUT045,2954.960429448046
FDO50,OUT045,1447.2403042031353
NCU18,OUT010,295.92111894392133
NCR54,OUT049,3149.592642681399
NCO18,OUT018,2524.6516482767456
FDU09,OUT045,870.2431521186184
FDT13,OUT018,2753.641725452626
FDE09,OUT046,1863.5438918495438
NCK53,OUT019,0.0
FDG45,OUT049,3537.574344347606
DRH15,OUT035,890.0900875519798
FDO21,OUT019,1666.3092667485564
FDD14,OUT027,4402.02433453714
FDC09,OUT046,1714.996270917445
FDH45,OUT027,2223.846837495868
FDV32,OUT046,1116.871967444546
FDG12,OUT035,2087.379778044968
FDS32,OUT013,2327.791362861163
NCL55,OUT018,3670.748286410817
DRE01,OUT035,3954.768856035084
DRE15,OUT049,1358.2014281455545
NCL42,OUT045,3799.6968794589125
FDP31,OUT013,1117.9375104500018
FDN33,OUT018,1232.2457370457737
FDZ59,OUT046,2638.87698308371
FDE45,OUT010,972.1761739061337
FDJ07,OUT013,1966.625298800591
FDQ45,OUT018,2668.3235628771827
FDM33,OUT027,4922.046695132287
FDO15,OUT010,0.0
FDM46,OUT013,1518.0572766085102
FDR03,OUT045,3225.7307874837443
FDY49,OUT018,2426.303473787553
FDQ60,OUT045,1850.4227293883273
FDW10,OUT049,2902.6530764065938
FDO51,OUT049,878.7597730671741
FDJ40,OUT018,1468.8269726760998
FDS20,OUT018,2669.409111242785
FDU45,OUT013,1851.2437997032396
FDV02,OUT035,2809.009648415427
FDN09,OUT046,3842.4100074560965
NCM55,OUT027,4393.14851543929
FDN23,OUT018,2054.8115052115327
FDY31,OUT010,454.8960068497008
FDW03,OUT010,0.0
FDD14,OUT046,2940.541012073134
FDV23,OUT017,2136.308849232668
DRI03,OUT045,2726.7781506005967
FDN13,OUT035,1763.220695225104
FDF45,OUT027,2497.8893125403065
FDU46,OUT035,1578.971165516099
FDB57,OUT049,3675.71814212395
FDV12,OUT049,1728.0697930083084
FDQ58,OUT013,2457.1096721870713
NCA18,OUT017,1930.5127987965213
FDH52,OUT049,1105.4793820705654
FDM24,OUT018,2136.0772589436074
NCP43,OUT027,4313.69506400418
NCO18,OUT019,876.1319961203133
FDM32,OUT017,1639.986679271255
NCL07,OUT017,738.5355400526606
FDK03,OUT013,3999.1115833653325
FDP59,OUT017,1780.5005148376638
FDQ24,OUT049,4077.2629977880724
FDQ16,OUT018,1482.769405082524
FDU44,OUT013,2641.2292992218177
FDH28,OUT010,0.0
FDV28,OUT019,0.0
FDM22,OUT045,836.9374065856831
FDR56,OUT046,3154.7124269004325
FDV39,OUT049,3255.2640541515098
FDU37,OUT019,0.0
FDQ11,OUT010,2164.1217849511504
FDX02,OUT045,3438.921147078071
NCS42,OUT018,1182.8504084656017
FDY57,OUT027,2977.493857496045
FDB21,OUT049,3955.6573826786475
FDE28,OUT017,3720.550158916876
FDQ55,OUT017,1985.4048803654755
FDA48,OUT049,3632.7657331390424
FDZ19,OUT045,2747.3738324095307
NCC43,OUT045,3873.9814461657065
NCV18,OUT046,1288.0877390498467
NCA42,OUT018,2224.8300586385612
FDY45,OUT046,4062.8211932800655
NCC30,OUT045,2740.502803848546
FDM57,OUT013,1422.5429738824666
FDL09,OUT010,722.449989469397
FDB09,OUT027,3501.8979637544385
FDT44,OUT035,2094.736172111181
NCT06,OUT027,4031.481470397361
FDX26,OUT049,2974.4416050204954
FDK32,OUT013,2524.8602247882427
DRA12,OUT046,2268.1249659376394
FDO46,OUT010,1085.6989996004147
FDE52,OUT013,1413.5208044131396
NCH42,OUT045,3538.526858262021
FDV08,OUT035,912.4815667268268
FDB47,OUT018,3065.162187152014
FDC28,OUT010,0.0
FDD22,OUT046,1829.4745022004408
FDS07,OUT027,3345.450611988917
DRI13,OUT045,3353.9615354127473
FDG32,OUT018,3281.5602735451303
FDU14,OUT017,4033.608144927985
FDD28,OUT019,0.0
NCP41,OUT017,1868.2239666617415
FDS08,OUT049,2931.580325561246
FDX47,OUT045,2470.4515895837058
FDC53,OUT019,0.0
FDQ19,OUT035,4015.006233907528
FDL14,OUT045,2450.716135949781
FDM33,OUT019,1596.921433273374
FDA51,OUT045,1702.0842716891511
FDZ27,OUT018,515.4500893641115
FDT04,OUT046,685.5161090279652
DRC13,OUT049,2083.7273972935172
FDR16,OUT027,4835.089508160347
FDQ03,OUT027,5207.947562442295
FDE38,OUT035,2862.5440609004695
DRH23,OUT027,2378.1482311569634
FDT11,OUT019,1113.3232433566925
FDD09,OUT035,3056.9693712066237
FDR40,OUT045,1266.2250625736972
FDX07,OUT017,3076.781844402936
FDR07,OUT035,1759.3868830809681
FDA51,OUT017,1891.927189214489
FDT59,OUT019,1779.5511339828636
FDF20,OUT017,3255.1613633169595
FDR13,OUT045,1827.8408180642073
FDY26,OUT049,3403.665781030351
FDW04,OUT017,2176.7608808633004
FDK52,OUT017,3684.304392461537
FDN60,OUT049,2617.3662226519887
FDM09,OUT019,814.3092692247155
FDP46,OUT049,1527.8147268635807
FDB50,OUT019,0.0
NCQ29,OUT049,4168.91548199367
FDP16,OUT027,5324.446310040398
FDX33,OUT018,2286.003534032131
FDP07,OUT010,1234.580784555148
FDN22,OUT046,3961.997129842659
FDF39,OUT049,4206.930380871091
FDS21,OUT017,1121.9386870076623
NCM42,OUT013,1725.7915137886544
FDK50,OUT019,756.6320817354206
DRF13,OUT027,3781.797267704675
FDH35,OUT018,2373.5464852467394
FDP60,OUT018,1352.1042026858192
DRJ49,OUT027,3523.3789030095845
NCT42,OUT019,438.0430421491657
FDE38,OUT049,2814.691885843473
FDI04,OUT049,3238.2261270818217
NCH54,OUT045,2406.1828705028197
FDT56,OUT049,1113.1742624838712
DRD15,OUT018,3395.2034860860713
FDV58,OUT013,3102.8178130699816
FDP21,OUT049,3081.210251799517
FDH05,OUT013,3700.517808135842
FDR10,OUT027,4038.9832043982437
NCP06,OUT045,2280.7030367494535
FDF33,OUT049,2022.5200455731049
DRK37,OUT013,3005.2357909598422
DRH49,OUT045,1287.3017584129575
FDT58,OUT013,2698.7739560647005
FDD41,OUT018,1392.427202898633
FDP40,OUT018,1495.8789883977242
FDM51,OUT027,3122.4114288108317
FDO45,OUT010,0.0
FDW33,OUT010,0.0
FDY24,OUT045,839.0353661018603
FDB10,OUT010,1842.884581254466
FDM40,OUT035,2382.3254388517194
NCI06,OUT017,2942.762163640123
FDW12,OUT019,419.4868666098374
FDX48,OUT027,3944.486181582329
NCW05,OUT027,3151.089290957737
FDX27,OUT017,1603.8000443857882
DRM37,OUT045,3049.324881151363
FDA38,OUT045,3725.058980772988
FDR36,OUT046,692.5596220966329
FDZ45,OUT046,3159.711150589283
FDG05,OUT017,2617.052828509243
FDK28,OUT013,4106.220542463081
FDV47,OUT045,1349.5165460252852
FDN21,OUT045,2491.2117178417257
FDP20,OUT027,3541.3807017048216
FDI35,OUT045,2861.8377532380478
DRY23,OUT013,735.2400301806451
FDA56,OUT017,2133.406086591779
FDB09,OUT013,2058.3720948380746
NCO26,OUT027,3293.7417914204543
FDQ49,OUT018,2253.75544562196
FDI52,OUT027,3397.985925436953
FDZ44,OUT027,3391.1923583173584
FDZ09,OUT018,2338.6529743191804
FDY03,OUT049,1939.2496661388636
NCG42,OUT017,2150.996143984163
DRI13,OUT027,4890.61350820384
FDQ32,OUT013,2098.248891797799
FDW16,OUT035,1614.0695720770148
FDU27,OUT046,796.4858052537037
FDR28,OUT010,677.5749750260903
FDQ49,OUT010,640.2409442595749
FDS37,OUT046,1918.1077060007428
FDW26,OUT018,3174.482391234791
FDX12,OUT018,3562.464117357313
NCP06,OUT013,2401.890784228195
FDW45,OUT010,414.24320247176115
NCN30,OUT049,1597.224466033053
FDN24,OUT049,993.8390168596487
NCL41,OUT027,2013.952523979931
FDR02,OUT019,0.0
FDD09,OUT010,1018.3824761870031
FDS33,OUT010,0.0
FDU22,OUT045,1851.1998906565263
FDI53,OUT013,2597.833903860875
DRH01,OUT049,2865.89535983106
FDX32,OUT013,2358.4947217129306
NCP30,OUT018,367.09446629203194
FDB60,OUT045,3065.6673131765797
FDB14,OUT049,1647.8292889287868
NCP02,OUT035,1070.323772364497
FDJ10,OUT017,2342.218735815184
FDG34,OUT046,1793.9502736695604
NCB18,OUT017,1495.8393555827897
FDM16,OUT049,1308.438578168698
FDW25,OUT018,1140.269776140716
FDB35,OUT010,0.0
DRN11,OUT013,2302.5375701824196
FDF41,OUT019,1990.0906665218145
FDH16,OUT045,1354.9632107675798
NCQ50,OUT018,3056.22713094318
DRH23,OUT018,652.3885083429423
DRJ37,OUT013,2434.679151280175
DRJ24,OUT027,4355.902952085184
FDY16,OUT035,3044.1464893684333
FDQ27,OUT045,1654.4611708749985
FDZ33,OUT045,2300.040405215954
FDF29,OUT045,2032.7425759518142
FDA08,OUT049,2747.8545031444146
FDG31,OUT046,1103.268585239065
FDE34,OUT019,1016.4815568911915
NCR30,OUT027,2616.412477465972
FDV33,OUT035,4233.315633516579
DRZ24,OUT018,1629.510042644984
NCL54,OUT035,2860.911717622548
FDR12,OUT049,2873.649189595434
NCC54,OUT046,3810.37990396506
DRN59,OUT013,805.1038750476757
FDX50,OUT019,0.0
FDV31,OUT027,4327.914265421003
NCA29,OUT027,4166.2565197732
FDW60,OUT049,2937.89676322967
FDX08,OUT017,3060.2343202745983
DRD49,OUT013,3731.674262122034
FDD33,OUT046,3701.178751818651
FDW35,OUT013,780.8355534421975
FDJ36,OUT017,1774.151549939921
FDV51,OUT035,2822.769910119305
FDW36,OUT046,1738.4433815533926
FDH35,OUT046,2671.993077473843
NCS30,OUT027,3502.7886482971007
FDN49,OUT017,777.8018083393929
FDL08,OUT018,3663.2730288023595
FDI09,OUT013,4017.246058619104
FDP19,OUT018,1826.0326446074464
FDU21,OUT010,0.0
NCP41,OUT045,1664.2705025839164
FDY10,OUT013,1851.3712477763058
FDP12,OUT018,369.79357350889495
NCN26,OUT049,1930.4044442101156
FDK44,OUT013,2844.789500395737
FDC28,OUT049,1847.7350528116053
FDJ41,OUT027,5605.693535356231
NCT29,OUT035,2116.237333753386
NCH42,OUT019,1680.8358741969982
FDU60,OUT018,2404.0598967317665
FDS02,OUT045,2949.952348925749
FDC51,OUT046,1953.967386860114
FDU03,OUT013,2952.4329651651715
FDX39,OUT045,3312.599684215056
NCY05,OUT010,0.0
NCL06,OUT027,5515.007348090346
FDD32,OUT035,1501.6635901607283
NCN41,OUT045,1893.0022881660657
NCX53,OUT049,2358.81764513194
FDU57,OUT019,486.0471353114732
FDQ23,OUT046,1710.0368821705758
FDQ52,OUT045,3847.2865879728884
FDC14,OUT045,662.506659275965
FDY09,OUT035,2967.5849548188044
FDQ28,OUT045,2416.6638114492457
FDV25,OUT046,3548.7543278392927
FDJ07,OUT035,2044.899803445035
DRB25,OUT049,1786.1799810908929
FDK52,OUT019,1651.1272287215807
FDY52,OUT027,2493.0076881017544
FDB28,OUT046,3102.769594458416
FDT36,OUT035,775.6994153920905
FDV25,OUT017,3669.593705887757
NCN07,OUT027,3523.130390977574
FDC57,OUT017,3223.358315991849
FDQ03,OUT018,3488.56558135181
FDU23,OUT017,2796.5216777932583
NCX41,OUT035,3511.7023596862546
NCD06,OUT035,883.7210254487394
FDW08,OUT045,1684.2316799945045
NCU29,OUT017,2419.41630209326
NCE06,OUT013,2551.8819963063042
FDV52,OUT010,0.0
FDB02,OUT017,2964.1121091841874
NCR18,OUT045,625.567767629693
FDK16,OUT049,1607.5825785076431
NCQ29,OUT010,2146.2372145540135
FDZ01,OUT019,0.0
FDW27,OUT035,2655.502612219186
FDD17,OUT018,3481.864728838414
FDW39,OUT013,2868.998338410018
DRH59,OUT045,1121.357763979949
FDS52,OUT013,1674.9552534395411
FDU40,OUT027,4544.283148547506
NCF54,OUT013,2757.010908581677
FDH46,OUT045,1599.417417592681
NCP14,OUT049,1721.641906614474
FDH50,OUT049,3096.0283272974502
DRF15,OUT010,534.5666122485534
FDV27,OUT027,2898.49591625571
NCJ06,OUT049,1993.1831337707988
FDN02,OUT018,3022.890736266103
FDQ51,OUT049,904.4796075686592
FDQ07,OUT017,3676.0283044392095
FDS45,OUT049,1804.9941830164826
NCJ06,OUT045,1841.574658798078
FDD36,OUT035,2055.168746012937
FDY25,OUT045,2881.6911581453223
FDU52,OUT046,2463.251779674675
DRK47,OUT017,3699.0290602162254
NCL30,OUT017,2126.2597247604517
FDN22,OUT035,4115.733880364906
NCF30,OUT027,3423.2256577173303
FDK03,OUT035,4158.339291412854
FDT45,OUT017,1027.6672426324121
NCC54,OUT027,5223.534855252162
FDP08,OUT018,2863.035290576585
FDU44,OUT046,2651.395606496413
DRG39,OUT035,1023.225183795648
FDU32,OUT049,2110.6048822261255
FDY27,OUT049,2909.9161187054733
NCP54,OUT013,1971.8911819583823
NCZ41,OUT049,2115.540923429246
DRL49,OUT013,2304.437579203939
FDI05,OUT018,950.8819803614912
FDY56,OUT045,3564.82958133867
DRC13,OUT013,2020.6078557847004
NCV29,OUT017,2956.957325054216
FDR24,OUT049,1561.8113880689468
FDZ34,OUT018,2797.646476606397
FDP37,OUT035,2187.7451681927296
FDX08,OUT027,4382.041424623529
FDS57,OUT045,2189.3209952271923
NCG18,OUT049,1718.9988896070604
FDK25,OUT018,2424.9775930956534
FDH53,OUT049,1415.8454473879024
DRI59,OUT018,3258.1701150389695
FDA52,OUT046,2798.326073450789
FDT20,OUT010,0.0
FDE36,OUT019,713.9589754627973
FDI24,OUT017,2901.127674300971
FDB28,OUT018,2846.3354096339094
FDV11,OUT017,2937.8831652676236
FDP01,OUT046,2490.2760534207464
FDD34,OUT027,4040.426692371821
FDJ50,OUT027,2371.6743334151697
FDZ44,OUT013,1989.7171528923554
DRO59,OUT035,1384.8740569282118
DRB48,OUT045,585.4196432362248
FDR21,OUT018,2516.1021916022364
NCE42,OUT010,1772.4474223644997
FDO23,OUT046,1523.0338889244636
NCE30,OUT018,3042.288984500593
FDQ22,OUT035,800.7209605843234
FDY01,OUT045,1810.3136431415671
FDS08,OUT017,2982.339507989106
FDG28,OUT018,3616.2110758767317
FDQ51,OUT018,564.0096967869787
FDB05,OUT017,4034.8877090560222
FDO56,OUT049,2023.6839227313064
FDE02,OUT018,1247.3084243826247
FDN45,OUT017,3633.950024683923
FDS09,OUT013,855.0005019169951
NCA54,OUT018,2571.7329776488186
FDP09,OUT010,1467.4991479916412
FDC53,OUT045,1531.945372316976
NCM55,OUT017,3046.3461367175823
FDL09,OUT018,2407.525089483959
FDA11,OUT019,0.0
FDA50,OUT045,1424.996079368198
FDC23,OUT017,2997.0000927173714
FDE22,OUT049,2641.550660128518
FDD23,OUT046,3010.904752288651
NCA29,OUT049,2812.342211384438
FDK38,OUT046,2395.675246155848
DRC13,OUT046,1938.9194406640008
NCP43,OUT049,2930.195384086102
FDX28,OUT049,1688.2248771730813
FDF08,OUT049,1604.4000381750893
FDZ33,OUT046,2384.714771257601
FDD10,OUT049,2946.011414931311
FDO58,OUT017,2702.4192405609847
FDI50,OUT017,3796.72162435339
FDO58,OUT045,2579.4414117470606
FDX08,OUT013,2965.0087431166007
NCK17,OUT010,0.0
FDF39,OUT035,4259.439154547939
FDU45,OUT010,0.0
NCJ18,OUT018,1554.775854675272
DRC27,OUT019,1986.6032429117067
DRC25,OUT035,1511.3350112832347
FDU59,OUT035,2721.3298443922426
FDU28,OUT035,3140.2637475265574
NCP30,OUT046,663.9637246338856
FDB39,OUT018,612.6484944009866
FDE41,OUT013,1426.9411306221625
DRH11,OUT010,0.0
FDA58,OUT045,3662.786358259023
FDU50,OUT046,1821.2296143698395
FDM34,OUT013,2113.4129187842223
FDM44,OUT027,3151.580644204441
FDR39,OUT045,2871.5755601352566
FDM25,OUT045,2754.8198596381344
FDQ49,OUT049,2626.930776228313
DRH25,OUT018,584.5039556418759
FDM09,OUT027,4171.883634548435
FDL44,OUT019,730.715082275646
NCR42,OUT018,250.86426748388567
DRL59,OUT046,888.877790397971
FDX43,OUT013,2757.6447591198676
DRK47,OUT010,1669.4425001505379
FDU48,OUT018,1853.9666563484323
FDY12,OUT045,776.5544027795036
NCN43,OUT018,1678.6567492377662
NCM55,OUT018,2625.5201605324382
FDQ21,OUT027,3439.7520971831746
FDX13,OUT035,4157.727167419947
NCK30,OUT027,5414.425373097997
FDG20,OUT049,2924.8068324589076
DRG27,OUT017,773.4829909535738
FDY14,OUT018,3863.8866305155293
FDP59,OUT035,1827.418555472373
FDU60,OUT017,2817.1695227254613
NCC18,OUT019,761.6640916005049
DRJ39,OUT017,3559.608355952802
FDS07,OUT049,1964.9840210370621
FDM08,OUT027,5023.721771000686
FDP51,OUT045,1883.8997942604958
FDU16,OUT035,1471.0613630853877
FDH12,OUT013,1764.664592633339
DRE48,OUT010,1183.0516940457355
NCL42,OUT027,5277.2107512077255
FDR21,OUT045,2759.475947162502
NCW29,OUT035,2245.5086878742723
FDO11,OUT013,4021.39261705751
NCM31,OUT049,2329.981695416371
FDV35,OUT019,578.6233188932786
FDF58,OUT017,1138.460166544932
NCE43,OUT049,2742.9347198686955
FDA02,OUT035,2417.0907639069464
DRL37,OUT010,0.0
FDR24,OUT018,1222.8776021126546
FDW59,OUT049,1476.0710130574648
FDS22,OUT049,867.1189264385167
FDW24,OUT017,961.979754260266
FDU24,OUT035,1683.1306628254547
FDA21,OUT027,4422.502142364128
FDH58,OUT027,3340.1126433505324
FDW36,OUT018,1419.7592071661181
FDI45,OUT027,4257.4752325288955
FDU01,OUT018,2730.1661653169467
FDF35,OUT027,3231.096724801783
FDU43,OUT019,1903.5363753588824
FDE24,OUT019,412.53364179407777
FDK50,OUT049,2744.5750427159746
FDG31,OUT045,999.9578738908796
FDC60,OUT045,1404.8518556677184
FDL36,OUT013,1513.404095334381
FDP21,OUT013,3053.8971044196824
FDW16,OUT045,1394.3692847665443
FDX02,OUT017,3631.949104697078
FDQ58,OUT027,3922.4017369541525
FDT51,OUT046,1817.7231501380963
FDD59,OUT049,1424.4299571635818
NCM42,OUT018,1446.8810652209495
FDA57,OUT018,419.41139655431266
FDZ48,OUT035,1964.9679421049514
FDE46,OUT045,2376.461906214673
NCZ30,OUT019,9.022122706272967
FDB56,OUT017,3141.3353305105675
FDA25,OUT027,3179.137266001745
FDD20,OUT013,2096.1684738903614
FDL25,OUT013,1547.7302823144769
NCO18,OUT049,2880.6940845734307
FDJ45,OUT017,904.9302503103933
FDR12,OUT035,2881.017119371705
NCF19,OUT010,0.0
FDK25,OUT046,2665.8896301139484
NCR17,OUT046,1832.8346156449618
FDC52,OUT046,2402.5747050902182
NCA54,OUT017,2952.0875455368027
FDR45,OUT010,1883.5759420300026
NCM19,OUT049,1901.9281737934996
FDF39,OUT027,5587.297181161692
FDX23,OUT049,1685.4897009701717
FDD58,OUT027,3066.4492159224606
FDX28,OUT013,1636.0441751576639
NCD31,OUT013,2590.1241186037278
FDU57,OUT018,2129.390633445865
FDI27,OUT046,740.7238339115328
NCM42,OUT046,1709.4946375392399
FDD32,OUT027,2826.434913644601
FDI34,OUT013,3656.215988342234
NCM29,OUT049,2176.8279128107524
FDG46,OUT018,1549.391242944526
DRC01,OUT010,0.0
FDB15,OUT027,5562.337794672798
NCA17,OUT027,3841.4580821939976
FDF10,OUT046,2356.0208353871963
FDR26,OUT027,4263.023352496786
FDI02,OUT049,1936.9029068775499
NCM54,OUT010,93.76388491487774
FDF14,OUT013,2493.974029315562
FDJ33,OUT010,25.94520723977439
FDM20,OUT035,4081.6406665639747
FDC03,OUT027,4523.531200616427
NCX05,OUT046,1860.1092351166194
NCM41,OUT027,2935.0839492781843
NCU29,OUT010,444.3514635819382
FDQ59,OUT017,1488.1271778425698
FDH46,OUT010,0.0
FDH09,OUT013,1083.4207717366608
NCD06,OUT045,670.2250612652573
FDC15,OUT035,2573.0454104328905
DRD37,OUT027,2199.121178766296
FDT28,OUT027,3825.2037628803755
FDR28,OUT027,4053.9075125895333
FDT38,OUT017,1475.7926885974198
FDV34,OUT027,2694.247455423511
FDY52,OUT035,1177.615653864601
FDB34,OUT013,1439.7776830654705
DRL23,OUT018,1434.8505635228926
DRB24,OUT046,2448.529497059738
FDJ50,OUT046,949.2450274512618
FDQ49,OUT035,2642.085790591553
FDP20,OUT035,2193.260439323022
FDV19,OUT027,4040.757090774796
NCR54,OUT045,3002.6501231158836
FDO09,OUT010,2193.1276458984335
FDS57,OUT018,2008.2106865960627
FDN10,OUT049,1992.7365312176426
FDV23,OUT049,2126.0663032506545
FDY28,OUT049,3467.8211383805437
DRG51,OUT013,2623.504614922163
FDD45,OUT019,0.0
NCL18,OUT027,4455.415903434165
NCM29,OUT013,2119.9296376429497
FDF17,OUT027,4559.761718543445
FDE22,OUT017,2687.6595427452926
FDQ22,OUT017,758.5021804152685
FDS01,OUT013,2939.9866997267463
FDW35,OUT027,2197.85981630162
FDJ33,OUT046,1995.2973870428586
NCF54,OUT035,2839.9523291966498
FDE09,OUT013,1858.0427777663144
NCE06,OUT045,2457.134760395495
DRH49,OUT049,1399.980161366448
FDY43,OUT045,2683.89144751585
NCT05,OUT017,4126.526741272337
FDZ34,OUT045,3011.4419634097203
FDL38,OUT017,1579.2616696137814
FDZ31,OUT017,3165.372000768526
FDR14,OUT035,1021.4669378452786
NCN54,OUT049,1350.3439537634326
NCC42,OUT027,3677.164900852304
FDK08,OUT017,1757.121453585182
FDP59,OUT013,1761.6043919419621
FDV22,OUT035,2661.428919124748
FDD33,OUT035,3890.7237742080156
DRE60,OUT027,5010.469989932289
FDK52,OUT046,3582.182746086036
FDA02,OUT017,2416.9090179495765
FDM56,OUT049,1907.1975215152388
FDE57,OUT035,2458.2161747564123
FDM32,OUT045,1428.2514894523301
NCQ30,OUT027,3367.684219666846
FDQ27,OUT027,3167.751672051099
FDT60,OUT027,3470.1114713491443
FDU43,OUT049,3948.469263980201
NCO55,OUT035,1837.0738759336132
FDG02,OUT045,3013.8043983103025
FDJ28,OUT013,3057.890239544651
FDP40,OUT045,1725.22825651416
FDJ38,OUT045,3004.384791840828
NCC54,OUT017,3912.4824814540452
NCZ41,OUT046,2003.4374878623626
FDK38,OUT019,520.6227339574355
FDU52,OUT013,2496.6802257903064
FDC40,OUT046,1215.6588042233861
NCR30,OUT017,1282.0573441844012
NCN18,OUT017,1852.6093384072105
FDB50,OUT035,1452.6163998036955
FDG04,OUT013,3019.8833734243426
FDR26,OUT035,2935.145537804582
NCT17,OUT018,2709.3832633903617
FDX35,OUT027,5061.877973347648
FDS12,OUT046,2043.6128271132325
NCZ29,OUT027,3456.7669681195566
FDB38,OUT010,708.2856988381075
FDP12,OUT013,692.3131195631264
FDP22,OUT046,862.9454961504551
FDS26,OUT018,3809.606854332796
FDR52,OUT046,3037.455001931431
DRJ13,OUT046,2549.7106842672365
FDU48,OUT027,3565.5271787588954
FDE29,OUT035,1122.2813252747728
NCT29,OUT049,2041.9112075291591
DRK37,OUT018,2701.4196403213755
FDK55,OUT046,1454.8440982244854
FDR07,OUT046,1602.5383672761923
FDO21,OUT027,5022.731446511014
FDK46,OUT049,4222.0363087240985
FDB12,OUT045,1629.422011180943
FDT31,OUT027,4507.8001242574755
FDJ33,OUT045,1926.1993386357242
FDC26,OUT027,3250.871676948009
NCQ02,OUT045,2889.2701981961222
FDP08,OUT010,1186.0957301700093
FDB11,OUT027,5065.661553005842
FDV55,OUT013,2417.52021113291
FDW20,OUT049,2105.299104801222
NCJ18,OUT019,0.0
FDC41,OUT018,939.2434926645915
FDE14,OUT027,3137.052365224179
FDG35,OUT013,2872.716719726114
FDF45,OUT035,1154.4682191072152
FDS19,OUT027,2764.1630289460827
FDS58,OUT019,652.5270446656928
FDA26,OUT017,3561.964914053817
FDM32,OUT049,1581.415678799102
FDL45,OUT046,2038.7950622449162
FDZ55,OUT049,2698.4336859056707
FDY37,OUT049,2411.1342657502064
FDO46,OUT046,3045.947844585451
FDQ60,OUT046,1933.5408999538918
FDA19,OUT018,1859.1017219501014
FDL15,OUT046,2488.7406134171465
FDM10,OUT018,3101.160924374424
NCL05,OUT017,821.1262371314632
DRK49,OUT010,0.0
NCE18,OUT027,5390.503915176654
FDG40,OUT049,686.4428636047116
DRI59,OUT045,3450.1555622645765
FDK28,OUT035,4182.93212185443
NCD06,OUT019,0.0
FDO11,OUT019,2086.968806861394
FDK27,OUT046,1953.8600550950355
FDT43,OUT027,2347.549483966879
FDD38,OUT018,1426.6582360189252
FDA16,OUT049,3575.3998537692114
FDL14,OUT027,3956.2443982959126
NCM17,OUT049,827.2338364409878
FDD20,OUT045,1974.9970040312833
FDA40,OUT045,1349.6724419510115
FDL43,OUT045,1230.5451385817432
FDV15,OUT045,1596.429231994156
FDE52,OUT046,1428.3622209771934
NCL17,OUT010,367.6878809645864
NCJ31,OUT045,3671.7839127814427
FDR60,OUT045,1218.0052733142372
NCA18,OUT035,1964.9750136393438
FDS21,OUT027,2506.0195446981256
FDW09,OUT035,1434.2511316441805
FDL26,OUT035,2648.999459282988
FDS47,OUT018,1180.1144253984553
FDC39,OUT046,3224.4718636295934
FDT51,OUT035,1966.7847297519063
FDK40,OUT035,4297.197715601416
NCG19,OUT045,3604.8616983357415
FDZ07,OUT046,1068.78720019483
FDF08,OUT027,2941.232392190588
FDO04,OUT013,948.141955940931
FDK41,OUT018,1058.0332144653478
FDP15,OUT049,4155.064691630305
NCD43,OUT018,1380.7312904053204
NCP18,OUT013,2374.711133087313
FDZ51,OUT046,1538.1616464989684
DRH13,OUT035,1877.1011516580338
FDF38,OUT045,664.712781941982
NCI43,OUT045,723.0966622057255
FDM38,OUT027,2394.5464769555465
FDS03,OUT013,1119.7355669232538
DRJ47,OUT017,2836.1392901269314
FDT50,OUT010,0.0
FDV02,OUT046,2714.4387859960593
NCG18,OUT017,1747.9865118691941
FDW52,OUT046,2618.949648264904
FDS40,OUT035,763.3487855711164
FDN31,OUT017,3185.2313506818873
FDA37,OUT045,1951.5123064075758
FDA15,OUT046,3927.533914033989
FDL39,OUT046,2848.1513622637103
FDJ53,OUT045,1878.205150281244
FDX22,OUT013,3381.4375027479937
NCZ42,OUT045,3675.8783792032978
FDD56,OUT027,4293.74731193942
FDD40,OUT017,3153.5950582191454
FDS50,OUT013,3494.580258580158
NCN14,OUT013,2935.192845563743
FDT15,OUT013,2971.6519804470536
NCS18,OUT027,3155.9716188171797
NCO26,OUT010,0.0
FDF58,OUT018,753.4270108120191
NCB19,OUT013,1392.1754637056347
FDH26,OUT017,2409.1058214502764
DRB24,OUT027,3875.6286920187854
FDA49,OUT018,1169.562621030951
FDB32,OUT045,1533.5221116341293
FDI36,OUT017,3246.8299214076415
NCA17,OUT010,461.15341499222086
FDH22,OUT013,2030.7872225662009
NCM26,OUT018,2154.6801316195597
FDT15,OUT027,4390.25626709718
FDB16,OUT018,1107.9923347179033
NCP54,OUT027,3396.7176681671444
FDJ36,OUT013,1691.5063653516802
FDO28,OUT045,1842.1670111011445
FDU09,OUT013,940.0665862037928
FDF29,OUT017,2168.1888101269924
FDY08,OUT013,2308.1903549830463
DRJ59,OUT018,366.35135827298654
FDT23,OUT027,2766.2950912363517
FDU15,OUT018,401.68071064123615
FDT47,OUT013,1627.8283174277904
FDI53,OUT019,676.8782413768129
FDR59,OUT018,3889.743879487674
FDD53,OUT035,826.7664143379416
FDY51,OUT017,3607.608285240131
FDT04,OUT049,730.6596242739023
FDU51,OUT049,2928.59585741475
FDG14,OUT035,2611.1083372628686
NCU06,OUT045,3544.1523682730763
DRG25,OUT046,2943.2769658157813
DRH49,OUT035,1491.419936178294
FDN15,OUT035,2399.588451702551
FDL43,OUT018,999.6416635686005
NCT18,OUT049,2958.8858508164717
NCB31,OUT013,4103.884201590232
FDK57,OUT035,2059.75331132158
FDY04,OUT019,690.0019545847919
NCP54,OUT046,1919.7839599438885
FDF41,OUT013,3872.952840716107
FDM01,OUT045,1616.9837482061187
FDW03,OUT045,1644.5451810889967
FDF28,OUT045,1896.7222561470098
FDY37,OUT017,2426.106864186402
FDQ03,OUT017,3879.8066964607233
FDP51,OUT027,3397.2792190985833
FDJ40,OUT017,1884.9871141397325
FDC32,OUT049,1653.679121436522
DRI49,OUT027,2736.9902277069664
NCW54,OUT017,979.7485292525433
FDF09,OUT017,810.0493017032613
FDP45,OUT018,3695.6328233765435
DRJ23,OUT018,2700.373881440045
FDS59,OUT017,1921.2009499427825
FDY08,OUT046,2252.948658722098
FDX16,OUT049,2448.0532491473436
FDY16,OUT018,2643.3195622095955
FDK32,OUT035,2634.267520655726
FDQ22,OUT013,714.6636190517966
NCC31,OUT018,2178.7354296356084
FDG58,OUT049,2551.7909825501138
DRF48,OUT013,3015.31214187877
DRH36,OUT049,1283.3078807361128
NCR30,OUT035,1338.3324250565943
FDB03,OUT019,1865.9750012149398
FDZ28,OUT027,3466.1953845799676
FDR35,OUT017,3284.8993691262926
DRD15,OUT027,5127.006389827227
FDJ33,OUT019,87.906562948692
FDA56,OUT010,77.85982498144267
FDP56,OUT046,858.6218464751261
NCT30,OUT046,767.143296673856
FDK15,OUT017,1742.7222815075793
FDH44,OUT018,2125.2605603997335
FDV01,OUT013,2537.9964213628355
DRG03,OUT017,2532.7594399447353
FDG50,OUT027,2958.509214741296
FDR16,OUT010,1464.5374171552526
FDZ60,OUT046,1748.8952929695993
DRG03,OUT045,2386.4425365564484
FDS56,OUT018,3945.653485779059
FDU33,OUT045,685.6756105790331
DRD27,OUT035,1747.5562692201574
FDW22,OUT046,3544.725707260072
DRA24,OUT045,2514.90458659326
FDF38,OUT049,813.2066881509105
FDX48,OUT013,2518.1007669681276
FDS58,OUT018,2298.9935697985966
FDC32,OUT046,1549.3701501497808
NCQ29,OUT045,4046.8826073843893
DRK39,OUT018,1086.9104485801001
NCS38,OUT017,1897.2864849045898
DRO47,OUT013,1826.688661773358
DRG27,OUT027,2154.611221303784
FDC57,OUT027,4540.555870728691
FDS55,OUT046,2390.5987656279653
NCJ06,OUT018,1613.7822072697472
FDO01,OUT019,217.39150327428501
NCM55,OUT045,2859.5522789593665
FDC52,OUT049,2505.3524940135676
FDQ15,OUT045,1244.728583287666
NCT30,OUT027,2206.750621911675
NCR42,OUT027,1977.9666231414813
FDD28,OUT035,1096.6516457682287
FDQ34,OUT049,1771.4611239179217
FDZ12,OUT027,3743.9293228889164
DRE13,OUT019,0.0
NCN07,OUT019,214.75527431891078
FDM28,OUT035,3011.272079898766
FDI10,OUT017,2836.7284280984018
FDQ25,OUT013,2794.3957365685665
FDA38,OUT010,1880.7656275637253
DRI13,OUT049,3514.910333466721
FDY20,OUT027,2959.44001643069
NCZ53,OUT035,3114.8875957354808
NCM31,OUT013,2304.249605859346
DRB01,OUT017,3082.566489758545
DRF37,OUT046,4115.738136955039
NCF42,OUT049,2856.2647492083397
FDF16,OUT018,2086.669144821495
FDB41,OUT013,820.2189189642428
FDR34,OUT013,3643.464801402146
FDR15,OUT018,2235.670757444141
NCV42,OUT019,0.0
FDW51,OUT035,3522.440005150176
FDU36,OUT017,1700.4508821175
FDX60,OUT049,1434.1955454497472
FDY03,OUT035,1983.998006895837
FDW55,OUT045,3910.0862697365656
FDT01,OUT010,1465.2883236698913
FDG58,OUT013,2499.5935723113944
FDK21,OUT017,4062.0861432581237
NCS41,OUT019,990.0635801900769
FDS10,OUT045,2829.024769103651
NCT53,OUT046,2621.000499279385
FDJ28,OUT018,2749.403965102625
FDX44,OUT045,1405.9242685630502
FDT20,OUT018,432.6458691291425
FDO44,OUT017,1919.431248582593
NCX17,OUT049,3795.208575024724
FDY01,OUT017,2003.2667069016297
FDJ12,OUT027,4795.282776816524
DRK35,OUT018,352.58088423335585
FDD47,OUT019,793.3896120926994
NCM53,OUT035,1848.9307354509533
FDO45,OUT013,1460.5157645950383
NCM42,OUT010,0.0
FDE04,OUT046,2856.3150858002336
NCI30,OUT027,5328.838729917885
FDZ19,OUT013,2853.0205808673245
FDW57,OUT013,2849.3769566341193
FDA25,OUT013,1726.2720747656322
FDT22,OUT046,975.0652452462818
FDP51,OUT013,1961.5176000150382
FDD48,OUT027,3342.550324803543
FDY39,OUT035,3075.010053343113
FDO48,OUT010,1626.8602146162593
FDD23,OUT027,4439.585688348423
DRN35,OUT027,2083.178975575741
FDT01,OUT035,3558.1150986930948
FDC20,OUT010,0.0
DRJ35,OUT035,1174.2892350318507
FDB32,OUT046,1574.5714992645555
FDL24,OUT046,2783.9922730840844
NCV42,OUT035,1920.761804498697
FDZ46,OUT046,1764.4652571945976
FDC15,OUT013,2462.094622625869
FDD08,OUT019,0.0
FDY50,OUT049,1506.9675846438865
FDD36,OUT013,1972.2242650494145
FDG57,OUT027,2315.8859887360154
FDL21,OUT018,433.11999011193075
FDN16,OUT027,3087.811005466546
FDJ09,OUT027,2224.4345521255436
FDS01,OUT010,991.0333421570901
FDV33,OUT017,4226.908716616703
DRE12,OUT017,1919.0202036593496
FDR07,OUT013,1649.9812717086654
FDP48,OUT010,1029.1360303752208
NCB55,OUT035,1046.1635084730617
FDQ08,OUT013,1075.931868979882
FDR34,OUT035,3810.4839367162585
FDO33,OUT046,1808.001716062773
FDP13,OUT045,619.0246662360048
FDX12,OUT049,3966.802322374664
NCT06,OUT049,2711.806178822061
FDR16,OUT019,1475.2488893387733
FDE36,OUT046,2653.900888041675
FDZ36,OUT049,3054.9142546466405
FDV13,OUT045,1409.858103273146
NCZ17,OUT035,754.387489728496
FDU56,OUT045,2898.96053983547
FDM09,OUT035,2862.6523788732393
FDV02,OUT017,2808.7950553489472
FDS34,OUT018,1541.4524910177533
FDA11,OUT049,1664.3437349172077
FDP09,OUT017,3471.6133353146133
FDB29,OUT027,3283.0596285193847
FDT19,OUT017,2888.058268387084
DRH15,OUT017,838.4443124670086
FDY38,OUT046,3659.979252832439
FDF14,OUT027,3923.4654609636395
FDN48,OUT010,0.0
FDQ12,OUT013,3706.9963170559463
NCJ43,OUT045,2648.736641392019
FDE17,OUT019,521.4066568828298
FDB05,OUT035,4064.708045834443
FDH10,OUT045,2999.528200938209
NCR06,OUT017,769.7297367224915
FDU32,OUT018,1728.0940907864601
FDD56,OUT049,2900.8206201510907
FDO36,OUT018,2624.2227959831116
FDH16,OUT010,0.0
FDX10,OUT018,329.8020758776663
FDZ37,OUT017,1586.1169470102868
FDU31,OUT010,1592.6257242132835
DRC49,OUT049,2343.003422602752
FDL15,OUT045,2391.633300273189
FDN32,OUT019,1118.487286225218
DRH59,OUT027,2664.285172575747
NCU29,OUT049,2449.5937564959054
FDR37,OUT019,1054.6014788450868
FDS14,OUT018,2195.494310533959
FDU02,OUT027,5007.750682838981
FDJ08,OUT035,3244.450622647324
NCZ06,OUT045,3896.6104944768927
FDO31,OUT049,1478.7757051167052
FDH31,OUT018,1389.1289537369303
FDS58,OUT017,2663.7833840021012
NCA53,OUT027,2270.106463257977
FDF50,OUT046,3173.418569298375
NCW42,OUT049,3584.1611164722694
NCQ17,OUT045,2400.9819176935607
FDK51,OUT018,3872.1808858056697
NCW41,OUT010,592.0468667563985
NCR29,OUT017,1011.5425022137612
FDB08,OUT019,688.304119367901
FDA40,OUT027,2830.330280003699
FDL14,OUT018,2286.758601588326
FDB47,OUT046,3293.555389325735
FDO03,OUT035,3786.4609063860926
DRK13,OUT019,1196.6167730073564
FDX13,OUT010,2055.190297172528
FDF52,OUT046,2899.6869553821625
FDT11,OUT013,3053.852448319648
FDB08,OUT013,2638.395878449525
FDQ28,OUT018,2196.6715216778575
FDD29,OUT045,3922.152713365105
NCQ29,OUT027,5566.5134803782785
NCO02,OUT013,1081.9540428168516
FDR56,OUT010,1227.4256604389595
NCM54,OUT049,2069.43110626146
FDP51,OUT035,2041.3407246471738
FDT38,OUT013,1379.0515077395767
FDZ20,OUT018,3780.1232615733925
FDJ53,OUT013,1957.3725737769546
FDX13,OUT049,4083.4062319566815
FDP58,OUT035,3626.995257778327
NCK31,OUT019,0.0
FDA35,OUT018,1721.5434804763315
FDV37,OUT018,2916.444916771624
NCO07,OUT027,4823.230360331523
FDA20,OUT045,2953.944167555544
FDZ59,OUT035,2837.7634207416245
NCY17,OUT017,834.7391352445161
FDQ28,OUT035,2578.7654780426396
FDV35,OUT017,2582.6463765507665
FDQ36,OUT013,641.4942493881258
FDD34,OUT018,2335.1580523821594
FDK51,OUT045,4095.7687749100874
FDV31,OUT035,2978.185286680588
FDR04,OUT035,1694.1321068296381
FDR14,OUT049,968.9028326947522
DRC36,OUT010,840.3552600542644
FDE39,OUT019,11.577134126270721
FDP57,OUT049,1789.0225646232245
FDE57,OUT046,2312.26757366273
NCN18,OUT046,1744.306900791942
NCQ05,OUT018,2116.005968303918
FDW47,OUT035,2096.6368961028147
FDV46,OUT035,2362.896268302003
NCP29,OUT045,948.4863296499636
FDE09,OUT018,1558.8982926820283
NCU06,OUT027,5045.062768460935
FDT19,OUT010,868.6988657646918
DRF15,OUT017,2533.9276963321554
DRI51,OUT013,2739.7651339067233
NCX54,OUT013,1676.6188254469755
DRE01,OUT013,3811.1213437893894
NCB07,OUT045,2991.0458667270095
FDU50,OUT035,1945.3825847002636
FDG40,OUT035,729.6227386872647
FDW10,OUT018,2520.100504564221
FDX51,OUT013,3144.316429319263
NCP17,OUT045,968.6929271619415
FDP21,OUT035,3138.3979881397017
FDL04,OUT045,1610.0983680514566
FDV23,OUT013,2022.498609687233
FDF24,OUT046,1350.8162792815856
FDH56,OUT027,3330.112698687396
FDB51,OUT049,1087.9002624393283
FDI58,OUT027,2993.423979673687
FDR20,OUT013,876.8866414517221
FDC51,OUT018,1674.241509721951
FDB16,OUT027,2822.649752547917
FDE40,OUT049,1060.2963893765059
NCM17,OUT035,871.980592058827
FDU56,OUT035,3140.4410349338427
FDS32,OUT019,410.57747270450795
FDX02,OUT049,3618.556232712663
FDT39,OUT027,3920.3893173684755
FDE35,OUT017,1093.0339153264458
NCI42,OUT019,1405.839224860581
DRL23,OUT046,1716.1375871674545
FDA10,OUT046,1953.4760067184718
FDA11,OUT013,1602.7858182822524
NCM06,OUT046,2427.5493506950297
NCT05,OUT035,4210.77317261385
NCQ02,OUT010,1017.6025062823114
NCY06,OUT049,2136.496572316925
FDY56,OUT035,3750.2859478399682
FDL02,OUT035,1867.4935986125538
NCI06,OUT035,2942.9630862260706
FDQ14,OUT045,2294.667293015301
FDQ12,OUT017,3743.0435375652432
FDP36,OUT046,831.3356514613652
FDK21,OUT027,5429.020015763812
FDO40,OUT045,2287.4606388969105
NCK54,OUT019,0.0
FDY09,OUT018,2546.570069378765
NCW30,OUT049,4185.140111721175
NCC55,OUT027,2033.9759514737766
FDE58,OUT018,1615.413298966187
FDR39,OUT013,2981.888053438359
FDU28,OUT049,3053.502590457606
FDH08,OUT017,3770.6183175637843
FDG35,OUT045,2770.228882909308
FDG22,OUT049,713.9615836194633
FDC34,OUT035,2629.1796597290854
FDP15,OUT018,3770.970351721384
FDK34,OUT010,1881.2050048191181
FDU45,OUT035,2015.1467909588773
FDQ04,OUT027,2115.0489537076264
FDX22,OUT018,3060.4948198683455
FDB45,OUT017,1833.6566554161832
NCH43,OUT027,4848.237627080633
DRE60,OUT046,3514.7435307515098
FDD17,OUT027,5182.48981665986
NCM54,OUT017,2107.7393794721675
NCH55,OUT013,2039.3856697202505
NCT06,OUT017,2700.3019272644183
FDA48,OUT027,4968.099084300546
FDY58,OUT027,5072.204914938733
FDO25,OUT045,3311.864723686869
FDN50,OUT045,1517.8922733503732
FDH35,OUT035,2810.157872000885
FDK09,OUT045,3530.225075052408
FDO16,OUT013,1371.4931083157285
FDW11,OUT045,1007.3677870458175
FDU47,OUT027,3708.6370791280688
NCQ42,OUT010,111.35917181124864
FDK55,OUT027,2927.0987393238274
FDN08,OUT049,2010.5393545927345
FDT57,OUT045,3703.712224131577
FDJ12,OUT018,3037.0409818313697
DRL59,OUT017,984.8315342917983
NCN53,OUT046,602.33079687963
FDO51,OUT010,0.0
FDK56,OUT017,3133.281007308364
FDY12,OUT035,1022.7625110955306
FDU15,OUT035,799.3427875843555
FDQ19,OUT046,3898.6399923053514
DRF15,OUT045,2389.148687218414
DRE25,OUT019,0.0
FDK57,OUT018,1638.695613087468
FDD33,OUT010,1782.3212658096775
FDR34,OUT027,5082.2896004789745
FDU04,OUT045,1878.224124640241
FDE35,OUT019,0.0
NCD31,OUT035,2705.7647411778835
FDJ56,OUT035,1787.6784351106598
NCU53,OUT046,2616.243441469148
FDD39,OUT035,3516.817674235352
NCU17,OUT019,0.0
FDJ20,OUT046,2020.828586771513
NCW41,OUT018,2224.4528400435393
FDL52,OUT035,789.0624008013928
FDS39,OUT035,2433.6942149164834
DRJ47,OUT045,2700.7091401461585
FDP13,OUT010,0.0
DRK39,OUT010,0.0
FDF28,OUT010,103.8476843538092
FDB09,OUT045,1993.2242378361498
FDM51,OUT046,1647.042789561324
DRM49,OUT018,446.7880656006171
DRF23,OUT013,2822.010993734564
DRH01,OUT035,2863.9428297140557
FDH12,OUT027,3192.641344137046
FDA28,OUT019,95.33666768175021
FDW37,OUT018,1221.4637612106435
FDF02,OUT046,1712.8541834362231
DRL37,OUT046,716.1517818247237
NCF43,OUT046,2226.089503426259
FDH08,OUT010,1756.05371929654
FDR34,OUT019,1748.3668287700953
NCK19,OUT049,3166.450526487275
NCD55,OUT018,413.16363384797705
FDT27,OUT049,3818.6899641406726
FDQ57,OUT045,2289.127058292121
FDA47,OUT035,2741.621883885126
DRG15,OUT027,2482.639836705361
FDE05,OUT018,2045.186155716179
FDN46,OUT046,1616.9638284091939
FDX27,OUT027,2910.213040245792
FDT51,OUT045,1742.426013118056
FDU33,OUT013,778.8884582987716
FDJ16,OUT027,2415.4634404508874
FDD20,OUT019,125.69381564443052
FDT36,OUT049,688.9028833774307
DRF15,OUT027,3880.665932430717
FDN52,OUT010,0.0
FDC22,OUT027,4478.790316045521
FDX15,OUT045,2497.5442837470805
FDT13,OUT013,3055.8973521551525
FDU04,OUT017,2051.0461110001975
FDU31,OUT019,1585.415271333159
FDW59,OUT027,2870.4335996556647
NCO29,OUT046,2627.052792661584
FDL15,OUT035,2601.994114406794
FDI41,OUT049,2411.9140414753892
FDQ48,OUT049,1722.536239684091
DRI39,OUT013,944.2149123024399
FDI08,OUT013,4045.0335048065317
FDC21,OUT049,1922.026736163414
FDF58,OUT035,1188.442097249626
FDS08,OUT010,962.9597058675411
FDE47,OUT045,1949.1824506542146
NCP18,OUT019,501.2358527562294
NCR41,OUT013,1597.5969965337486
FDA27,OUT013,4023.0675547387837
FDA43,OUT035,3272.991793802381
FDA49,OUT045,1381.7970953218103
NCE55,OUT018,2503.398357018239
DRM49,OUT027,2186.5302768724578
FDF22,OUT027,4850.434414694182
FDQ15,OUT018,1044.9173939514349
NCS54,OUT017,2857.387079454646
NCY05,OUT013,648.461267614284
FDR45,OUT046,3802.04031556625
FDK57,OUT049,2046.1421748368712
FDF41,OUT010,1976.996238434066
FDV21,OUT046,2001.9316594572617
FDD51,OUT046,722.5886111270544
FDF33,OUT046,1975.7953684083898
FDA38,OUT046,3748.982926161874
FDR56,OUT045,3080.9389982990956
NCN41,OUT017,2050.224144437396
FDC60,OUT027,2888.6862475315365
FDB47,OUT045,3230.6912925656925
DRH01,OUT013,2795.019671385236
FDW08,OUT046,1726.8841826724597
FDF38,OUT027,2168.676851835235
FDY32,OUT017,2736.8721750262766
FDG34,OUT049,1871.5034812789315
FDG47,OUT019,2261.1894356531016
NCF18,OUT035,3114.3031116630655
FDL39,OUT019,947.2953170688031
NCH55,OUT035,2128.5562858356952
DRJ35,OUT049,1106.211196176774
FDS44,OUT035,3955.013893362056
DRE01,OUT018,3494.7204939978697
FDY39,OUT013,2987.3978123384254
FDY32,OUT018,2337.8612093203737
FDR33,OUT027,3251.1973760508026
NCP50,OUT049,1404.598045451521
FDZ47,OUT018,1333.8805593027669
FDU57,OUT049,2527.4998888917485
FDY44,OUT013,3172.9957313141385
DRH59,OUT018,932.4796070040557
FDB03,OUT027,5200.62184838312
FDY46,OUT045,2907.0053669755407
FDM39,OUT045,2719.5724751441603
FDY36,OUT035,1397.5845659568854
NCM55,OUT035,3049.6811691229423
FDJ50,OUT010,0.0
DRL60,OUT013,2424.759605939855
NCJ54,OUT049,3733.555856234727
FDX59,OUT017,716.2162458990142
FDI07,OUT013,3221.516826379955
DRF51,OUT010,0.0
FDM14,OUT017,1925.2963704020874
FDP21,OUT045,2928.045619270085
FDE40,OUT035,1145.532138400285
FDE05,OUT035,2486.4467229307174
FDM13,OUT027,3607.407468217524
FDC34,OUT027,3935.3707222072467
NCI55,OUT018,1663.9316407306542
NCE43,OUT018,2363.5022054369124
FDW58,OUT018,1463.992104049054
FDG60,OUT045,3663.1576380494757
FDV31,OUT017,2949.896812991209
FDR47,OUT013,3134.0398323377967
FDM60,OUT019,0.0
NCF06,OUT018,3774.4949073035473
NCN26,OUT027,3298.2926951605295
FDQ59,OUT049,1515.2138916137378
FDF09,OUT046,687.6184487606538
NCS06,OUT017,4258.133557757841
FDT44,OUT046,1937.886785983896
FDI19,OUT017,3992.3536560061843
FDT22,OUT017,1092.722252870712
NCF54,OUT027,4132.024685712064
DRG25,OUT045,2871.09067580963
FDB59,OUT017,3249.5421259868103
FDQ37,OUT017,3219.4538774622088
FDP56,OUT035,1001.4569461988771
FDW44,OUT035,2932.185431754031
FDJ26,OUT010,1527.2641010176694
FDU43,OUT018,3528.5775069890174
FDW33,OUT045,1621.4864780973105
NCX53,OUT027,3737.6283879510947
FDN56,OUT010,453.21618759007026
DRF15,OUT049,2528.30162589907
FDO33,OUT017,1945.9222536361253
FDZ39,OUT010,0.0
NCJ19,OUT017,993.7266385084298
FDU01,OUT035,3134.0352758929357
FDT12,OUT035,3714.201637037848
NCM18,OUT018,704.084165920218
FDP19,OUT017,2198.5630835988595
NCR42,OUT049,636.4946585671069
FDN10,OUT046,1914.880293021823
FDG44,OUT017,1057.3618681462312
FDQ10,OUT046,2741.329293832891
DRH13,OUT049,1785.6616214990597
FDT52,OUT013,3898.594591650626
FDM56,OUT045,1761.8136862492056
NCO43,OUT010,0.0
NCV29,OUT035,2960.236360209231
NCF06,OUT013,4109.447445671647
FDO50,OUT035,1666.9554232749058
FDT59,OUT013,3699.552547925424
FDX40,OUT027,2064.8266252118483
FDE50,OUT017,3117.8812639333537
FDX51,OUT017,3261.339622720715
NCD30,OUT018,1283.4947796019571
FDK15,OUT013,1672.4972041212075
FDL12,OUT045,951.6627731024333
FDK46,OUT017,4210.522538492551
DRH49,OUT010,0.0
FDQ57,OUT046,2358.2027849504557
FDY59,OUT017,1644.151605041736
FDO09,OUT018,3849.840920527862
NCG30,OUT035,2122.2598380495674
FDM09,OUT017,2790.792113249532
NCN17,OUT027,3073.5914171664317
NCS42,OUT013,1449.3421978774572
FDD02,OUT019,26.090903861684637
FDE34,OUT013,2926.478411412929
FDU38,OUT045,2953.2876376373515
FDB33,OUT046,2570.238384176727
NCJ29,OUT017,1510.693226003996
FDZ27,OUT035,928.6740911700966
FDI40,OUT013,1622.488809549274
FDG22,OUT013,688.2121685555127
FDT51,OUT017,1921.4721533427457
FDF20,OUT018,2927.7413098551474
FDV50,OUT035,2062.229453949304
FDT02,OUT049,695.1252691364103
DRC49,OUT017,2393.7562673909524
FDF26,OUT049,2570.1295847601436
FDV52,OUT035,2030.263560517069
FDX59,OUT049,730.8440142807267
FDV25,OUT035,3707.158663937134
FDW23,OUT027,2126.4683068639815
FDE53,OUT018,1456.408423257274
FDA19,OUT017,2239.4509554210426
FDH22,OUT046,2014.4739647834585
NCO41,OUT013,1611.783211765166
FDX12,OUT017,3947.492516761301
FDF17,OUT013,3150.4990353002913
FDS11,OUT045,3475.204891973214
FDR51,OUT035,2543.0348814667923
FDT49,OUT010,0.0
FDC56,OUT013,2000.5274008951992
FDR13,OUT027,3372.2879371372246
FDQ60,OUT035,2088.833579605095
FDN38,OUT049,4068.036133488023
NCL29,OUT013,2528.937651861989
FDO13,OUT027,4093.4084644977397
FDE26,OUT018,2061.217183179999
FDA31,OUT010,865.3713399328421
FDX14,OUT035,1341.6743591831398
FDA34,OUT045,2747.456528739353
FDF26,OUT013,2521.028558029452
FDE38,OUT045,2630.3870949768516
DRI11,OUT046,1833.851312144547
FDQ60,OUT027,3365.3892662051176
FDL21,OUT027,2136.817513717224
DRC12,OUT027,4482.159998769668
FDC47,OUT046,3604.251346552679
FDE57,OUT045,2222.948719500674
FDT14,OUT045,1819.276543773635
NCZ53,OUT046,3009.419491009224
FDE28,OUT018,3343.337118460848
FDR19,OUT035,2479.2624651893684
NCF54,OUT019,826.4697716812017
FDZ08,OUT046,1363.8232366430007
NCJ05,OUT018,2176.9348108055474
FDF59,OUT046,2075.964684921903
NCO05,OUT035,1759.696037488823
FDW24,OUT018,576.9546536593402
NCX42,OUT018,2339.376823299065
NCA53,OUT035,953.155094258267
FDI45,OUT019,968.8391534512094
FDG46,OUT046,1829.134414233211
FDM20,OUT010,1984.892347805219
FDW11,OUT010,0.0
FDX08,OUT035,3049.5099947274502
NCK17,OUT035,830.413281786041
FDK32,OUT018,2192.9958027758494
NCA42,OUT035,2652.0752521844934
DRI01,OUT035,2845.356454832859
NCL55,OUT049,4089.137929245299
DRE25,OUT018,1228.881903533376
FDD14,OUT017,3045.683096382059
FDB10,OUT046,3731.796869528914
DRN11,OUT035,2443.071718880516
FDP38,OUT018,624.0437734626958
NCA30,OUT017,3049.6323936445297
FDT15,OUT017,3066.853807863746
NCP55,OUT018,657.8987930730711
FDF12,OUT035,2531.2239403767385
FDM21,OUT018,3776.560234220769
FDX56,OUT035,3454.806670017468
FDF10,OUT017,2416.0253326685315
FDT32,OUT045,2989.993371355452
FDM51,OUT018,1389.1017757255038
NCR50,OUT018,2155.9708730719335
FDI19,OUT049,3957.160282624557
FDX21,OUT017,1844.5141833063285
FDR31,OUT035,2516.4824094404053
FDY02,OUT013,4120.441253090014
NCA29,OUT045,2612.472004338154
NCX17,OUT046,3648.866695992576
FDM12,OUT045,2971.099664306287
FDI53,OUT027,3983.812162366171
NCU30,OUT049,2677.20489128998
FDC56,OUT027,3431.6447398679675
FDK27,OUT018,1731.7409608187795
NCK18,OUT017,2725.3300912065615
FDB52,OUT019,2144.7380441086366
DRG25,OUT027,4427.981093426608
FDZ13,OUT049,992.691083088635
FDB57,OUT019,1699.9793395831402
FDR40,OUT046,1346.1919255173473
NCO14,OUT019,0.0
NCN19,OUT045,2946.7435863216515
FDQ28,OUT019,561.9391641057045
FDO13,OUT018,2378.7248217758715
FDK48,OUT013,1317.1833986338563
FDU07,OUT018,2206.040934505627
FDW20,OUT046,2036.7692689018068
FDV12,OUT010,0.0
FDH24,OUT013,2581.2697518387604
FDV59,OUT049,3545.846240483449
FDK57,OUT045,1861.834305026623
FDL16,OUT027,2189.072726864681
NCQ17,OUT046,2460.748984857813
FDJ15,OUT018,2639.9557231712934
FDX24,OUT049,1641.7221661927567
FDT47,OUT046,1589.7263700410713
FDT10,OUT049,1109.3336984374387
FDZ37,OUT018,1199.5298042401027
FDW43,OUT027,5138.360456655812
DRN36,OUT017,1633.127805226815
FDJ14,OUT045,1290.6469467316124
FDA32,OUT013,3530.178886663343
FDJ38,OUT019,1166.4330767014121
FDQ57,OUT017,2460.406120956206
NCQ41,OUT019,1178.4711926721704
FDG56,OUT049,1137.2323425000275
DRC13,OUT027,3423.6353909151912
FDV55,OUT035,2503.5745825577005
FDQ49,OUT045,2473.7683647167146
FDE29,OUT010,0.0
FDR03,OUT013,3328.2169447275965
FDD45,OUT049,1642.7290158321284
FDN38,OUT010,2063.986341044956
FDT56,OUT046,1004.199183747827
FDT48,OUT045,3126.199928591686
FDU03,OUT049,2990.6159493549767
FDC56,OUT010,23.241642376179698
NCO43,OUT027,3036.0162202705696
FDQ27,OUT017,1774.3220538544958
FDR03,OUT046,3301.0271174409963
DRH23,OUT010,0.0
FDG22,OUT045,591.9341318449925
NCJ42,OUT013,1676.1752449040455
FDR24,OUT046,1490.1875971420554
FDW60,OUT035,2971.7278428035866
FDJ08,OUT013,3089.898002559614
DRL59,OUT018,602.91559110505
FDG60,OUT010,1784.9694432205583
FDW27,OUT017,2599.3208713396903
FDX14,OUT018,948.6454980978735
FDC20,OUT013,1018.5118873905169
NCS29,OUT018,3876.1537303363707
FDJ56,OUT046,1651.066321772515
FDB20,OUT019,0.0
FDL28,OUT027,5059.828244691624
FDW01,OUT018,2188.66119190795
FDL03,OUT046,3167.1324363725257
FDX22,OUT049,3425.878045399333
FDJ21,OUT035,2463.909042719799
FDR31,OUT045,2338.8160303633877
FDG21,OUT035,2747.467697621272
FDS22,OUT027,2185.219117543119
FDK08,OUT035,1788.4100557381676
FDE17,OUT018,2136.617758436162
NCN30,OUT017,1624.6596368101777
FDT50,OUT046,1534.3022992304773
NCX42,OUT049,2675.170640346052
FDJ12,OUT035,3462.7374026182947
NCA18,OUT027,3299.091767105281
FDP23,OUT019,1573.1459059519111
FDX12,OUT013,3875.6439867826634
FDN40,OUT018,2147.196829642022
FDV48,OUT035,1436.9850126365586
NCY54,OUT013,2706.727034641368
FDL16,OUT010,0.0
FDR45,OUT018,3530.084722363285
FDJ52,OUT046,2566.5230369698957
DRG01,OUT017,1347.4939829856437
FDP52,OUT013,3679.3665592049097
FDU58,OUT017,3080.04838260064
FDL02,OUT045,1669.564976475303
FDG28,OUT013,3884.2417832038736
FDA19,OUT035,2258.342892747786
FDW46,OUT027,2547.2697530889177
NCD43,OUT049,1732.0989836626359
DRG39,OUT013,895.1322849015937
NCF55,OUT049,678.4277656645618
FDJ07,OUT046,1930.090486173025
FDE08,OUT046,2447.8742727535314
FDP56,OUT019,0.0
FDT45,OUT045,825.2978934444628
FDF17,OUT018,2812.4125903824897
FDX44,OUT046,1478.1194012573774
FDM28,OUT027,4303.3425927670205
FDI36,OUT049,3258.2853873232034
FDS07,OUT045,1825.8253408530277
FDD36,OUT045,1849.488962242273
FDW11,OUT046,1028.1864947533054
FDN40,OUT049,2548.4185157824895
NCQ18,OUT049,1627.4897073282254
NCQ54,OUT017,2726.3333774665352
NCS42,OUT045,1373.2895876161065
DRH39,OUT010,0.0
FDC09,OUT027,3179.4667561543934
FDT08,OUT010,541.4048968521065
FDC08,OUT035,3751.5948087069314
FDT20,OUT017,797.4297999962318
FDS35,OUT035,1215.0903948112737
FDX58,OUT018,2628.6210446929326
FDW58,OUT046,1725.0305339665715
DRD27,OUT046,1607.8467372480495
FDH32,OUT019,0.0
FDS26,OUT035,4257.139434399494
FDQ31,OUT046,1463.1596252092013
FDP11,OUT018,3223.322326324787
FDD58,OUT017,1718.104024528428
FDM33,OUT045,3389.9810900910334
FDZ16,OUT049,3177.3075839028947
NCS29,OUT010,2249.5985193617666
NCM18,OUT019,0.0
FDP11,OUT049,3596.5113651487395
NCC42,OUT017,2358.428958889079
DRM23,OUT046,2736.505900004149
NCN55,OUT027,5214.352330770136
FDK46,OUT013,4116.888030236189
FDR01,OUT046,3200.5481085492015
NCA05,OUT045,2326.1405897338345
NCP43,OUT017,2920.254213469746
FDR12,OUT010,822.5136895981575
FDQ01,OUT013,4108.686350358384
FDM13,OUT046,2133.562871368881
FDQ19,OUT017,4003.9423681805233
FDK56,OUT019,1080.7497721039795
NCX06,OUT010,959.7365114793479
FDO56,OUT027,3411.8712643448134
FDU45,OUT045,1753.4118999226255
FDI16,OUT019,0.0
FDL32,OUT046,1858.1600921435333
FDA07,OUT046,2037.520726518427
FDA14,OUT045,2248.5004827091166
FDV46,OUT027,3701.6469240028878
NCO07,OUT035,3504.722151591014
NCP41,OUT046,1706.8741392234297
FDY60,OUT018,2017.7680035080925
FDN38,OUT017,4110.9845038287785
FDO15,OUT046,1260.026231573776
FDT60,OUT013,2012.5599923567727
FDA55,OUT035,3746.6509452438486
FDE02,OUT010,0.0
DRJ39,OUT049,3597.5785551379113
FDV34,OUT035,1378.8517005302817
FDS20,OUT027,4429.231931235907
FDF02,OUT027,3147.811193002448
FDW40,OUT017,2379.0934459903438
NCB43,OUT046,2923.394787797459
FDR58,OUT017,1587.0245994265313
DRJ59,OUT035,834.0695102527155
NCD30,OUT017,1671.6368056191866
FDE14,OUT017,1737.3820129174214
FDC28,OUT018,1455.8693765226076
FDU16,OUT018,1085.8300849663087
NCD19,OUT035,1043.4893095142866
FDU21,OUT046,620.8453860504636
FDV59,OUT027,4918.467867666846
FDU03,OUT045,2843.7141470824663
FDC33,OUT010,1287.569565001538
NCR42,OUT035,710.8126370485727
DRH59,OUT035,1375.317289338236
NCM31,OUT035,2396.53814004004
FDS50,OUT035,3633.5700894985466
FDP39,OUT046,899.0347047954056
FDQ55,OUT013,1966.4573869297312
FDV36,OUT019,127.61160782459638
FDI05,OUT027,2684.355712210348
FDS45,OUT027,3190.049610305757
FDA39,OUT045,624.6133018802836
FDC37,OUT010,0.0
FDJ60,OUT027,4119.897556752056
DRQ35,OUT046,1974.9648103198267
NCJ06,OUT046,1893.5266729216119
NCY42,OUT018,2002.869495516388
DRM37,OUT049,3186.9536675014365
FDR14,OUT045,745.663710351362
FDE51,OUT049,805.2017659620881
FDT33,OUT017,2768.1648876724407
FDR08,OUT013,1898.2674963381478
FDE36,OUT010,704.2790360742008
FDL22,OUT019,0.0
FDR44,OUT013,2180.656988274367
FDI56,OUT019,0.0
FDE47,OUT010,156.30248683569334
FDV27,OUT010,0.0
FDV10,OUT049,810.3348393288586
FDC40,OUT045,1177.7078853018406
NCX41,OUT013,3371.1511808148025
NCQ38,OUT027,3131.3805729890846
FDV12,OUT027,3094.4726968185796
FDE52,OUT017,1510.2946932816265
FDG20,OUT027,4300.6328849210995
FDV16,OUT027,2027.832288089448
FDI32,OUT017,1972.9856700776331
FDJ32,OUT049,1167.7033477959149
FDN39,OUT018,2448.6317314382914
FDY34,OUT017,2782.8117458948213
FDC14,OUT035,893.1053412411634
FDA55,OUT017,3713.744685417245
FDZ50,OUT010,936.6522213316057
DRG13,OUT049,2713.1723225418154
FDP01,OUT013,2505.021313687469
NCG54,OUT017,2809.9121411753877
FDM13,OUT045,2075.3726057602325
NCO18,OUT027,4259.516155622676
NCW41,OUT013,2525.1487487790873
FDM52,OUT027,3812.3679213403007
NCF55,OUT035,715.3741621806502
FDT09,OUT046,2120.618806698678
NCM19,OUT035,1907.7441691008148
FDW12,OUT018,2094.4318103201995
FDP15,OUT019,2164.2001555301463
FDK36,OUT045,771.3590750226272
FDZ25,OUT035,2927.912110933593
NCW06,OUT049,3130.548638312356
FDW60,OUT046,2866.259993850787
DRC49,OUT013,2329.7198872511117
NCT17,OUT035,3149.094217968263
NCN06,OUT018,2297.166606772526
FDC45,OUT013,2785.2993333642853
DRJ47,OUT019,831.0667127547418
NCF06,OUT045,3983.5988505980354
FDE21,OUT010,25.419070496287077
DRG27,OUT013,709.4935411411548
FDW40,OUT049,2345.4964852249336
NCO53,OUT046,2909.4367598881577
FDE23,OUT049,891.4346655439294
FDQ16,OUT046,1746.9498677805527
FDS26,OUT045,3998.496584920869
FDZ13,OUT010,0.0
FDS14,OUT049,2560.8899293189374
FDC10,OUT045,1845.5269807537793
FDY16,OUT049,3031.181340568206
FDJ20,OUT035,2202.5887001978786
FDV43,OUT035,912.5245081443119
FDZ32,OUT027,3212.4935975082035
FDR23,OUT046,2803.5940129847163
FDN24,OUT035,1035.4853135484896
FDE34,OUT027,4356.028859459046
FDU31,OUT013,3542.4702575776223
FDW33,OUT018,1451.2762666642527
FDU26,OUT046,1859.3355372083895
FDE20,OUT027,4211.485755695379
NCW05,OUT035,1827.792979397471
FDB22,OUT018,2141.494312981888
FDO56,OUT046,1920.9165366595262
FDA19,OUT027,3580.0034281021794
DRI39,OUT045,849.4647686320926
FDH52,OUT018,712.049425457836
FDZ50,OUT035,3015.0094447807123
NCN42,OUT035,2467.674444644412
FDB53,OUT013,2379.8143115437215
DRG11,OUT017,1859.6224054833478
DRK11,OUT027,3837.5118897132697
FDQ60,OUT017,2079.2253925734058
FDT36,OUT017,703.812142789481
DRG25,OUT018,2655.759454859833
DRJ23,OUT046,3029.945206294412
FDG05,OUT035,2653.1058256707556
NCK06,OUT018,1638.6187365500423
FDU52,OUT017,2560.718576279055
FDW07,OUT018,1186.946265729569
NCM17,OUT045,675.622213613474
FDA22,OUT045,2649.2010891737937
NCA41,OUT018,2801.351276024029
FDF38,OUT035,901.5331510073804
FDH52,OUT046,1021.3823645530318
FDY58,OUT019,1692.945082509314
FDZ16,OUT045,3007.005187888277
NCM18,OUT017,1081.3115491964127
FDA22,OUT018,2412.0485073437676
NCJ43,OUT035,2915.138901972826
FDI34,OUT027,5101.319064806708
FDG56,OUT046,1057.826356579808
FDS34,OUT046,1863.2652422776075
DRC01,OUT035,974.0006712987497
FDQ04,OUT035,802.7048442086995
FDK04,OUT035,1097.8903271992353
FDT51,OUT049,1903.3739993693198
FDV26,OUT017,3186.922189024815
FDS04,OUT049,2331.697507716683
FDW43,OUT018,3391.044155550453
FDQ28,OUT010,530.7243760489919
NCK06,OUT017,2020.5383090582254
FDS23,OUT018,1816.372779664419
FDZ36,OUT019,1099.2257349489323
FDE56,OUT018,781.7333822741653
FDW10,OUT027,4237.852455327526
NCN14,OUT045,2852.930148795464
NCQ18,OUT045,1468.0879351898802
FDW08,OUT017,1855.5578269423072
FDU43,OUT035,3935.605576422904
FDR33,OUT010,0.0
FDM24,OUT010,502.1000362730373
NCZ05,OUT046,1653.0708486113044
NCV41,OUT035,1953.2799693480606
FDV11,OUT018,2509.276867998887
NCY05,OUT035,770.3249586111485
FDV44,OUT018,2771.4532948726032
FDW32,OUT049,1513.5313618058753
NCU18,OUT027,3697.7552102122095
NCC43,OUT035,4073.483032254037
FDW19,OUT013,1871.0959352088134
FDN31,OUT035,3233.723811608558
FDI48,OUT045,797.7741350836566
FDS24,OUT017,1584.1931437358323
FDF46,OUT049,1949.3484406868313
DRG23,OUT017,2525.6017360701317
FDG14,OUT018,2177.6183784858467
NCY30,OUT049,2916.7753041538153
FDO28,OUT018,1672.0071280634652
DRD24,OUT035,2406.600780388373
FDI33,OUT049,1567.8896472173537
FDN32,OUT046,3007.56022174938
FDR16,OUT045,3288.9898977305784
FDF26,OUT046,2498.501197385526
NCN29,OUT018,542.6720923248599
FDE20,OUT045,2674.8523159973674
FDA46,OUT046,3052.4479574400184
FDU28,OUT045,2903.445928356623
FDQ48,OUT045,1563.1169491391254
FDV36,OUT013,2111.3062781412714
FDR14,OUT018,550.5147327958716
FDP23,OUT017,3566.143015940849
FDP56,OUT013,937.1985389725915
FDK48,OUT010,0.0
FDR48,OUT046,2441.6648089778946
NCY29,OUT049,1036.1093994005978
FDM22,OUT018,620.040716321076
DRJ01,OUT013,2593.2953949599514
FDZ43,OUT045,3843.5971475931274
FDV03,OUT035,2633.583321799353
FDX11,OUT027,4350.757366499748
NCA41,OUT027,4523.773270012227
FDE38,OUT017,2812.5248044077584
FDI27,OUT018,459.4140249173869
FDN32,OUT013,3002.0581908559498
NCN43,OUT017,2041.8937478938292
FDB47,OUT027,4742.496448789307
FDV03,OUT017,2608.460520155159
NCN30,OUT045,1487.6545307440083
NCV54,OUT010,0.0
FDV07,OUT013,1856.285552696701
FDP07,OUT049,3286.4699759294035
FDK48,OUT018,947.9819189681884
FDM15,OUT019,537.9208097877888
FDY19,OUT027,3394.947147436307
FDK46,OUT046,4109.929201541096
FDY11,OUT045,1044.5751479307355
FDH09,OUT046,1074.9043170207133
FDO08,OUT027,4138.486020207783
FDU14,OUT013,3963.3077627679345
FDD22,OUT027,3269.098915949109
FDM27,OUT017,2619.0232896538155
FDL02,OUT027,3201.6510778486636
NCA17,OUT035,2493.3500786164927
FDE38,OUT019,773.1513624501887
NCG07,OUT049,3055.962499719167
DRC27,OUT013,3934.183444879662
FDA27,OUT035,4151.161772789454
FDW40,OUT045,2186.0972952499806
DRI11,OUT013,1892.1861273837396
FDN50,OUT046,1585.4105457188557
FDR12,OUT046,2750.637947348153
FDT34,OUT027,3125.412948661497
FDW11,OUT035,1185.0340122576902
NCO30,OUT027,4338.91246911559
FDZ34,OUT017,3224.6975178150315
FDU45,OUT017,1932.441776200502
NCD42,OUT035,780.6099614278719
FDX25,OUT045,2854.215643658761
NCR29,OUT046,929.6355560273698
FDX43,OUT019,835.1661383174812
FDB04,OUT010,0.0
FDR49,OUT027,2262.2005793288677
FDS39,OUT018,2018.9091645017081
FDW58,OUT045,1652.8512869368612
FDG22,OUT019,0.0
FDG31,OUT017,1168.0876834155652
NCV53,OUT027,5248.158485868393
DRJ37,OUT035,2523.846669127698
FDV07,OUT035,1971.924317039322
FDW52,OUT018,2362.556949056448
FDT15,OUT045,2894.0563839593283
FDD02,OUT018,1676.5443417751271
FDM16,OUT035,1346.9456807430947
NCE55,OUT046,2744.189446735646
FDB57,OUT018,3296.32449267854
FDQ04,OUT013,746.2355562718412
FDQ47,OUT019,0.0
FDY14,OUT019,2230.9844906086996
DRK37,OUT017,3081.7720834483935
FDO25,OUT017,3462.8091050757234
FDL57,OUT046,4112.864278580864
NCK29,OUT018,1681.2267743641562
FDK46,OUT027,5575.934280608786
NCB43,OUT010,983.7574524286754
DRE01,OUT027,5229.8166343801295
FDC46,OUT018,2659.422263478508
FDQ23,OUT045,1644.076273560015
FDX38,OUT049,900.1334487241384
FDG60,OUT018,3480.5063421627137
FDW55,OUT017,4071.9989082124157
FDP39,OUT013,891.9839190088253
FDB20,OUT018,1059.4066929466908
FDV21,OUT017,2107.1283013565276
FDZ02,OUT013,1569.5671801149977
FDP19,OUT027,3545.569859038714
FDA38,OUT035,3950.980509448732
FDH22,OUT045,1954.6997368739458
DRM11,OUT045,4063.917445933386
FDO12,OUT027,4575.3534199213345
FDT14,OUT049,1983.3484615920997
FDW34,OUT010,1943.7373516127766
FDG04,OUT027,4443.131667457454
FDW59,OUT018,1135.5996491252338
FDR33,OUT018,1491.4185696926343
FDP32,OUT013,2140.9052592581393
FDL13,OUT027,5165.131183240228
FDD22,OUT013,1856.6806853154094
FDV40,OUT027,2627.979029491714
NCD55,OUT046,674.2173162859814
FDQ20,OUT010,0.0
FDD28,OUT045,884.7527545084907
FDC39,OUT045,3191.1569219347866
NCR17,OUT049,1980.7587092230706
DRO35,OUT018,1598.7407984487827
FDF40,OUT049,4016.7587954060673
FDR31,OUT018,2084.5504168647576
NCQ41,OUT017,3208.6706271476546
FDP38,OUT046,886.660153272954
NCU54,OUT027,4726.503833278002
FDG22,OUT018,334.55756723650484
DRK59,OUT013,3738.674832182594
FDC37,OUT046,1740.243251962951
NCO42,OUT013,2332.523288836223
NCT42,OUT017,2473.1804970757266
FDX27,OUT035,1622.7801874587155
FDV40,OUT018,936.745160843652
FDT45,OUT027,2365.1100461701544
FDS47,OUT019,0.0
FDR45,OUT035,3923.077839335879
FDB03,OUT045,3670.0266043086494
FDO49,OUT035,1052.5460784623888
FDU60,OUT027,4134.310921242283
FDB26,OUT018,640.7817169703674
FDB46,OUT017,3490.674623725658
FDQ37,OUT019,1219.1648540008682
FDN03,OUT017,4087.722251957907
NCX30,OUT045,3831.199883666767
FDK32,OUT019,598.7708081405249
DRM47,OUT013,3086.2240395408744
NCO02,OUT046,1082.7765242082028
FDP04,OUT013,1091.4354392779292
NCO43,OUT049,1708.5465455407075
FDD59,OUT013,1392.4636275534717
FDQ10,OUT017,2848.1691953625605
FDW45,OUT035,2518.8161098994733
NCK30,OUT049,4096.281069367003
FDU31,OUT018,3187.273388130348
NCQ17,OUT019,535.4294254995281
FDN01,OUT017,2926.4640222990924
FDZ19,OUT049,2922.3412788709556
DRG37,OUT017,2576.3949165076224
FDE32,OUT045,630.1300927185895
FDO34,OUT049,2779.953887644243
FDM04,OUT019,0.0
FDZ25,OUT049,2864.4960718389216
FDU08,OUT049,1754.8127721135995
NCW30,OUT045,3988.382807720885
NCM18,OUT013,997.0557130854512
FDS22,OUT035,871.3703389786472
NCH18,OUT017,3944.630982524551
FDC23,OUT013,2915.781297026426
FDY46,OUT013,3000.172944434212
NCU06,OUT046,3594.5621536461535
FDX57,OUT045,1527.9360362076231
FDX36,OUT027,5015.9198327350205
FDL16,OUT045,686.4876041766931
FDT16,OUT010,2196.4896601600676
FDN16,OUT018,1368.4539166207535
FDC03,OUT046,3080.817478968707
DRF60,OUT013,3787.0205084800514
FDS27,OUT027,4585.917586154745
FDP33,OUT010,2108.8129548270826
FDJ36,OUT018,1356.457182900986
NCR42,OUT013,553.1377006130663
FDV14,OUT017,1478.6443062061458
NCP42,OUT035,3213.0954009606994
FDB50,OUT027,2763.462004140385
NCC30,OUT027,4232.01299131773
FDA23,OUT018,1381.665400404843
FDW16,OUT017,1578.0659929724952
FDQ52,OUT010,1972.809914997531
FDB58,OUT049,2405.0902369937558
NCP29,OUT049,1146.8092973018468
NCM05,OUT045,4093.7901084624577
FDO25,OUT013,3406.630711820976
NCM54,OUT046,2014.9112973991946
NCL54,OUT046,2713.417142693507
FDL39,OUT010,930.1336767559051
FDF53,OUT018,2574.9363805731145
NCQ42,OUT035,2159.914328753185
FDF58,OUT013,1079.028494551972
FDZ04,OUT035,1190.7034323543567
FDE26,OUT019,419.5052757184858
FDS60,OUT017,2984.885615570167
FDV58,OUT017,3233.8218427019992
FDM04,OUT045,784.2979457018332
FDE08,OUT035,2536.217041886482
NCB43,OUT049,3019.9188986142444
FDU11,OUT010,34.086682156131246
FDF22,OUT019,1471.9584535985816
FDE24,OUT013,2305.7963557360335
DRJ49,OUT046,2088.500887881319
NCQ53,OUT035,3871.6634386354995
NCL41,OUT013,635.8290166340835
FDR22,OUT013,1829.4904727365501
FDH04,OUT035,1636.0983552444889
DRH15,OUT045,651.6790203926512
FDY40,OUT049,911.9062634771005
NCI17,OUT035,1704.7262644377752
NCC18,OUT013,2740.4720569599876
FDY28,OUT027,4779.844066152435
FDB45,OUT027,3185.0429247318298
NCL30,OUT018,1720.9978815123748
FDM10,OUT017,3478.3902900316352
FDH22,OUT027,3493.053897822628
NCZ53,OUT017,3119.3822189751654
NCI18,OUT013,3524.9306377609028
FDH14,OUT027,3769.7342290858337
FDR36,OUT027,2197.5943156369954
FDW01,OUT045,2394.667638906684
FDK02,OUT027,3410.014385779745
FDJ02,OUT018,2120.6591893486834
FDU55,OUT013,4198.749598003995
NCV18,OUT027,2782.209521196656
FDH14,OUT018,1988.125910640887
FDZ37,OUT045,1422.6459259491883
FDX49,OUT049,3813.8292110464686
NCD43,OUT046,1657.3480659145362
FDZ07,OUT013,1088.2078771166903
FDK43,OUT035,2199.704483057064
FDR32,OUT018,3394.3698630348385
FDT39,OUT013,2487.7966822591134
NCV54,OUT017,2001.1068512118936
FDF38,OUT018,482.07429241160094
FDV60,OUT046,3145.063969195467
FDH44,OUT027,3824.2756883623883
FDS21,OUT046,1025.9845843382382
NCL41,OUT045,537.9938676372785
FDM46,OUT017,1614.6772928582945
FDU27,OUT045,769.3940291499968
NCJ54,OUT017,3753.1741857445927
DRG51,OUT018,2369.5199994187624
NCA29,OUT019,780.9537678977977
FDR47,OUT045,3034.62391137191
NCL19,OUT027,3705.755038532359
DRG01,OUT049,1326.2951293498982
FDG10,OUT046,976.9227391392783
NCV05,OUT049,2529.547951245843
NCH18,OUT019,1920.8194601430114
FDV14,OUT018,1099.848931794596
DRJ23,OUT035,3169.66628690296
DRJ11,OUT046,2970.5780919713
FDZ03,OUT017,3022.046851423101
FDI27,OUT010,0.0
FDJ14,OUT018,1101.7719084417645
FDU32,OUT017,2095.9963263870113
FDD47,OUT027,4200.782142425704
DRF36,OUT035,3153.22305756188
FDM21,OUT046,4087.4652949283022
FDV10,OUT018,455.8300181982654
FDH60,OUT018,2829.9209360345776
FDX47,OUT010,604.8007577004155
FDT19,OUT019,897.1677932861038
FDO11,OUT045,3926.6773032418987
FDH24,OUT027,3993.6307960487316
FDL02,OUT018,1494.6821349140382
FDB02,OUT049,2947.58452504572
FDA43,OUT046,3153.5099647178977
FDG52,OUT045,702.6957191913973
DRC12,OUT013,3024.6360982813494
FDY37,OUT018,2044.1924632971895
NCU18,OUT045,2154.831049921079
FDU09,OUT035,1080.6120346924502
DRJ25,OUT027,2240.7303245023486
DRE12,OUT018,1519.9923685728136
DRL47,OUT017,2116.744063358217
DRK01,OUT046,1533.1083729422303
FDC22,OUT019,1117.3728475941093
FDG44,OUT013,956.0027281440289
FDW04,OUT035,2223.680372278599
FDK09,OUT049,3705.1923754877903
NCN43,OUT035,2090.315745329725
FDG04,OUT049,3075.229760975491
FDH32,OUT010,0.0
DRI47,OUT017,2440.3320916657967
DRE15,OUT013,1265.493905233719
FDY11,OUT035,1284.5106643949598
FDO60,OUT049,873.0429331690596
FDQ20,OUT018,476.7498883859961
FDO57,OUT027,4016.477751344783
FDT14,OUT019,0.0
FDA57,OUT049,794.1438354362477
DRN35,OUT017,720.800591689731
FDJ03,OUT046,810.5907369231542
FDX28,OUT017,1718.6930052924554
DRE25,OUT045,1388.1839943573887
FDR09,OUT046,4115.087237222102
FDB23,OUT035,3775.359012787878
FDO08,OUT045,2590.8936663549744
FDQ23,OUT049,1758.317638318688
FDW04,OUT013,2111.1585729123963
DRK13,OUT010,1187.968131702166
NCL17,OUT027,3710.278997931301
FDY21,OUT035,3217.7737332589836
FDJ38,OUT027,4500.531214862471
FDA37,OUT019,172.2300651480059
FDV43,OUT013,829.5865432967252
FDL36,OUT046,1504.8846068863668
FDD53,OUT045,621.0773549055032
FDZ19,OUT010,925.8943683676694
FDV21,OUT045,1934.4158111940192
NCL54,OUT018,2435.2553376871388
DRI47,OUT027,3765.2498260860552
DRG03,OUT049,2576.976532950299
FDG21,OUT013,2610.045446194286
FDW03,OUT018,1441.6673244533886
NCI55,OUT046,1917.192018346238
DRC36,OUT019,874.9008839971057
FDH22,OUT017,2157.0168380894606
FDV20,OUT045,2029.6104757625258
NCU41,OUT027,4504.197268374632
FDN46,OUT027,3123.5757931219982
FDK50,OUT045,2560.2716535899854
NCA05,OUT027,3805.1922979666115
DRH01,OUT018,2455.326858010707
FDT08,OUT018,2160.8075414700106
FDM08,OUT018,3323.062617910305
FDZ07,OUT035,1188.2700363303288
FDS22,OUT017,883.6510045694843
FDV35,OUT027,3957.591105519937
FDI28,OUT010,0.0
FDW58,OUT027,3200.3857455653724
FDT52,OUT045,3800.756474733741
FDY34,OUT046,2630.798085720431
FDR10,OUT046,2576.0840019898305
FDK57,OUT017,2042.3914827660078
FDR02,OUT027,3186.0308488775568
FDX49,OUT046,3740.6595418118663
FDQ20,OUT046,744.0353267936079
DRK23,OUT045,3913.0178229350254
NCW06,OUT046,3005.985799588984
FDR31,OUT017,2494.4829753127533
NCE43,OUT013,2673.618368008474
DRO59,OUT027,2703.4199135890944
FDN09,OUT049,3973.2049357666283
FDR11,OUT046,2577.943055655591
FDO57,OUT013,2608.7236760419446
NCX18,OUT017,3196.6166148768807
FDB05,OUT018,3643.6480899392577
FDQ08,OUT018,778.3467011569032
NCG43,OUT035,1625.4044997487958
FDJ56,OUT013,1703.1960352614603
FDA13,OUT010,0.0
FDO56,OUT017,2027.744266617687
FDB37,OUT018,3552.6952166959163
FDZ02,OUT018,1259.5094133763669
FDQ24,OUT046,3969.7782956134956
FDM16,OUT013,1239.0918153367154
FDU35,OUT049,1725.5501295690403
FDT35,OUT035,2853.8024154706263
NCX30,OUT049,3978.136885963652
FDG04,OUT017,3080.8761339508155
FDI12,OUT035,1559.207026041612
FDE35,OUT035,1180.4186551463006
NCP14,OUT027,3111.462339450625
NCY53,OUT045,1695.418779233452
FDP49,OUT017,1051.355125345065
FDQ04,OUT017,808.6921598261157
FDM39,OUT035,2957.960729608204
FDO58,OUT019,699.5384631788952
FDC56,OUT017,2059.826659717153
NCQ54,OUT046,2636.5983872084107
FDV10,OUT027,2176.7505447555895
NCK17,OUT046,682.9076987539153
NCF55,OUT027,2044.790943463489
FDV33,OUT013,4147.2580110525505
NCH29,OUT019,0.0
FDA37,OUT027,3508.448037127219
FDH46,OUT018,1377.8501997196636
FDS25,OUT035,1955.197223462145
FDH04,OUT027,2906.343196638515
FDX52,OUT046,3034.269567411389
NCD42,OUT017,741.5232589280366
FDW47,OUT017,2088.6527714725235
FDL25,OUT027,2974.183717354528
NCJ06,OUT010,0.0
FDY09,OUT013,2806.7946082834387
FDS40,OUT046,639.1984065193178
FDH41,OUT017,3500.7342035776323
FDG38,OUT035,1570.9864280766335
FDU03,OUT027,4339.934470129128
FDV20,OUT046,2101.8118325207015
DRB13,OUT045,2946.8749004223705
NCQ30,OUT013,1928.8498381094785
NCH06,OUT013,3864.9111279383615
FDU50,OUT018,1504.147237696525
NCO42,OUT019,389.52661265700567
FDW09,OUT018,1039.703436967173
FDH04,OUT013,1501.7741384589572
FDC21,OUT045,1719.0389694628675
FDL21,OUT049,801.609800191242
FDM46,OUT010,0.0
FDT22,OUT019,0.0
FDB28,OUT035,3254.947869966946
FDI12,OUT018,1172.3860867775836
FDA28,OUT045,1948.337756328435
FDF59,OUT013,2118.7358238972342
FDM45,OUT027,3413.176466645326
FDQ56,OUT017,1499.8579815602802
FDR46,OUT049,2422.017174339008
FDT01,OUT013,3420.6972867495115
FDD16,OUT027,2668.713890730291
NCU30,OUT010,619.4044434143158
FDM40,OUT010,339.1837043275084
FDI56,OUT035,1695.7819103401198
NCS30,OUT013,2031.2120523628616
FDU08,OUT017,1758.8863267081258
FDX51,OUT027,4578.474903639617
FDA43,OUT045,3099.989924091901
FDX59,OUT010,0.0
FDC37,OUT018,1458.9431809552304
FDP58,OUT013,3491.128624833134
NCY42,OUT035,2389.624197294271
FDF21,OUT018,2784.0960925404584
FDU10,OUT027,2111.667252784185
DRL47,OUT018,1728.6054674034142
FDA58,OUT018,3480.166650120688
FDJ22,OUT049,3164.532323612749
FDK50,OUT046,2609.107489199462
FDO38,OUT035,1462.70411376538
DRF60,OUT035,3916.6691746165116
NCZ42,OUT019,1812.2928210718578
FDD35,OUT049,2052.208835911599
FDL25,OUT045,1451.4055551894849
FDJ16,OUT013,964.1109076914714
DRK59,OUT049,3811.1172179475084
FDI50,OUT046,3707.0055049989064
NCB19,OUT045,1302.099627731097
DRI37,OUT035,1106.2077584679178
FDA14,OUT027,3778.980933541553
FDC08,OUT018,3369.4840915239497
FDS45,OUT046,1699.108554559439
FDI21,OUT049,1150.1029870733364
DRJ47,OUT035,2920.410549724197
DRE37,OUT027,4423.136802006005
FDT55,OUT018,2295.559247286796
NCG42,OUT027,3483.737379990611
FDA31,OUT049,2862.290400271764
NCW42,OUT046,3478.2857154896983
FDF50,OUT017,3238.1168788702053
FDK56,OUT049,3101.2595568345578
FDX10,OUT035,771.1335588808748
NCK07,OUT027,4032.9972032609535
FDZ49,OUT017,3652.5702885060573
FDR33,OUT013,1793.6815454611492
FDO44,OUT018,1551.599306838319
FDA20,OUT046,3013.6926334447676
NCL30,OUT045,1942.5679551880985
FDI05,OUT019,0.0
FDQ12,OUT018,3364.2455410655784
FDH47,OUT017,1682.1079066079537
FDH34,OUT018,2686.3793672706734
FDF29,OUT046,2104.92919301255
FDG40,OUT018,311.7103417741505
NCE18,OUT017,4011.0927858709138
FDP21,OUT010,1102.4034299115722
FDY50,OUT013,1425.679225734436
FDB36,OUT049,2200.313827646139
NCZ29,OUT049,2126.155131537474
FDU20,OUT018,1691.147919324989
FDO56,OUT013,1976.1391035088068
FDW31,OUT049,3288.148077515945
DRH59,OUT013,1256.5678549995637
NCB30,OUT017,3205.935203248891
FDK43,OUT027,3530.682580754257
FDW43,OUT045,3615.7181944209556
NCL19,OUT017,2348.15188420391
FDJ27,OUT046,1635.8267009581505
FDC45,OUT046,2740.961484490842
FDY40,OUT035,987.6945780329612
NCM41,OUT035,1629.0091975461567
NCK18,OUT019,695.7776050971345
FDP37,OUT049,2192.797181361817
FDA27,OUT027,5461.9032928252245
NCX30,OUT035,4022.8694899989264
FDR09,OUT017,4167.3887758663695
FDG08,OUT027,4227.614442470189
NCU30,OUT013,2618.729263915308
FDB16,OUT017,1502.3568507051134
FDM16,OUT017,1306.2797607861262
FDC48,OUT013,1388.501152488864
NCF18,OUT046,2973.0234736390885
FDU46,OUT018,1150.182584491206
FDH41,OUT018,3109.4942419103872
NCN42,OUT010,381.7165607369209
FDU49,OUT046,1484.124889861164
FDB20,OUT027,2774.0755781052603
FDG50,OUT019,0.0
FDW20,OUT045,1945.9069036582214
NCO55,OUT049,1829.6870298598383
FDX48,OUT046,2492.4608801019676
FDU48,OUT046,2147.7388375129763
FDR48,OUT019,522.1352056532771
FDK27,OUT013,2035.5449057947642
FDT35,OUT013,2696.13251720707
FDN12,OUT049,1883.416778824564
NCE31,OUT019,0.0
FDL21,OUT017,819.7107749648768
FDV56,OUT017,1885.3088563640083
FDR16,OUT017,3491.3276916203326
NCP41,OUT049,1851.6866963113755
FDJ27,OUT013,1689.504006783344
FDA07,OUT017,2127.2367406831145
FDK55,OUT049,1573.1861974673498
FDM33,OUT049,3594.529645433905
FDY46,OUT046,2979.202319799725
FDD36,OUT046,1921.6760744425005
FDB12,OUT027,3107.01721779511
FDF28,OUT019,115.13945787554121
NCE07,OUT019,363.5978302742983
FDW50,OUT027,4045.4815423691416
NCW18,OUT017,3810.3457410456085
NCJ17,OUT019,0.0
DRZ24,OUT010,0.0
FDS07,OUT035,2036.234084434815
NCW05,OUT010,0.0
FDZ22,OUT018,1084.3105656287826
FDK02,OUT046,1934.6276104055826
FDZ45,OUT027,4574.337920186727
FDL25,OUT046,1497.1654567707394
FDS08,OUT045,2775.299146262316
NCZ42,OUT027,5145.571189878581
FDX57,OUT035,1721.1709136894133
FDF21,OUT046,3065.415437709757
FDJ56,OUT018,1341.629785312183
FDX10,OUT013,652.3917773277758
DRG48,OUT035,2449.8939111914856
DRN37,OUT046,2637.9140526059496
NCY41,OUT018,313.8451039487536
FDN28,OUT045,1597.4592502532162
FDE34,OUT045,2813.039502823758
FDR10,OUT045,2555.279618142823
FDC32,OUT017,1653.0282124912335
DRG13,OUT046,2602.6180941659763
FDP59,OUT049,1815.3719204469649
NCT53,OUT010,717.3071871722983
FDL57,OUT027,5521.321405963139
FDN32,OUT010,1087.6258993111621
FDK09,OUT018,3322.6513708769335
FDA52,OUT010,889.4390725831709
FDC57,OUT049,3216.1913062492613
FDI09,OUT035,4120.417915233362
NCB07,OUT046,3099.0630797736226
FDP26,OUT035,1762.6046966078538
FDP40,OUT027,3249.4423904216465
FDL15,OUT013,2477.0155906689693
FDV07,OUT046,1847.7776055929396
FDS03,OUT017,1199.3244245331832
FDE50,OUT049,3104.457842790236
FDQ15,OUT017,1408.1127500271232
FDQ33,OUT010,478.13271965281285
FDT22,OUT013,989.8179045304729
DRO35,OUT035,2033.7753041624871
FDJ41,OUT049,4226.87352617284
FDQ27,OUT035,1863.264095557496
FDC26,OUT017,1945.9921304100085
NCF43,OUT027,3696.7451865715357
NCR50,OUT035,2556.7353160332377
FDE39,OUT018,1618.0662246723884
FDN49,OUT027,2158.968536696669
DRG11,OUT035,1870.7603062319815
NCA18,OUT049,1940.4730897093118
FDM36,OUT018,2479.389720244323
FDW32,OUT017,1540.9087285110386
NCQ18,OUT010,0.0
FDX14,OUT027,2661.7947759636686
FDD46,OUT017,2527.1520958013484
FDI34,OUT019,1768.7651322652819
NCJ17,OUT035,1503.4773530882621
FDB52,OUT035,4182.368699196508
FDV55,OUT018,2070.081070297988
FDC57,OUT046,3094.7435263246425
FDB29,OUT046,1846.5907703649737
NCO43,OUT035,1742.3871738687985
FDG44,OUT045,851.908350957188
FDJ34,OUT045,1957.9037963268693
FDH40,OUT049,1426.1716062341163
NCD07,OUT027,3213.610813885969
FDB41,OUT017,865.5344742677293
FDH47,OUT018,1298.4195281684877
DRK37,OUT035,3133.3476243818686
FDM25,OUT019,938.9857917436127
NCX06,OUT045,2798.1597885554283
NCS05,OUT017,2230.6107583828043
FDS39,OUT045,2235.7985839090334
FDC47,OUT027,5031.437334396694
FDG20,OUT013,2903.7648826647346
DRL23,OUT017,1826.1097740113662
FDY33,OUT013,2554.2275676080353
NCH18,OUT045,3750.037896865081
FDX47,OUT035,2651.225937266126
NCB06,OUT045,2454.5216098728756
FDP36,OUT049,943.460489232277
FDW44,OUT018,2515.8335930501353
NCU41,OUT018,2761.503585391861
NCS17,OUT046,1545.4559577346974
FDD46,OUT035,2616.197510087822
FDE45,OUT017,2980.191981744245
FDI09,OUT017,4073.422217730081
NCJ54,OUT010,1745.8714829414623
NCA29,OUT018,2428.2738923684424
NCN41,OUT027,3412.5680029174746
FDY34,OUT035,2775.188887968429
NCG55,OUT035,1975.4040999268498
DRM49,OUT046,714.1642310280439
NCB42,OUT049,1954.0824144079386
FDE58,OUT045,1815.1875679599948
DRJ25,OUT013,842.2872059147792
FDS47,OUT010,0.0
FDY21,OUT049,3227.486869302999
NCI54,OUT013,1787.1815108161877
FDO24,OUT017,2625.1786552261437
FDY43,OUT035,2875.590067272145
FDF35,OUT018,1467.9973076619985
NCP29,OUT019,0.0
FDN28,OUT027,3090.529706796406
FDJ50,OUT018,643.042514709555
FDQ14,OUT027,3825.1434903151016
FDC37,OUT035,1911.1025597552846
FDN08,OUT046,1952.9351334411133
FDD04,OUT035,2375.6363531938846
FDW34,OUT018,3584.828618652115
FDP04,OUT017,1178.8867830522877
NCG07,OUT017,3049.1187353400555
NCN14,OUT018,2623.5594157621927
FDJ16,OUT045,875.5791763824786
NCM42,OUT045,1651.3172581364183
NCF19,OUT046,797.7014696812281
FDY21,OUT018,2832.452927867144
FDY19,OUT035,2063.956728313164
FDV09,OUT045,2335.6249167237947
FDA28,OUT013,2047.710130906245
FDC38,OUT018,1891.9052525462039
FDL28,OUT045,3566.716546091427
NCH43,OUT049,3494.272828683399
NCN53,OUT045,516.1279883315249
NCW05,OUT017,1824.371259296941
NCO30,OUT018,2642.9856341618697
FDT04,OUT019,0.0
FDB27,OUT018,2810.236725680824
NCK07,OUT013,2657.9824684841183
NCA53,OUT013,845.3056752628681
FDB33,OUT018,2332.545840829992
FDU37,OUT017,1434.769426928569
FDR13,OUT035,2045.9790240099142
FDE45,OUT049,2980.7989589093772
FDV37,OUT017,3254.7489433123787
FDX44,OUT019,0.0
NCL06,OUT017,4193.105572013081
FDJ28,OUT045,2952.280822344015
FDX55,OUT049,3612.0367740713327
NCK17,OUT018,407.83160477539536
FDH52,OUT035,1165.7743018299254
FDN13,OUT027,3091.191167543612
FDK44,OUT018,2494.1764480736183
FDU16,OUT046,1331.3397100401662
FDZ07,OUT017,1139.7551860198237
NCN06,OUT027,4021.2884213275215
FDH02,OUT010,0.0
NCW18,OUT045,3622.7488109175224
FDH57,OUT013,2166.9562290252165
FDV35,OUT045,2417.690157110139
NCU29,OUT013,2342.877242037465
NCP02,OUT046,938.3872160560879
FDN44,OUT013,2651.4144193055463
FDX03,OUT018,495.3580747392259
FDR11,OUT010,608.1589010581749
FDA36,OUT046,2961.06312243434
FDP58,OUT027,4884.889686135539
FDH31,OUT045,1539.0697686566812
FDH34,OUT035,3127.6388783942393
FDS13,OUT035,4339.581406607492
FDT01,OUT018,3116.9013429433307
FDY09,OUT049,2911.954316727446
FDV33,OUT027,5530.041774232299
NCW29,OUT010,140.62574734175746
NCN17,OUT045,1547.831353814774
FDX01,OUT046,1943.9245063008034
FDL03,OUT049,3241.888361574238
DRL59,OUT049,1013.4488816892914
DRM11,OUT027,5585.057447894345
FDA43,OUT049,3270.284107645599
FDZ56,OUT010,840.3967448580117
FDI44,OUT018,1032.4922160512085
FDB50,OUT013,1351.004316394733
FDU15,OUT019,0.0
NCJ19,OUT019,0.0
FDD48,OUT013,1908.3859283158786
NCW42,OUT035,3611.7776536484344
FDL24,OUT017,2893.9545686233405
NCB30,OUT013,3135.624116158429
FDK25,OUT013,2733.5845776601873
FDW28,OUT049,3188.69116363192
FDD47,OUT017,2856.9487558055466
FDK16,OUT019,0.0
FDW37,OUT046,1532.4131467472084
FDA48,OUT035,3652.6155692137527
FDA14,OUT017,2411.9414632415505
FDV15,OUT013,1688.0911300547837
FDN22,OUT049,4077.193477107373
NCD55,OUT045,602.0290736144746
FDY43,OUT013,2747.5037596035518
NCU05,OUT017,1399.572216385138
FDF10,OUT035,2494.1889628082745
FDR39,OUT018,2667.118678738555
FDG40,OUT013,606.2003429727947
FDZ28,OUT019,130.49188149315546
FDE02,OUT045,1487.5329038331024
FDU60,OUT049,2803.7124619948186
FDM21,OUT013,4102.210712706263
FDV52,OUT019,0.0
NCW06,OUT013,3039.412208085282
FDX36,OUT035,3719.108060232798
FDT35,OUT027,4164.586800439606
NCL19,OUT010,357.51172610636013
NCD31,OUT046,2594.0692421213266
FDE53,OUT019,0.0
FDW58,OUT019,0.0
DRF48,OUT046,2958.5364361647103
FDW57,OUT035,2938.538076134526
DRH13,OUT017,1811.5347118229445
FDT33,OUT013,2713.43286919401
DRK47,OUT027,5034.927858626774
FDY22,OUT010,350.47823178543854
FDC35,OUT019,1422.702254414482
FDO03,OUT013,3669.260276527442
FDF24,OUT045,1283.2984318652966
FDF56,OUT018,2630.506595284689
FDD28,OUT013,974.809298273288
FDG53,OUT027,3709.2411151836563
FDO27,OUT019,0.0
NCF54,OUT018,2417.3632836134166
FDC20,OUT027,2418.4193767779166
FDU10,OUT046,665.8627677169042
DRA24,OUT018,2313.5779184358844
FDA02,OUT010,374.3792520197528
FDG10,OUT017,1066.65938253618
FDW39,OUT010,955.1706701449182
FDP04,OUT019,0.0
NCM55,OUT013,2952.729678082308
FDG47,OUT045,4082.9165387667435
NCU41,OUT017,3146.5244851462007
NCK31,OUT017,952.886523040524
FDZ46,OUT045,1700.0450863733838
FDU13,OUT027,3852.4584399649507
NCF19,OUT045,730.1800217476426
NCJ43,OUT013,2743.4502889429173
NCJ05,OUT045,2375.1499231484645
FDS04,OUT027,3646.8278879894465
FDX28,OUT010,0.0
FDB41,OUT027,2212.395396671457
FDG53,OUT046,2261.8795581194236
FDL15,OUT010,549.4199726648784
FDQ08,OUT049,1163.968114099577
DRN36,OUT013,1583.0857141262927
FDI46,OUT013,4030.3647539909175
FDG16,OUT027,4830.099224360785
FDV32,OUT013,1109.8241072833619
FDF44,OUT010,253.09974027145608
FDK04,OUT018,653.500475405376
NCA41,OUT013,3095.83480449525
FDD51,OUT017,805.9851348335302
NCZ53,OUT045,2921.6619291973057
FDP01,OUT027,3901.8437226388855
FDY25,OUT049,3030.1965222029635
FDB17,OUT018,2578.2621357995545
NCV54,OUT018,1605.1819988802522
FDJ32,OUT017,1195.13454888878
FDA37,OUT049,2143.6026459442946
FDG35,OUT035,2936.9797511104366
NCM05,OUT018,3918.92376310416
FDG45,OUT046,3436.3511351340208
FDH28,OUT013,683.6507831011808
NCE18,OUT049,3996.1413285784542
FDH38,OUT045,1875.238103267619
FDR56,OUT013,3220.841942322015
FDH17,OUT027,3007.038561812027
FDD39,OUT049,3523.449805446659
FDB41,OUT049,884.8671583883648
NCR53,OUT046,3529.5672876003546
FDX46,OUT017,1070.4714152903412
FDV28,OUT049,684.796131416104
FDA08,OUT018,2408.9265793771947
FDH45,OUT017,864.5145139181908
NCS38,OUT010,0.0
FDD40,OUT010,1136.237650732658
DRM59,OUT035,2602.194744819863
NCJ43,OUT018,2477.0174080047336
NCN29,OUT013,870.9407242786356
NCC19,OUT045,2927.7887913095383
FDR56,OUT035,3308.44788342411
FDZ43,OUT049,3978.0813640285514
FDJ32,OUT010,0.0
DRH03,OUT017,1602.1948775517517
NCZ54,OUT035,2707.457747016804
FDE26,OUT017,2472.6951712839045
FDS03,OUT045,1003.197542261308
DRZ24,OUT019,0.0
FDO48,OUT027,4967.500267844307
FDW39,OUT049,2910.318964025366
NCK05,OUT049,1126.6503857588566
NCK30,OUT017,4086.317113583366
FDT27,OUT018,3462.626893507243
FDS08,OUT019,977.0970018224774
NCJ19,OUT049,999.0625874256414
FDC58,OUT045,668.4464509275928
DRE37,OUT013,2993.5963495428173
FDW02,OUT035,2153.870233811455
FDJ02,OUT010,511.9777318811341
FDX09,OUT045,2751.911735867155
FDT31,OUT010,1131.5744539320394
FDI24,OUT049,2943.8003711358174
FDY09,OUT045,2741.673724898661
FDV28,OUT045,512.9506016906315
DRM47,OUT049,3149.3386447860544
FDT52,OUT019,1989.8432282465624
FDI48,OUT018,632.2508885775663
FDY55,OUT017,4205.784090241135
FDU48,OUT013,2157.8121095462475
FDN25,OUT045,883.0850756582616
FDP20,OUT049,2187.4449426189885
FDJ15,OUT013,2953.1140842912946
FDD04,OUT018,1929.5839827393318
FDY58,OUT045,3577.565419008317
FDR37,OUT018,2663.9556828450586
FDF44,OUT013,2157.394844295005
FDD32,OUT045,1328.6802951087946
FDR57,OUT017,2608.353320522241
DRG39,OUT027,2355.773221647458
FDX15,OUT017,2645.3557288117045
DRN37,OUT045,2543.902231317864
FDW40,OUT027,3696.260593128062
FDB32,OUT049,1672.6742080671947
FDM40,OUT018,1987.6735997132514
FDE39,OUT027,3363.8478830893528
DRH49,OUT017,1430.5234555256434
FDT46,OUT049,941.3120890284349
NCF06,OUT035,4183.0504936830675
FDP07,OUT017,3262.4720541350607
FDC04,OUT013,3804.338531457459
FDZ32,OUT017,1828.3797104039577
FDD50,OUT045,2664.592306009402
FDU56,OUT017,3095.110715540055
FDV34,OUT017,1299.2862007425751
NCY41,OUT013,651.9611646253313
NCK18,OUT046,2612.235176553206
DRH25,OUT049,960.7818179813618
FDT57,OUT046,3785.2400677755254
FDV56,OUT018,1501.8337855128125
FDV12,OUT045,1523.5175531056857
FDN52,OUT017,1520.0595134380117
FDX38,OUT035,926.1897970403533
FDE47,OUT018,1732.2872704192155
NCO07,OUT013,3370.397747578583
FDV09,OUT027,3861.3787065158854
FDZ23,OUT019,1058.2928613358877
DRH51,OUT018,1143.1070477311457
NCY54,OUT045,2607.2640672199827
DRG49,OUT013,3902.3982939223483
NCC19,OUT049,3113.655018911599
NCV53,OUT045,3744.2228163998125
FDZ47,OUT019,0.0
NCO26,OUT018,1519.8692655957482
NCP02,OUT045,903.5576386992504
NCW30,OUT018,3793.2946295031375
NCN55,OUT046,3798.117268125529
FDB20,OUT010,0.0
DRL11,OUT013,2536.0235397067067
DRD60,OUT045,2803.0343017613322
FDW14,OUT010,0.0
FDL27,OUT010,0.0
FDU09,OUT018,650.2234204805293
DRH36,OUT027,2657.4693521248428
FDP34,OUT027,3935.030902282964
FDE04,OUT017,2938.2438808371026
FDZ57,OUT027,3545.7044027380093
FDF02,OUT010,0.0
FDG28,OUT045,3803.5288928621
NCI31,OUT046,581.7116758904784
FDT43,OUT013,946.0875709225156
FDU20,OUT046,2005.1349693104657
FDD53,OUT013,753.1594739394441
FDW15,OUT045,2337.2094246761344
NCT53,OUT045,2517.6649324208984
NCG55,OUT027,3258.127914701732
FDD48,OUT035,2011.5694125045002
FDG47,OUT049,4298.36201793024
FDI21,OUT017,1157.2684949900267
FDT27,OUT017,3836.744248499836
DRO35,OUT013,1915.0230721762994
FDD33,OUT017,3837.634471216505
FDC04,OUT035,3958.898852276871
FDY34,OUT013,2659.547743638299
DRJ49,OUT049,2138.3415557862786
FDE05,OUT049,2391.8906157396705
FDU31,OUT017,3626.7945255760806
NCN19,OUT027,4427.3358993348575
FDK56,OUT027,4431.939766784337
FDK58,OUT017,1777.3092383916417
NCJ42,OUT035,1768.4621024286596
FDZ34,OUT027,4538.821957318509
FDA52,OUT018,2495.12101658618
NCR29,OUT013,949.0502783316882
FDT48,OUT035,3348.5239295931706
DRJ51,OUT019,1713.7353847155164
NCS54,OUT046,2795.6741376839445
FDV01,OUT035,2655.185820524397
DRG51,OUT027,4057.6553989021822
NCG42,OUT013,2105.6142454578203
FDA51,OUT049,1905.0825409619224
FDV19,OUT010,685.0634482439107
NCT18,OUT045,2787.0351954128064
NCS41,OUT045,2856.290330985091
FDO03,OUT046,3640.512284691983
FDL12,OUT010,0.0
FDY37,OUT010,432.22596651817025
FDI58,OUT049,1598.978933754908
FDT28,OUT018,2096.5037073532644
NCC42,OUT010,293.80945183346194
FDO01,OUT017,2222.381015961877
FDJ02,OUT013,2424.4776408544312
FDQ04,OUT018,423.68069561474795
DRL47,OUT013,2052.6760998452614
FDZ32,OUT035,1918.8721568574001
FDC35,OUT035,3462.0862799646616
FDX14,OUT045,1095.492794427536
FDZ35,OUT013,1740.2473849286891
FDL14,OUT013,2561.0017024880362
FDO04,OUT049,1011.2640666695075
DRK11,OUT017,2512.6135935287957
FDB44,OUT018,3124.9996386222783
FDZ50,OUT049,2996.7279154107473
FDI12,OUT027,2902.7029385887317
FDU43,OUT017,3905.8120460882446
FDD58,OUT010,0.0
FDB27,OUT017,3175.0166181347918
FDB04,OUT018,1088.5664469538017
NCO17,OUT013,1933.9786500783816
FDL12,OUT017,1076.1432512284277
DRJ13,OUT049,2636.903729434076
FDD57,OUT045,1555.9830233142552
FDW19,OUT035,1983.6200004398006
DRD27,OUT018,1346.782485696615
FDH27,OUT027,3737.1263033620176
NCW30,OUT027,5526.580036978448
FDR40,OUT018,1027.544064397934
FDG05,OUT013,2515.6767214111032
NCY41,OUT019,0.0
FDI38,OUT018,3047.713841120212
FDR20,OUT046,788.9711752804218
FDE09,OUT017,1920.5740815719705
FDN50,OUT019,0.0
DRF27,OUT045,2361.923124672396
DRF51,OUT013,653.9100439507394
NCO02,OUT019,0.0
FDB51,OUT027,2448.055312777346
FDJ50,OUT013,965.5408820652874
FDN52,OUT013,1395.3812280437155
FDX14,OUT013,1249.3946108115629
FDT27,OUT019,1850.0264749199414
FDV10,OUT013,734.7747956474641
FDU33,OUT046,750.1200297448341
FDU58,OUT046,2966.976477531617
NCP42,OUT027,4511.368938946668
FDL51,OUT027,4805.3096094776865
DRH15,OUT027,2202.455539459003
FDU16,OUT017,1487.9753814448877
FDW15,OUT017,2514.6694047348205
FDQ44,OUT045,1948.4256917780128
NCI06,OUT027,4275.515821157786
DRK23,OUT019,2095.6396175038662
FDC28,OUT035,1903.3751601723018
NCY17,OUT019,0.0
NCV05,OUT018,2171.946036530519
FDM34,OUT019,225.27220753418192
DRD60,OUT027,4339.7074488756125
FDT38,OUT046,1373.648684559097
FDQ57,OUT018,2051.9955479654463
FDE59,OUT027,2102.7369466685413
NCM43,OUT046,2593.611892394223
DRI51,OUT049,2820.0066026406757
NCG30,OUT017,2059.713009213904
NCK54,OUT035,1956.8439554702281
FDQ16,OUT019,0.0
FDI36,OUT013,3179.6095922676
FDX16,OUT027,3814.467909603688
FDA34,OUT046,2816.5274170316598
FDJ48,OUT018,3664.154908144886
FDU47,OUT035,2373.0109722780085
FDS39,OUT046,2317.327694023547
FDD11,OUT046,4023.3356724317223
FDM16,OUT027,2649.9047974112955
FDU56,OUT018,2685.17678670783
FDQ32,OUT017,2120.2705277537416
DRK35,OUT013,701.5919523438336
FDA58,OUT049,3801.9453831811948
DRG48,OUT019,389.5268224977242
FDT59,OUT010,1789.747859259906
FDQ31,OUT019,0.0
FDS51,OUT018,797.1471632087524
FDW32,OUT027,2904.890069386426
FDI15,OUT027,5580.7126998855965
NCV30,OUT017,1094.3042141644141
DRG25,OUT049,3063.1778939257338
FDT02,OUT013,583.7374169075915
FDO33,OUT027,3286.540175700305
FDP38,OUT035,1048.177875341868
FDZ45,OUT035,3288.534614619448
NCA54,OUT027,4278.592297319639
FDU33,OUT017,859.9690871009193
FDN58,OUT017,3808.4456741102454
FDI05,OUT045,1142.8995110219312
FDM57,OUT019,0.0
NCS42,OUT027,2863.295251316569
FDB57,OUT045,3497.6432838155943
FDC03,OUT045,3008.611668871973
FDZ58,OUT013,1975.1991849375029
NCK29,OUT045,1907.49627804888
NCR53,OUT045,3466.6759753048636
FDE26,OUT027,3813.3124871850464
FDU52,OUT049,2553.5584283020626
FDE41,OUT027,2801.9670714849567
FDU38,OUT018,2703.680353194531
FDA52,OUT017,2887.9415697408804
FDW46,OUT046,1084.317350530761
DRI59,OUT035,3710.328485785333
FDT38,OUT035,1499.3579736035636
FDL33,OUT018,2846.3784196149836
FDQ01,OUT027,5474.441420933592
FDJ08,OUT046,3076.702486006588
FDQ47,OUT049,719.3765748661789
NCZ18,OUT013,3958.952470345336
FDE29,OUT017,1079.9417102868133
FDF10,OUT027,3781.6834772341977
FDC48,OUT049,1484.3233664909278
FDY58,OUT013,3664.5011338491468
NCX30,OUT010,1969.7934443923054
FDV11,OUT013,2862.9674992842943
FDT46,OUT046,840.097611661784
DRD01,OUT019,0.0
FDQ11,OUT013,4107.8083329132305
NCM41,OUT017,1599.2395246948652
NCC55,OUT013,618.5263960361766
FDG45,OUT027,4882.240638964937
NCQ54,OUT049,2737.8225477789333
FDM34,OUT045,2014.0074373131433
FDD17,OUT019,1860.2839074442807
FDN38,OUT027,5440.7090112549895
FDB53,OUT018,2069.780083528737
NCL06,OUT035,4246.2679439937565
NCV18,OUT019,0.0
FDX25,OUT013,2967.6071003468396
FDB39,OUT046,893.9527578692779
FDC33,OUT049,3277.2341198327804
NCO14,OUT018,439.606864626021
FDA58,OUT027,5202.656676019929
NCQ02,OUT017,3037.1800981756596
NCR53,OUT017,3673.658075010353
FDN52,OUT046,1410.2072183509295
FDG26,OUT046,4103.477327607276
FDE23,OUT027,2276.517715454988
DRI37,OUT013,982.7933085026309
DRH37,OUT018,2350.0883526376056
FDO01,OUT035,2230.337799266495
FDK45,OUT049,2135.9237869345625
FDP23,OUT049,3572.9741320217327
FDM33,OUT035,3629.9401140136524
FDD36,OUT017,2056.5529302365912
FDL56,OUT017,1529.3661112275067
FDT27,OUT010,1837.6235165517198
FDG52,OUT017,842.7825058936987
NCL42,OUT035,3966.4612196107837
DRJ24,OUT046,2924.0510943348563
FDV38,OUT046,844.6255029064176
FDT35,OUT045,2652.769086340881
FDY51,OUT045,3420.823958370232
FDC37,OUT017,1836.1849830726405
NCP43,OUT013,2902.8843106042304
FDO33,OUT045,1737.3463714239383
FDW04,OUT018,1810.4247648583296
NCC31,OUT046,2441.3427257509134
FDK22,OUT049,3537.311841548366
FDJ50,OUT017,1065.43844289912
FDV13,OUT017,1599.7916878400615
DRL60,OUT017,2513.752206780763
FDW03,OUT017,1809.569971697892
FDY27,OUT035,2943.7417741684467
FDB39,OUT027,2327.295498076542
FDU59,OUT045,2535.859745609128
FDZ57,OUT049,2179.342842801905
FDO21,OUT049,3676.622195762347
FDS43,OUT018,2757.4623195876175
FDU28,OUT010,1069.4542950759562
FDC51,OUT010,20.750188013474826
FDW16,OUT010,0.0
FDP32,OUT010,136.68996872148728
FDB60,OUT019,1232.424446691054
NCQ30,OUT046,1896.98358255911
FDD26,OUT049,3077.59885240124
FDI44,OUT045,1233.8413725838552
DRH23,OUT046,915.1075320648956
FDO44,OUT046,1817.3180934118568
FDG04,OUT046,2978.6790497192246
FDM32,OUT027,2989.814634730515
FDM09,OUT013,2729.8938295676985
FDZ47,OUT013,1645.5320536743882
FDM40,OUT027,3710.302595188767
FDY48,OUT017,1771.5137026405516
NCM30,OUT045,610.3240979228545
FDX36,OUT010,1658.0586591298998
DRF03,OUT017,770.5181561641621
FDN51,OUT049,4232.923071648978
FDM57,OUT049,1474.7451411793297
FDB35,OUT049,1653.355183311976
FDY13,OUT027,2771.354303469665
FDA37,OUT017,2167.895374484612
NCX53,OUT017,2375.355867295005
FDD59,OUT018,1077.7100098111855
FDX10,OUT019,0.0
FDC03,OUT018,2793.2607593820767
FDW43,OUT035,3780.918354152056
FDW10,OUT046,2809.2132816222966
FDY14,OUT027,5569.24331144795
FDV43,OUT045,737.9607889606132
FDO40,OUT013,2428.8849804444944
FDP46,OUT027,2930.0489668167033
NCE43,OUT019,732.2802579131783
FDD05,OUT035,2070.58411268419
FDJ60,OUT010,743.7037390210354
DRE27,OUT018,1256.251153539636
FDO11,OUT035,4133.917647774046
DRG11,OUT027,3178.4328597418366
FDK33,OUT010,1508.1163481289746
DRM23,OUT045,2630.024086392629
FDJ02,OUT027,3835.2844898351946
NCZ05,OUT045,1605.7809334219178
NCL30,OUT013,2020.1668152940842
FDZ19,OUT018,2538.242570759759
FDM45,OUT049,2038.9510673883558
FDO36,OUT046,2858.790658490439
NCK31,OUT045,764.5094925429837
DRJ37,OUT045,2357.073950253045
FDP24,OUT018,1669.051919660403
FDF46,OUT013,1883.1080347957882
FDX46,OUT019,0.0
NCL18,OUT045,2946.6041632160886
FDJ26,OUT013,3442.423101019001
FDJ07,OUT045,1812.7550375324545
FDY15,OUT013,2454.5875163336163
DRG01,OUT045,1137.3317758040278
FDF58,OUT045,1015.4624962372861
FDZ14,OUT019,20.334506729303257
FDP31,OUT049,1210.582494472903
FDH45,OUT013,792.7410894542231
FDA09,OUT010,896.2506636807784
FDW31,OUT035,3346.898277513792
FDA57,OUT046,714.7288338207181
NCE55,OUT035,2901.0397615229367
FDC17,OUT019,1468.8192889527274
FDC59,OUT013,1136.4926399418875
FDA22,OUT013,2739.2738781080225
FDK52,OUT035,3692.323517219129
NCM26,OUT046,2426.603616047342
NCT53,OUT035,2785.6326265848
FDW45,OUT018,2111.8028306614215
NCI18,OUT035,3637.457572649751
FDE38,OUT018,2383.907812964585
FDF08,OUT019,0.0
FDY58,OUT010,1728.3899637166503
FDF58,OUT019,0.0
FDX39,OUT017,3460.4816571240053
FDB44,OUT049,3499.721660797489
FDF28,OUT013,2049.0478138787503
FDE39,OUT013,1887.6421016889765
FDT37,OUT018,3770.0548580932286
FDZ45,OUT017,3266.5163044836245
FDO40,OUT035,2549.1943666470415
FDM57,OUT027,2841.1715097887027
DRG36,OUT017,2811.761516963708
FDY36,OUT010,0.0
DRL60,OUT027,3855.807883344786
FDS25,OUT019,0.0
DRF49,OUT027,3231.01348018966
FDP16,OUT045,3808.010624035987
FDS60,OUT049,3004.169796985574
FDU15,OUT027,2130.3206827410568
FDK43,OUT046,2066.2116197021114
FDN25,OUT046,1003.5516625520711
FDE53,OUT049,1787.5410587272288
FDB22,OUT013,2510.6896238220224
FDE39,OUT017,1998.4209389510254
FDX35,OUT035,3757.3226050382555
NCG54,OUT049,2756.056188206677
FDH27,OUT035,2441.930787521999
NCK42,OUT013,3413.601948964951
FDS25,OUT049,1880.8469688498067
FDI10,OUT018,2468.8413234211203
FDU35,OUT035,1787.425645555777
FDI04,OUT017,3251.607145434077
DRK23,OUT035,4121.831953521178
FDB53,OUT019,428.8706281803443
FDY02,OUT049,4195.992184819232
FDM60,OUT035,852.9960315238147
NCJ31,OUT010,1812.9128456812275
DRP35,OUT017,2130.49312874449
NCQ30,OUT018,1654.609497484826
DRL11,OUT010,612.9285599506472
FDU01,OUT013,3020.8786493035914
FDR39,OUT035,3036.8005267924627
FDO08,OUT046,2691.1174724885504
FDC02,OUT045,4098.0593713924445
NCZ29,OUT035,2175.572741636003
FDF29,OUT010,182.90068161081354
FDZ23,OUT017,3099.219888461428
NCU53,OUT018,2338.049887557022
NCW30,OUT013,4078.417301735454
NCM26,OUT027,3900.4128718589454
FDV50,OUT027,3374.605645789237
FDW15,OUT049,2462.3519142843224
FDI35,OUT027,4395.40213142941
FDO11,OUT017,4069.9013366801246
FDN48,OUT046,1520.870232799694
NCA17,OUT049,2484.4087628538236
NCN54,OUT013,1291.8903550827986
FDP22,OUT013,863.6838498891207
NCB54,OUT035,2160.683827958361
FDD08,OUT045,630.9203134473785
DRM48,OUT010,0.0
FDG41,OUT027,3214.8608341550344
FDE44,OUT027,2297.3889263393144
FDE26,OUT035,2485.3955052453207
NCS38,OUT013,1806.7723900998444
NCJ54,OUT018,3330.794486499344
FDI40,OUT019,0.0
FDN45,OUT018,3270.7451548565573
FDU43,OUT046,3844.148653269292
FDI04,OUT010,1203.8166585779572
NCC07,OUT018,1384.0382983730012
NCC07,OUT019,0.0
NCD18,OUT045,3550.151983452587
FDU55,OUT035,4283.249289269146
FDX59,OUT035,777.1415053496859
FDR52,OUT049,3115.302759678461
NCP17,OUT013,1072.7484701718993
FDQ32,OUT045,1944.3618484729673
NCT17,OUT049,3077.889016742566
FDO10,OUT049,1072.4130745845737
FDE32,OUT049,777.0690052038406
FDN44,OUT045,2508.4382781944646
FDH02,OUT035,1637.9267996617787
FDK60,OUT013,1644.4415045609132
FDS24,OUT019,0.0
FDL03,OUT010,1261.3522799227944
FDB46,OUT027,4818.845634514168
FDO48,OUT049,3649.3957774485957
FDZ39,OUT049,1798.5227510409736
FDT02,OUT027,2031.8868386226036
FDC50,OUT013,1597.1949123240759
FDP39,OUT035,1027.8582565141187
DRG15,OUT018,708.7675053997411
FDP10,OUT018,1396.76292607196
FDF53,OUT027,4327.022908431192
FDN34,OUT045,2650.8405609888196
FDK02,OUT045,1904.3858379974758
FDC23,OUT045,2782.149264553136
FDJ10,OUT019,324.007044132999
FDE53,OUT035,1866.5261285563192
FDR25,OUT035,4383.638518451053
FDW50,OUT046,2605.8783795116224
FDS09,OUT049,958.5789643997693
FDW49,OUT010,951.5746490717723
FDU51,OUT046,2860.095460438578
FDF28,OUT018,1740.5472265145238
NCY30,OUT018,2546.7199314197005
FDD44,OUT045,4073.421979114978
FDX09,OUT017,2929.365011489178
NCF30,OUT013,1999.8894979362508
FDZ50,OUT019,1006.5281257735348
FDW37,OUT013,1512.8964165301581
FDD11,OUT049,4161.916440188305
DRH39,OUT018,947.4986385496542
FDA36,OUT049,3054.5000929546395
NCG43,OUT049,1554.1890065127718
FDF02,OUT035,1854.1343211573096
FDP57,OUT027,3102.4861353302013
NCE42,OUT017,3745.7003956182966
NCR38,OUT027,5397.168984011885
FDP03,OUT019,128.78714519502068
FDO51,OUT035,889.2448772879326
NCQ42,OUT046,2024.8641104644278
NCM41,OUT046,1475.2759855576164
FDH48,OUT027,2853.437306444107
DRF60,OUT046,3722.4553074731753
FDJ27,OUT035,1795.7905913133743
FDQ14,OUT013,2406.525235116303
FDN27,OUT017,2038.1881496310803
NCQ02,OUT046,2967.6799079260886
FDJ33,OUT049,2101.166342279098
FDP07,OUT027,4604.648011494086
DRE01,OUT049,3872.6253387127053
FDU36,OUT045,1568.1359220125419
FDL28,OUT017,3714.589590264395
NCX53,OUT046,2257.598669762086
FDZ39,OUT013,1736.9538627638685
NCP42,OUT013,3100.5687109070273
FDJ14,OUT035,1515.0214881403185
FDK04,OUT049,1011.1125397510777
NCC19,OUT017,3147.258159805431
FDS09,OUT018,588.4982737395501
FDZ02,OUT046,1584.407343516728
FDD35,OUT018,1716.40588722353
NCY42,OUT017,2377.0025553273617
FDB05,OUT045,3821.636996298223
FDF20,OUT035,3297.383852474592
NCO41,OUT018,1295.514998650182
FDC40,OUT027,2714.4158927157364
FDV58,OUT045,3057.962536813573
FDZ57,OUT045,2016.815221524654
DRM35,OUT046,2852.544432468554
DRN36,OUT018,1230.9801721492393
FDQ13,OUT046,1422.893863737274
DRO35,OUT010,0.0
NCD43,OUT035,1797.0654398133152
FDA51,OUT018,1510.0526412206736
NCX17,OUT027,5116.528105753436
NCZ17,OUT049,757.902818943763
FDR11,OUT027,4003.592993419133
FDW34,OUT049,3948.6607054740457
FDN50,OUT017,1658.0049309088533
FDS09,OUT046,843.3663998582379
FDS48,OUT018,2158.5746901022603
FDL44,OUT049,2750.7127326918658
DRF48,OUT018,2683.4451925766916
FDA14,OUT018,2051.889651252114
NCD30,OUT049,1627.0828129947304
FDI16,OUT017,943.9514878074399
NCG06,OUT035,4194.968202675254
DRZ24,OUT035,2053.619197952671
NCS17,OUT045,1456.1207561302876
FDB37,OUT045,3771.1331868151565
FDE10,OUT035,2227.9591697910096
FDC57,OUT045,3024.101021221639
FDM12,OUT018,2726.1678703519965
FDE24,OUT049,2357.990858579824
FDW22,OUT045,3421.1556421072664
DRD01,OUT027,2319.0831354951006
NCZ18,OUT027,5399.458559448147
FDN49,OUT045,645.5390736010906
FDR22,OUT035,1977.8261853879833
FDV08,OUT019,0.0
FDY39,OUT046,2972.655024305376
FDV36,OUT049,2140.1838255278553
FDO60,OUT045,716.7637030716955
FDU04,OUT027,3414.8575867617274
FDR20,OUT027,2292.3664319370737
FDW19,OUT019,0.0
FDU40,OUT049,3176.344690160864
FDK15,OUT045,1526.3677803905343
DRF15,OUT035,2566.8086198198816
FDQ25,OUT017,2917.639280959268
FDI48,OUT019,0.0
FDS49,OUT046,1300.9557418648694
FDV22,OUT046,2532.6074179689995
NCV42,OUT046,1728.1055755906282
FDX26,OUT046,2893.4833284079887
FDI33,OUT018,1191.6054361176225
FDZ14,OUT049,2012.4606704280816
FDG10,OUT013,982.3184927268346
FDM38,OUT018,611.3065217146382
FDG26,OUT027,5543.051420890819
FDH46,OUT035,1794.2068031384993
FDN13,OUT018,1351.4487869107302
FDU57,OUT035,2534.8862635256387
NCI06,OUT046,2820.367988757028
FDM38,OUT045,848.4622058232884
NCG42,OUT010,114.84962586967004
FDL39,OUT045,2760.379435390455
FDT31,OUT019,1194.6019364852707
FDV59,OUT013,3495.188893215668
FDB49,OUT035,1793.9077260684971
FDD58,OUT049,1740.5221764824769
DRN59,OUT046,765.456292000766
FDX48,OUT049,2568.7625263736095
FDQ11,OUT049,4152.229413264569
FDY12,OUT049,979.5505952374373
FDQ11,OUT045,4005.2888662356186
DRI11,OUT017,1974.942333877239
FDY32,OUT027,4086.9080606328607
FDS51,OUT045,961.104705773917
FDR19,OUT010,405.0087741316995
DRB13,OUT018,2725.320450439448
FDS21,OUT035,1187.5019193743306
FDQ40,OUT045,2726.342024743912
NCE55,OUT013,2780.7417824884033
FDX43,OUT027,4126.458537937029
FDS12,OUT049,2113.6481546368777
DRK01,OUT027,2961.8002372556402
FDN25,OUT017,1055.870266372191
FDB60,OUT046,3122.2878402595798
FDQ13,OUT017,1518.8585202065365
DRK13,OUT045,3023.005152174553
DRF25,OUT018,316.64138333112714
NCD42,OUT019,0.0
FDW25,OUT045,1357.1647662319406
NCV29,OUT027,4300.561858966616
NCK42,OUT035,3509.002798076763
DRJ13,OUT027,3955.050262751224
DRD15,OUT017,3778.6660911260155
FDM27,OUT045,2430.733190957403
FDZ50,OUT018,2620.420442781625
FDC04,OUT046,3806.7222452207106
FDF50,OUT049,3241.94632163768
FDP15,OUT045,4022.1350820680414
FDK46,OUT035,4241.8659873710885
FDZ56,OUT018,2467.830937954222
FDY60,OUT049,2417.4151013628425
FDB10,OUT035,3894.872728436377
FDR57,OUT045,2423.0877944292415
FDU58,OUT049,3079.0899493353713
FDH02,OUT046,1493.535659420917
FDP48,OUT013,2951.739680806443
FDI46,OUT035,4128.872278256476
FDW56,OUT013,3144.3143421550576
NCM19,OUT010,0.0
FDS50,OUT027,4922.535427580515
FDK24,OUT013,795.555710084439
FDO36,OUT017,2992.11004212882
FDK45,OUT027,3502.301183404174
NCL05,OUT045,677.6020846113744
FDL32,OUT018,1583.021192382037
FDA28,OUT049,2112.4027779257203
FDY36,OUT018,971.9111711617134
FDP32,OUT018,1807.4950183693584
FDL50,OUT046,2026.1017275658724
DRC24,OUT049,2505.984702988827
NCS18,OUT017,1799.874602929942
FDD16,OUT017,1332.8681320413734
NCV18,OUT013,1365.1164197280102
FDX07,OUT046,2980.8298480817057
NCZ05,OUT027,3123.7971403618767
NCI31,OUT013,638.484345046749
FDK14,OUT049,1501.4322170667547
NCR06,OUT045,628.047085594125
NCF54,OUT049,2817.0100978932473
DRG23,OUT010,479.2358195659392
FDD53,OUT046,732.1961146930996
NCM31,OUT027,3665.2757701298533
FDT16,OUT017,4230.427886148447
FDR40,OUT035,1436.0901980978415
DRG25,OUT017,3023.663686696556
FDT10,OUT035,1152.5206372791658
FDY32,OUT013,2676.025122056801
FDN50,OUT035,1706.4479858106401
FDZ35,OUT019,0.0
NCP54,OUT045,1853.819423396838
NCD07,OUT035,1909.076214636475
FDS02,OUT018,2798.5297277695245
DRN59,OUT018,533.9546490525377
DRB24,OUT013,2499.077581747636
FDP37,OUT027,3493.911074631336
DRB01,OUT018,2719.351271224098
FDR47,OUT046,3127.075541976998
NCM31,OUT010,322.58165607103956
NCF06,OUT027,5507.795250089214
NCV17,OUT027,3531.0695850905718
FDS10,OUT049,2949.494759660693
FDN52,OUT035,1540.5898388496803
FDZ48,OUT013,1872.6516405525626
FDJ48,OUT049,4048.236616709912
DRB13,OUT027,4460.148817342346
FDV59,OUT017,3567.030499627425
FDL32,OUT035,1974.5300602355355
FDZ12,OUT035,2428.455899095006
NCR06,OUT027,2124.2019821369804
FDP51,OUT017,2045.7705582644276
FDY22,OUT013,2298.209730512517
FDZ38,OUT049,2793.0423462642193
NCO54,OUT035,1023.1362345816027
FDR23,OUT035,2949.5441826278065
FDM38,OUT049,1045.226564467519
FDS25,OUT013,1870.7097360364294
FDZ22,OUT013,1403.7162613819382
FDZ20,OUT019,2181.667613581334
FDD45,OUT010,0.0
FDN03,OUT049,4061.8425844460216
NCW30,OUT046,4054.3384191780483
FDY24,OUT027,2385.1212880029348
FDJ26,OUT019,1495.8598461241245
FDM15,OUT049,2552.9504729956598
NCW54,OUT027,2363.9739656694674
FDA23,OUT045,1576.767069350715
FDA39,OUT019,0.0
FDZ12,OUT017,2420.411454041349
NCB42,OUT046,1863.760117476619
FDL16,OUT046,757.172204887184
FDO24,OUT019,661.9779094365015
NCP42,OUT046,3036.008965002888
FDR19,OUT018,2104.850838867507
DRL01,OUT045,3602.761739861447
FDV37,OUT046,3197.782595045777
FDI41,OUT010,420.84744899462635
FDF58,OUT049,1143.7149102154115
NCF43,OUT018,1954.1168277284978
FDN02,OUT049,3403.866578380914
NCP41,OUT035,1879.2897992738654
NCY17,OUT027,2191.0675260246644
FDL58,OUT027,5638.756075216341
NCA30,OUT027,4384.099191637637
FDE46,OUT018,2140.891863615231
FDY38,OUT035,3760.779842352705
NCH29,OUT027,2999.9859319077696
FDO20,OUT045,3975.5081208797083
FDP44,OUT018,1431.7170556258918
FDM02,OUT027,2940.200950932289
FDJ14,OUT027,2800.8684234089105
FDH04,OUT010,0.0
DRK23,OUT046,3997.6790933027755
NCW05,OUT046,1698.9667164436578
FDF12,OUT049,2456.891990976639
FDL51,OUT019,1442.1326648043523
FDN03,OUT018,3698.019906185972
DRJ37,OUT049,2479.1031034770313
FDM12,OUT019,1111.9656216005023
FDA16,OUT045,3439.360705229089
NCB07,OUT017,3182.5033726444863
NCI17,OUT019,0.0
FDR51,OUT046,2389.2969188007723
FDJ55,OUT045,3527.2651818257063
NCZ17,OUT013,682.3483127668175
FDU25,OUT013,1067.8112777970632
NCG18,OUT045,1576.7329809745959
DRM11,OUT017,4204.003942588952
FDH16,OUT035,1622.9326991740757
FDZ04,OUT018,736.9831781349524
NCX53,OUT035,2417.55412488008
FDX38,OUT027,2232.2189746094236
FDX09,OUT046,2821.001253691715
NCW05,OUT018,1436.2642131711932
NCS41,OUT017,3030.6375622275364
FDI26,OUT046,2876.393658090581
NCZ41,OUT027,3460.1569930413525
NCK06,OUT046,1940.1408606412588
FDX23,OUT027,3037.8498996306166
NCA42,OUT046,2479.6591669995596
FDC20,OUT049,1053.610437232101
DRC49,OUT018,1999.3976699249592
FDX01,OUT013,1963.3346049939992
FDC08,OUT045,3555.2651826254228
FDC02,OUT017,4236.587120488806
FDK10,OUT045,2788.022293718293
DRC24,OUT013,2459.9880372363596
FDW16,OUT019,0.0
NCU06,OUT018,3307.0035324394767
DRA59,OUT045,2827.3372656601887
FDR24,OUT019,0.0
DRL35,OUT018,464.60478876320576
FDA49,OUT013,1482.7581861594479
NCC55,OUT046,589.7687307501465
DRD24,OUT019,376.70553690397537
NCE55,OUT049,2856.2743151184745
FDT33,OUT045,2624.9590500636505
NCT53,OUT013,2638.857305151505
FDS26,OUT046,4073.8227634399655
FDL22,OUT018,1215.5924591556454
FDP44,OUT017,1836.9700189956397
FDC52,OUT018,2088.597441219601
FDI53,OUT010,607.6665775565616
FDZ23,OUT046,2992.415381201762
NCT18,OUT013,2895.778042254119
FDR13,OUT046,1928.0553611150317
FDB09,OUT010,137.2375979135329
FDZ60,OUT013,1794.7875848243023
FDB11,OUT046,3613.615981798081
FDC10,OUT018,1650.4157313327196
FDW56,OUT035,3269.290021028456
FDK14,OUT027,2866.852060870065
DRE27,OUT027,2986.6204613328514
FDA38,OUT017,3886.9692974165205
FDT11,OUT045,2957.5806734100443
FDP15,OUT035,4226.283269461401
FDV27,OUT035,1595.531341020983
FDS36,OUT027,3228.0136045604177
FDY40,OUT027,2243.9902502473806
NCF19,OUT049,903.5855073476936
FDF53,OUT045,2813.6455733515736
FDS14,OUT027,3916.3876235611856
FDE56,OUT046,1084.9242352347687
FDZ19,OUT035,3013.8029253213635
FDZ46,OUT013,1839.9315312764606
FDR16,OUT046,3356.5371922738213
FDG29,OUT018,430.00668410491323
NCE30,OUT017,3455.3209758668854
FDZ40,OUT046,878.9813122496716
FDG58,OUT018,2203.5046490727054
DRH03,OUT013,1567.7041737393724
FDZ47,OUT045,1552.3481001515293
FDV04,OUT018,2210.7625329290104
FDZ10,OUT018,1755.2046340092438
FDG46,OUT017,1937.5315201130252
NCF07,OUT045,1502.9185707414308
FDY44,OUT035,3290.192228690457
FDB21,OUT013,3898.8160585792402
FDS20,OUT035,3093.560126620321
FDS49,OUT049,1437.9657717015853
FDX55,OUT027,4976.882140825432
NCQ02,OUT018,2659.930961758941
FDR25,OUT013,4241.544692804529
DRG39,OUT045,828.4354350989204
FDB46,OUT046,3380.7833435134235
NCC30,OUT018,2539.180740707217
FDE58,OUT035,2073.8153003705065
FDC05,OUT019,1228.682720368741
FDY15,OUT046,2455.39521208675
FDG14,OUT046,2438.6914953312366
FDL08,OUT049,4002.0576408470474
FDQ47,OUT013,622.0637185024334
FDN12,OUT035,1932.8374829980069
FDW10,OUT013,2869.110526063569
FDD02,OUT035,2082.00946025096
FDX35,OUT010,1730.2414566039956
FDT35,OUT046,2720.3076694553138
DRN47,OUT019,991.6923960665283
FDB11,OUT010,1694.3464114315532
FDN20,OUT045,2667.539493425751
FDB59,OUT035,3321.327099780471
FDJ58,OUT045,2678.3158343350783
FDU60,OUT046,2708.7339368867433
FDS03,OUT049,1209.3023260774085
FDU40,OUT019,1165.3697538816432
DRH15,OUT049,854.672563963683
FDD04,OUT027,3711.2624600439453
FDQ01,OUT046,4033.206183019677
FDF28,OUT035,2141.3319089406505
FDD22,OUT010,0.0
FDY19,OUT046,1946.0326293455028
FDN33,OUT035,1643.9951540680008
FDV36,OUT035,2194.2578873086695
FDW01,OUT010,558.1048764496652
FDJ28,OUT049,3150.595988996626
FDB17,OUT035,2988.38745049566
FDM40,OUT049,2321.981187447782
FDV46,OUT045,2182.146603213901
FDQ44,OUT049,2072.0096177724117
NCD42,OUT046,639.3329549718525
DRH37,OUT046,2594.0286798162097
FDR10,OUT018,2343.0656101038003
NCD06,OUT027,2183.622084702671
FDI53,OUT046,2547.268058687101
FDG16,OUT035,3558.2309088625416
DRB25,OUT046,1706.7734305731
FDY09,OUT046,2799.839764586198
FDX48,OUT045,2396.9137275607363
FDC03,OUT010,1161.7538278727056
FDT47,OUT035,1726.3416841935166
FDW44,OUT027,4221.13356355633
FDT24,OUT017,1338.5267744960447
FDT12,OUT019,1729.0029997826987
NCS38,OUT035,1924.0004210801017
FDO39,OUT035,3060.1147739818452
FDA13,OUT046,704.6382363279782
FDO48,OUT035,3669.217627021394
DRJ01,OUT017,2612.1222393452535
FDD53,OUT018,397.95211413435777
NCT05,OUT049,4139.574620039586
FDQ51,OUT045,727.9657856546795
FDU60,OUT013,2715.694044996034
FDC59,OUT046,1073.483976961576
FDP36,OUT035,1030.2216463012287
NCM19,OUT017,1879.519080923273
FDL16,OUT035,868.8729787471563
FDE50,OUT018,2763.9885500213977
NCR18,OUT013,751.4165134692703
NCD30,OUT035,1690.4986078011398
FDH31,OUT013,1680.4877399320687
FDD56,OUT019,891.6771855012059
FDC47,OUT049,3728.7947557908924
FDZ21,OUT045,1473.891512830522
FDM01,OUT049,1777.0820035258548
FDF24,OUT013,1407.5927974364222
FDW23,OUT017,784.3074499833444
FDY52,OUT018,737.9312612598947
DRH37,OUT027,4035.1587871826864
DRO47,OUT027,3267.140763534846
FDR25,OUT049,4335.756169236067
FDQ24,OUT027,5434.290595344125
DRJ51,OUT018,3364.65109093459
NCU06,OUT035,3743.62592200987
NCV18,OUT018,1008.2908485900136
NCC06,OUT027,3461.4491111674356
FDZ01,OUT018,1461.1802298503028
FDT14,OUT017,1993.5746389844176
FDD11,OUT019,2134.742475132517
FDN09,OUT017,3971.0451317511647
NCO18,OUT010,880.2238215877046
FDZ50,OUT045,2813.9770771258136
FDS44,OUT013,3851.845167648256
FDI36,OUT045,3087.9914048515607
FDA26,OUT010,1504.7100880809915
NCY53,OUT049,1901.5217383620784
FDF32,OUT049,3308.0572323549422
FDF59,OUT010,142.96270229450965
FDB20,OUT046,1297.1270109573074
DRH11,OUT035,1090.7171596276526
FDT03,OUT049,3082.3135992345615
NCH06,OUT035,3978.9876583272085
FDR55,OUT049,3117.9845749556853
FDI10,OUT035,2878.999068477852
FDZ12,OUT045,2200.9461195832655
FDM12,OUT049,3099.3572841766613
DRB25,OUT045,1640.7962090845808
NCS41,OUT013,2927.6638331039762
NCT53,OUT049,2684.843834217226
NCD55,OUT013,679.6151016591205
FDY08,OUT049,2386.8188359598907
NCP55,OUT049,992.1380767156808
FDA33,OUT013,2403.4824674029232
FDQ33,OUT013,2404.9824882628486
FDE45,OUT027,4358.082420685148
FDT26,OUT013,1940.5666459577565
NCV53,OUT049,3875.5898800850055
FDK60,OUT027,3042.843166701179
NCJ29,OUT046,1354.0337523542225
FDI15,OUT045,4070.376888827128
FDX21,OUT013,1813.1963613243515
FDV49,OUT019,2313.3447463403336
DRO59,OUT046,1259.164884558736
FDZ14,OUT045,1867.0787854574426
FDP32,OUT027,3515.994207897488
FDC33,OUT017,3304.6304484116163
FDT14,OUT010,0.0
NCN54,OUT027,2699.580543353644
FDR57,OUT027,3939.5036929021157
DRK12,OUT046,547.1370686500833
FDX52,OUT049,3185.302520153229
FDX08,OUT010,993.6608106456299
FDP10,OUT010,0.0
NCP50,OUT045,1201.6122113628153
NCL06,OUT013,4094.8246510458744
FDP25,OUT013,3557.700148665507
FDE53,OUT013,1715.077538199242
FDL27,OUT017,1230.6437387701494
FDC35,OUT049,3425.107720346599
DRJ47,OUT010,813.6369587819632
FDD16,OUT018,958.7411870937495
NCN42,OUT049,2413.604222929235
FDC38,OUT027,3611.359533117829
NCO07,OUT045,3280.363896734901
FDQ20,OUT049,812.5546371504088
FDI32,OUT046,1852.2790280617512
FDN20,OUT010,852.7417759164985
DRJ51,OUT027,5073.1508076878345
FDU08,OUT045,1564.281767157132
DRN37,OUT019,730.9884488342855
FDD05,OUT010,41.9389899323935
FDW15,OUT046,2400.0674891568447
FDI52,OUT046,1978.597117118883
DRM11,OUT049,4229.535269587566
NCO06,OUT045,440.59317328784914
FDU38,OUT049,3086.2171272431406
FDU59,OUT018,2314.271978717953
FDJ10,OUT046,2212.1242654016883
FDM13,OUT049,2255.0082191668535
NCJ30,OUT019,726.0836797603479
FDM45,OUT018,1678.208672581423
FDP36,OUT045,784.0335205827394
NCD30,OUT010,0.0
FDN48,OUT017,1643.246636987851
FDY32,OUT049,2703.2932319786364
FDU47,OUT046,2278.438272227534
FDF17,OUT019,1239.2927968390582
FDP34,OUT017,2598.992068360716
FDA47,OUT049,2713.9868429669323
DRD27,OUT027,3047.393290676131
FDW38,OUT045,786.3253275745184
FDZ15,OUT019,8.707225739495925
FDZ03,OUT027,4390.669285358967
NCN19,OUT049,3084.3377767138845
FDG02,OUT035,3217.923208764007
FDS31,OUT035,3095.398782443099
FDW43,OUT019,1769.295316574273
FDZ47,OUT010,0.0
FDO57,OUT017,2666.4811618751237
NCL07,OUT013,683.8003844754129
NCV42,OUT013,1780.212232096026
FDP40,OUT017,1912.0435254093331
FDP48,OUT019,1057.467460851455
FDH21,OUT017,2867.151040155153
NCP02,OUT049,1050.4962104570673
FDK24,OUT049,880.4863396051483
FDC41,OUT045,1139.041943097171
FDF08,OUT017,1553.9528304888915
FDO49,OUT017,1010.3237683279453
FDS56,OUT027,5622.934639877381
FDX46,OUT018,730.6031337662037
FDQ07,OUT013,3566.8670439075036
FDC32,OUT010,0.0
FDT21,OUT019,2036.1021781454663
FDG58,OUT045,2406.405715827787
FDW14,OUT049,1466.8276858109675
DRA12,OUT027,3671.888244933093
FDV27,OUT013,1497.019789098279
DRD25,OUT013,1816.1444520315165
DRF48,OUT027,4391.886080341103
FDX24,OUT017,1634.9176603958074
DRJ51,OUT046,3628.865904390673
FDE45,OUT045,2844.7592568922673
FDE14,OUT046,1685.0327514673174
FDG53,OUT045,2133.634002295783
FDT08,OUT046,2429.6643385449015
DRC27,OUT027,5349.685152944354
FDG20,OUT035,2991.367901969832
FDC21,OUT046,1799.0187318294343
FDV31,OUT018,2582.0178781155537
FDB58,OUT045,2200.5480860140547
FDV23,OUT046,2015.531532799504
FDA25,OUT019,0.0
FDC15,OUT046,2476.91357378504
FDU47,OUT049,2329.8075625736637
FDE23,OUT013,856.3566958034498
FDS08,OUT013,2896.496130936546
FDW03,OUT027,3164.0762408158516
FDJ60,OUT018,2344.4913925554
FDM34,OUT017,2180.560773248332
FDW33,OUT013,1731.8069603558029
FDZ40,OUT013,931.0892981207467
FDE33,OUT018,1087.42337507312
NCC06,OUT010,100.55099968292802
FDU11,OUT046,1937.0157124082616
FDL44,OUT017,2759.4683133974577
NCZ29,OUT017,2131.752669466151
FDG28,OUT010,1954.5912560084707
FDL12,OUT018,717.6101794907399
FDD52,OUT017,1806.1617038501208
FDO15,OUT013,1248.2954335958552
NCN29,OUT027,2275.959298418077
FDW36,OUT013,1788.9969818691804
FDB21,OUT046,3829.5654451519936
FDZ28,OUT013,2089.621671993126
FDY10,OUT035,1995.0326044211909
DRG39,OUT017,988.7777779260413
FDN28,OUT013,1685.9468490646075
FDV15,OUT035,1837.9688085733353
DRI13,OUT035,3578.3240549220814
FDH20,OUT046,1611.055185123168
FDY51,OUT013,3540.476621436356
FDE16,OUT013,3322.9564137397465
FDX40,OUT018,343.853617514412
FDC48,OUT018,1064.4509802827986
FDS14,OUT046,2458.123955196851
FDX56,OUT017,3460.805382046923
FDI10,OUT046,2726.8213092561564
FDI14,OUT013,2345.8749924539406
DRM48,OUT013,618.9717301125836
NCH07,OUT027,3934.1067116251706
FDY26,OUT013,3345.2161786504585
FDD02,OUT027,3408.336672209846
FDM12,OUT046,3007.4954509526033
DRF01,OUT010,350.72071891103224
FDV36,OUT046,2056.094262995325
DRI59,OUT013,3574.457991171399
FDV03,OUT018,2243.681406871364
FDO39,OUT017,3022.598465757568
NCB07,OUT018,2819.286788648037
FDH38,OUT027,3368.2837474155626
FDZ13,OUT035,1000.0977848758955
NCZ30,OUT046,1931.2610530586821
NCA06,OUT035,700.0398392092363
FDB04,OUT049,1475.7651270582146
FDN50,OUT013,1589.251736550982
NCG06,OUT049,4120.653096950829
NCY17,OUT018,454.4210569130121
FDC23,OUT046,2890.144441704677
FDK33,OUT049,3475.803913558925
FDR03,OUT049,3431.8294544311443
FDZ07,OUT045,1015.2563580169447
FDO38,OUT013,1354.8548537396562
FDS59,OUT046,1770.778154488794
DRM11,OUT019,2205.3086432270106
FDX52,OUT027,4529.8924438114045
DRJ35,OUT018,709.6637891102814
NCP53,OUT046,3782.797765039292
FDW15,OUT019,500.33635057282413
DRI47,OUT045,2234.8248162924056
DRZ11,OUT035,2088.40105891902
FDS02,OUT013,3099.220369176148
DRD49,OUT018,3449.525191200322
FDW38,OUT049,927.0442926930662
FDR21,OUT019,931.8874668217171
FDE40,OUT013,1043.9136684940104
FDI02,OUT045,1749.4782268675517
FDQ04,OUT045,592.3628794667844
FDY14,OUT017,4261.35775274532
NCT54,OUT046,1514.1236895470302
DRD25,OUT017,1881.7217475989482
DRE01,OUT045,3714.7777249780243
FDJ12,OUT010,1425.1086341251853
NCZ05,OUT049,1763.6191402354598
DRB25,OUT019,0.0
NCC31,OUT045,2404.965442299712
FDM16,OUT045,1161.5009775478754
DRG11,OUT049,1802.655614615982
FDV24,OUT027,3836.6088124752805
FDV43,OUT046,799.2699652834575
FDG05,OUT018,2183.777534809047
FDV23,OUT010,92.8378037897437
FDI58,OUT018,1218.0045258309615
FDQ11,OUT017,4202.980564806965
FDC05,OUT027,4567.787805812011
FDF40,OUT013,3924.05332943786
FDU02,OUT018,3291.442735797414
FDT32,OUT013,3042.6901114951997
NCF06,OUT017,4195.334309498658
FDT46,OUT013,899.9841338537003
FDR58,OUT010,0.0
FDY04,OUT046,2581.775521935104
FDT58,OUT045,2588.4603388532882
FDE46,OUT049,2537.4103110374663
DRH11,OUT017,1034.4372139552543
DRI51,OUT046,2721.9092191398468
FDC35,OUT017,3393.30053787792
FDP45,OUT035,4144.676601568353
FDC45,OUT017,2832.286926731588
FDU01,OUT045,2909.0466701226283
FDJ53,OUT010,12.736272512852338
FDJ46,OUT017,2875.028721910401
FDX07,OUT013,3028.2644352280713
NCI30,OUT049,3979.558278552512
FDE47,OUT027,3481.1856657494513
FDV48,OUT045,1229.7569009302892
FDN16,OUT019,0.0
FDM52,OUT013,2364.1942315917972
FDA32,OUT027,4947.217044238046
FDH05,OUT017,3756.739418901036
FDW25,OUT010,0.0
FDQ09,OUT046,1842.1429849224778
NCM17,OUT010,0.0
DRM59,OUT046,2471.8165359119002
FDV47,OUT027,2839.503159981223
DRE15,OUT035,1360.8942074315114
FDS25,OUT010,0.0
NCZ05,OUT018,1399.776697049652
NCV05,OUT019,566.2637382326789
DRM37,OUT046,3093.515090876965
FDV58,OUT027,4527.793079581008
FDN22,OUT027,5434.231411703008
NCO06,OUT049,614.0049507690873
FDT56,OUT019,0.0
FDM02,OUT013,1504.4477690913252
FDA09,OUT046,2860.645858089086
NCC06,OUT035,2139.812449156916
NCL54,OUT049,2855.084431457601
NCB55,OUT017,1028.7160326350895
FDB12,OUT017,1813.0764954369165
NCA54,OUT049,2907.5408751795476
NCS38,OUT049,1915.0569173878966
FDC02,OUT049,4241.886162007226
FDK44,OUT019,889.9785980684782
FDE16,OUT035,3427.6972716395544
NCS05,OUT035,2261.921716010955
FDZ59,OUT045,2597.7978075988963
FDI20,OUT017,3531.082420674398
FDQ14,OUT046,2376.2109432036377
FDF53,OUT017,2972.4035879923513
FDW25,OUT017,1536.1933906236259
NCQ43,OUT010,0.0
FDX52,OUT013,3078.5931965203195
FDE28,OUT045,3522.901354082876
FDN15,OUT017,2351.1558251749875
FDO28,OUT017,2010.2740648096028
FDQ33,OUT045,2342.9308543408397
FDM22,OUT010,0.0
FDJ03,OUT017,886.2516692737489
FDI16,OUT045,800.7972467964871
FDI09,OUT027,5442.1414065897825
FDX55,OUT013,3531.8009465731884
FDS23,OUT027,3514.059989505199
DRC12,OUT045,2957.9415189010765
FDH41,OUT049,3504.4366888237523
FDN01,OUT013,2840.63890634104
FDV55,OUT045,2277.641092507736
NCJ19,OUT013,935.980354568202
NCY29,OUT010,0.0
FDP03,OUT018,1716.888677268203
FDZ52,OUT045,1693.6357032649332
FDH31,OUT010,0.0
FDQ19,OUT018,3597.1136216090767
FDS15,OUT035,1872.0905338824123
FDN32,OUT017,3063.0397164923247
FDH32,OUT049,1737.1644418169274
FDF33,OUT017,2077.9764973349793
FDJ22,OUT046,3030.628625832384
FDG56,OUT010,0.0
FDC05,OUT046,3093.911772345516
FDK09,OUT013,3631.200161966724
NCV29,OUT045,2737.4389833247333
NCC43,OUT019,2007.0550270026997
NCA42,OUT049,2563.748092924172
FDC10,OUT046,1908.3916129426475
FDC16,OUT013,1430.8367133252145
NCL17,OUT013,2269.8593903370756
FDA51,OUT035,1932.7328431512271
FDW01,OUT017,2581.463259915699
NCF30,OUT045,1928.47803579139
FDN49,OUT013,760.5439466445641
FDY20,OUT045,1433.6095912231115
FDC15,OUT045,2373.5299979023794
FDY24,OUT046,897.2022744711651
NCG43,OUT017,1592.5589710779875
FDA48,OUT013,3572.7959147510724
NCF55,OUT017,704.3025156901917
FDL38,OUT049,1606.3172368138316
NCQ29,OUT018,3792.5964585404517
FDC34,OUT017,2589.922322242758
FDP36,OUT027,2331.595369759186
FDN50,OUT010,0.0
FDO23,OUT049,1635.1140811924233
FDT56,OUT013,1036.078565052364
FDT13,OUT027,4496.280983198249
FDZ03,OUT013,2976.7093812748444
FDQ03,OUT010,1825.1670770360374
FDU44,OUT045,2554.28393408311
FDD03,OUT049,3718.5331024020975
NCH30,OUT013,1798.1301528812962
FDS60,OUT010,968.4915771456789
FDG08,OUT046,2763.021194724721
FDX38,OUT017,874.6097777925804
FDD22,OUT017,1930.018154018557
FDW51,OUT013,3400.5809647455253
FDL09,OUT017,2795.6379172201136
FDZ60,OUT045,1679.7857686655893
NCH07,OUT046,2492.9315358088998
NCQ41,OUT049,3221.478560914205
FDW04,OUT049,2143.1285376776905
FDI08,OUT027,5434.0734531467115
FDR19,OUT019,467.5238147819406
FDV13,OUT046,1450.9090282788816
FDB52,OUT017,4133.92147134075
FDZ48,OUT027,3264.8125064167803
NCO14,OUT049,834.5747563495432
FDZ50,OUT013,2928.957887228553
FDN27,OUT019,8.800818807826545
FDQ60,OUT013,1999.6717212238477
FDR49,OUT017,915.259430836808
DRJ35,OUT027,2483.4871109036812
DRI49,OUT017,1399.3058881607408
FDB47,OUT017,3437.7220840263576
FDP37,OUT010,115.53293525731556
FDR26,OUT049,2871.7246603438834
FDY31,OUT019,480.12005300701026
FDC11,OUT045,1407.3263384887307
DRP47,OUT035,4088.036023642285
NCY54,OUT018,2385.6459792332503
FDR27,OUT046,2140.695095458073
FDQ21,OUT019,88.24321281403559
NCQ29,OUT035,4265.051333684662
FDJ02,OUT046,2400.3938672449467
FDE21,OUT018,1615.1461068521278
FDM39,OUT046,2804.2269034352194
FDZ01,OUT017,1802.6195938501398
NCB19,OUT018,1078.9572056560228
FDU03,OUT046,2908.1018148946414
FDP27,OUT049,3094.7957942409835
DRF01,OUT045,2211.7781332123186
FDM03,OUT049,1846.1590597046138
FDV01,OUT046,2524.804806859036
FDS16,OUT046,2324.511220199973
FDO45,OUT035,1601.0645713180816
NCX06,OUT035,2988.268049122181
FDP13,OUT046,697.481281317652
NCR38,OUT018,3663.7169540759405
FDA01,OUT013,1032.6738118559795
FDT26,OUT017,1968.7907389700522
FDD44,OUT027,5577.451234231801
FDB26,OUT013,978.8580078824795
FDP45,OUT019,2071.2107252427404
NCP55,OUT046,928.284275484245
FDT23,OUT017,1396.12349258643
FDO51,OUT045,661.7597519309812
FDA44,OUT046,1002.6523617197852
NCJ31,OUT018,3473.5178732634477
FDX37,OUT045,1582.1823093562425
NCD18,OUT049,3692.825596931691
FDN40,OUT027,3894.617210855291
FDL33,OUT017,3197.133111996154
DRF48,OUT035,3118.493088568645
FDW08,OUT035,1872.8366478959956
FDX39,OUT018,3123.7247930450794
FDB38,OUT049,2719.982419754103
FDY46,OUT018,2686.9926115903827
NCB06,OUT049,2610.8049782863213
FDA34,OUT035,2940.67830835959
FDA35,OUT045,1887.0660256563435
FDQ07,OUT035,3659.145330742515
FDU32,OUT045,1946.5417445653336
FDU26,OUT013,1948.8101288564812
FDU13,OUT010,428.10057956235494
FDO09,OUT035,4302.072104581086
FDW03,OUT019,0.0
FDB38,OUT013,2641.293755629312
FDL26,OUT010,593.1646398551934
NCN43,OUT045,1903.3249461550151
FDH08,OUT045,3646.068911863886
NCC31,OUT019,583.8021601838731
FDH14,OUT035,2423.1699268247844
FDL40,OUT017,1696.5976466895377
FDD20,OUT035,2172.8919291550383
NCV53,OUT035,3945.2308263273194
FDD16,OUT045,1128.9279917005915
FDP24,OUT035,2088.554798271801
FDQ25,OUT045,2732.3769163939123
FDM38,OUT035,1066.6263003087274
NCT18,OUT010,898.1070564005126
FDM34,OUT049,2224.7819496962716
DRH37,OUT010,717.6015400590127
NCE07,OUT013,2292.5596429006514
FDG12,OUT013,1971.7380877123414
FDB59,OUT010,1249.2517689196352
FDS10,OUT018,2581.0194167333357
FDN21,OUT010,665.6080601468416
FDM02,OUT045,1408.1528622709534
FDO44,OUT049,1949.6550455623935
NCN17,OUT017,1748.6085702621676
FDH16,OUT018,1205.010408950954
FDL44,OUT046,2615.2406193708666
FDY47,OUT017,2185.038110698831
DRI39,OUT046,904.5537095468497
NCX54,OUT018,1369.6660466323399
FDE59,OUT046,663.1455165751823
FDO46,OUT045,2941.067886113863
DRE13,OUT046,1415.8111158603747
FDW14,OUT013,1444.1907446478097
FDF35,OUT046,1760.2858086803321
FDO50,OUT019,0.0
DRF49,OUT017,1930.9105678667288
FDT60,OUT049,2133.2670575149023
FDP38,OUT045,797.3428457837456
FDA31,OUT027,4236.541243791978
FDY52,OUT010,0.0
FDD03,OUT027,5084.964086054273
FDN52,OUT018,1088.3537628328536
FDU20,OUT010,64.23621597988767
FDD22,OUT035,1914.7051534736254
NCB55,OUT019,0.0
FDN27,OUT045,1870.0186458160633
FDD16,OUT013,1278.1389081112789
FDW48,OUT046,1319.1604978746886
DRN35,OUT045,534.0090632383248
FDX25,OUT049,3007.386860850686
DRD49,OUT049,3797.848742541381
FDE21,OUT019,0.0
FDN44,OUT035,2729.687942239325
DRC01,OUT049,884.1195574513878
NCK30,OUT046,3949.9242747134053
FDU39,OUT013,1033.9393779550478
FDB49,OUT013,1653.3580047229082
FDS12,OUT045,1948.0153072545754
FDR57,OUT018,2235.77959219234
FDX22,OUT027,4775.116557392323
FDC60,OUT013,1507.3957101529932
NCE42,OUT049,3747.842049745102
NCK42,OUT049,3492.2991633612223
DRE01,OUT017,3904.6190048604826
FDE57,OUT018,2034.0788220203065
DRK59,OUT019,1808.3927694074782
FDB10,OUT027,5180.73420250266
FDQ25,OUT046,2813.908176974351
FDY26,OUT017,3412.407725893298
FDG28,OUT049,3942.683217787491
FDM14,OUT049,1897.8584110926809
NCH29,OUT049,1689.657171981674
FDD48,OUT049,1971.5064632028598
FDC17,OUT045,3264.4697402914417
DRH49,OUT027,2777.220475363309
FDN44,OUT018,2333.585749707351
FDC29,OUT045,1762.3504357578986
DRK01,OUT019,0.0
FDD48,OUT017,1967.7932591711728
FDB59,OUT013,3201.0057471903247
FDY45,OUT010,2094.879256295235
FDX60,OUT035,1433.7944389840036
FDT09,OUT010,208.8741152494863
DRB24,OUT018,2159.453925103985
FDL13,OUT035,3843.469637371031
FDN16,OUT035,1791.0548699806332
FDK57,OUT013,1979.9296025852714
FDO22,OUT027,2772.378349636764
FDC57,OUT010,1219.836053052987
FDZ13,OUT027,2307.8294313517517
FDW27,OUT013,2510.29626199117
FDX10,OUT049,717.0678586862037
FDY08,OUT018,1998.0137055439518
FDA49,OUT017,1548.3521018970246
FDC32,OUT018,1294.48864140964
FDO04,OUT035,1034.1996728387799
NCZ54,OUT013,2545.1172923406984
FDY40,OUT045,727.6053216090447
FDW36,OUT045,1683.3692771398573
FDE11,OUT017,3045.944790636412
DRE37,OUT045,2906.6323205985777
NCK19,OUT017,3144.009109540046
FDT19,OUT035,2959.8319598914322
FDE56,OUT045,978.4337472022866
FDZ57,OUT010,125.86657647034531
FDB35,OUT035,1690.3152346303941
FDF09,OUT010,0.0
FDO34,OUT046,2698.9792088979807
FDA55,OUT046,3617.8278221234223
NCM18,OUT035,1106.4607266807304
FDJ20,OUT019,107.14449122098813
DRQ35,OUT019,122.13972931033209
FDG02,OUT013,3106.9528766198828
NCU29,OUT018,2031.2738801102805
FDL27,OUT027,2530.6309552606103
NCA54,OUT035,2955.3905178423283
FDJ32,OUT035,1226.4847381180014
FDB21,OUT019,1945.0727528501207
FDR46,OUT035,2466.785637156594
FDZ32,OUT046,1755.7973004433352
DRF36,OUT017,3100.112358747004
NCU54,OUT017,3384.3111846500083
NCI31,OUT017,680.7049570491262
DRA59,OUT035,3034.6170846232317
NCC55,OUT045,533.158748898665
FDE44,OUT018,580.9690238102573
NCN26,OUT018,1546.3354807470998
FDC11,OUT049,1554.2732782133535
FDV24,OUT035,2541.3872917851477
FDR40,OUT019,0.0
NCQ17,OUT049,2593.077581620566
FDC46,OUT045,2865.4482817954363
NCM18,OUT046,997.8767571867587
FDK16,OUT046,1553.1266282378415
FDI28,OUT017,1419.6740161330881
FDS11,OUT018,3301.8970723093335
DRD13,OUT046,1056.9599079030816
FDL36,OUT035,1602.5698575879007
FDI27,OUT013,797.5034796853432
FDJ53,OUT019,0.0
FDS44,OUT045,3769.601046996962
FDE28,OUT046,3624.711210088129
FDQ33,OUT018,2141.58506351707
FDB37,OUT017,3906.5774322286547
FDQ31,OUT045,1380.0619843374993
NCQ05,OUT046,2394.183818673796
FDE10,OUT013,2121.6688421814283
FDF38,OUT017,834.4071503519399
FDE50,OUT019,1127.5172096910055
DRG37,OUT010,546.0236125281499
NCH06,OUT049,3980.946975464893
FDY14,OUT045,4076.1230135363166
FDO27,OUT017,1649.59804147468
FDQ19,OUT049,3973.391379123376
FDZ26,OUT019,1797.9043017712988
FDN51,OUT013,4179.140087353779
FDK20,OUT035,2161.126094269491
FDD40,OUT018,2760.778773728368
DRI25,OUT018,654.6040263572788
FDH56,OUT017,2014.4544180891717
FDI36,OUT027,4593.557474452351
DRH11,OUT018,661.8785084419508
NCV18,OUT017,1413.5364442986975
DRI01,OUT049,2828.646038201169
DRE48,OUT049,3238.67354848134
FDS51,OUT035,1173.016604107481
FDM38,OUT017,990.0879664084106
FDB60,OUT027,4544.723269472853
FDY58,OUT035,3777.0250328182715
FDY22,OUT045,2209.6546208168384
FDF11,OUT027,5266.707788615105
FDZ51,OUT035,1741.7152779597336
FDQ45,OUT017,3014.433170272444
FDF17,OUT035,3255.23798483478
NCF31,OUT027,3839.376127262742
FDA37,OUT013,2085.163798810905
FDO51,OUT046,763.5224139962547
FDF34,OUT013,3188.716415214107
FDD57,OUT018,1332.8659204414182
FDO37,OUT046,3668.074182225511
FDR49,OUT049,962.6481346445913
FDS39,OUT049,2399.8614189440677
FDI48,OUT027,2345.368922703853
DRM35,OUT049,2941.2922631671336
FDV57,OUT035,3034.2833907842123
FDZ55,OUT013,2661.7788348512927
FDI28,OUT035,1416.7382848379089
FDS21,OUT045,988.0500022853753
FDT34,OUT013,1731.7506910228453
DRI25,OUT035,1039.8163635677233
FDT47,OUT010,0.0
DRH39,OUT045,1148.8449823034978
NCD54,OUT045,2210.054686829337
FDU16,OUT027,2822.30617267727
NCW29,OUT045,2004.0165267352495
FDV25,OUT027,4999.229557275241
FDM56,OUT035,1958.1716831308777
FDZ04,OUT027,2515.4632525956526
FDG59,OUT019,0.0
FDI56,OUT045,1438.694404610144
FDS33,OUT035,1574.0008697229468
FDC23,OUT049,2939.9840006503086
FDT11,OUT049,3079.6070889647526
FDG17,OUT045,3797.155148233585
FDZ44,OUT045,1876.3143074490347
FDJ52,OUT013,2595.273727279128
DRI23,OUT046,2529.4291293534206
DRE15,OUT010,0.0
NCF07,OUT013,1638.1148904660297
NCR29,OUT049,1024.615572023063
FDE44,OUT019,0.0
FDT23,OUT035,1464.8579695052304
NCG06,OUT017,4163.648221694997
NCU41,OUT010,1119.9576735939156
FDH46,OUT017,1773.7726935757473
FDV31,OUT013,2898.3646758475916
NCT41,OUT027,3893.3412820691096
FDE22,OUT027,4017.2646180047545
FDC26,OUT045,1728.0992036002942
DRF51,OUT017,708.4861000519983
NCY53,OUT019,0.0
FDY21,OUT017,3226.780348317139
FDL27,OUT013,1129.1762926554059
FDZ34,OUT049,3215.989496934899
NCF43,OUT010,351.507376361295
FDC21,OUT035,1943.4106364737909
FDL26,OUT013,2562.949735168927
FDT25,OUT010,64.49956412407869
NCR30,OUT046,1186.187482043366
DRL23,OUT019,0.0
NCR05,OUT049,3227.928949246372
NCE19,OUT018,578.8213337847515
FDY07,OUT035,950.3444994477946
FDB10,OUT017,3835.563388566568
FDP57,OUT013,1733.6963596578407
FDU48,OUT019,223.0633568357871
FDH48,OUT035,1550.4553482764823
FDO33,OUT035,2002.2168675425319
NCU29,OUT045,2288.6445139831385
FDW35,OUT046,744.3012467100998
FDH05,OUT010,1734.7809758224103
FDP26,OUT049,1749.2818346687852
DRG27,OUT035,836.022135829565
FDQ33,OUT046,2424.4853815552
FDH20,OUT010,0.0
FDV14,OUT046,1429.4223569811033
DRD01,OUT046,893.5050261374225
NCI17,OUT049,1633.5343725470525
FDF39,OUT010,2219.5392449957853
FDX37,OUT046,1668.3971981412153
NCX17,OUT035,3841.5257579152667
FDN03,OUT013,4029.85402278101
NCS41,OUT010,986.7753485214237
FDH34,OUT045,2869.019623333338
NCX53,OUT018,2001.2227427658722
FDY31,OUT046,2415.6362780758586
FDD20,OUT017,2188.2890478107706
FDE51,OUT045,656.7018105194928
FDV27,OUT046,1440.241053024788
FDF16,OUT035,2499.946748394419
FDZ02,OUT049,1626.4565327451787
NCK05,OUT045,958.6288873983353
FDM12,OUT027,4489.130632091028
NCA05,OUT018,2117.034807167499
FDX33,OUT045,2468.6760058828213
FDM25,OUT049,2929.790457053531
FDE41,OUT018,1109.075597742907
FDW14,OUT045,1338.5728016045196
NCD30,OUT046,1519.6395076538288
FDB23,OUT010,1715.3728186969972
FDF45,OUT046,1055.2282437637016
FDW20,OUT017,2163.8674549280354
FDF47,OUT045,3490.1185709697643
NCR05,OUT019,1269.0931856453203
DRB01,OUT046,2958.6509869911697
FDE36,OUT013,2674.8705845630698
FDU56,OUT049,3077.0376078587706
FDB23,OUT049,3705.722270855937
FDN48,OUT049,1595.6072819020824
FDS43,OUT013,3070.5998225007356
NCN05,OUT013,2952.385823451821
NCL53,OUT049,2894.8832225170927
FDL56,OUT046,1450.6463765657477
FDH17,OUT018,1278.414760865941
FDP37,OUT046,2049.5775173160673
FDG09,OUT019,1151.5897404747332
FDA55,OUT045,3512.932048174518
FDX31,OUT049,3863.566340674461
FDJ41,OUT045,4058.1398751234024
DRC24,OUT045,2401.084871996741
FDQ21,OUT035,2124.3660350648115
NCT54,OUT045,1401.42015839043
FDH08,OUT049,3796.118974353393
FDY38,OUT018,3377.0581640936675
DRM11,OUT010,2203.7547436759323
FDG32,OUT049,3636.115280053086
NCH18,OUT046,3842.4737006899627
FDI20,OUT035,3545.2859269799915
FDA33,OUT018,2084.086940422136
FDN45,OUT013,3562.191310748648
FDT45,OUT010,0.0
FDR32,OUT035,3812.3179938515627
FDA48,OUT017,3611.862991094971
FDN23,OUT017,2439.825637451793
NCR18,OUT035,843.7026457858947
FDD45,OUT046,1564.8083909983586
FDI22,OUT018,3004.6074743092277
FDT09,OUT013,2174.2730692131745
DRC24,OUT027,3894.1485314924935
FDT39,OUT046,2415.4532508386374
FDX28,OUT045,1500.7992814467093
FDA50,OUT018,1226.765645229019
FDT33,OUT027,4141.372361268602
FDQ60,OUT049,2042.5177410292117
NCM19,OUT018,1506.9522032383823
FDF40,OUT046,3903.0865548957677
NCI30,OUT035,3979.1502866215656
FDK34,OUT049,3872.477249620114
FDA38,OUT027,5211.895759126095
FDT02,OUT045,540.4038433538715
FDC11,OUT017,1553.590452277398
FDD08,OUT046,735.808088596441
NCS29,OUT046,4143.468696267297
DRI03,OUT010,896.8371300743167
FDK48,OUT035,1367.449538944259
FDM52,OUT049,2481.8090070756402
FDP49,OUT035,1120.0835894911324
DRA24,OUT046,2605.78171395776
NCJ43,OUT049,2809.6860209979004
FDE11,OUT045,2874.7654225590186
FDP01,OUT049,2589.924387309905
FDQ59,OUT018,1124.9044992185898
FDA43,OUT019,1233.786770757539
FDL14,OUT017,2617.2928143576355
FDV50,OUT010,38.79123503369601
FDT01,OUT027,4808.266485084734
NCC42,OUT035,2375.753079546039
FDO28,OUT046,1898.8037230107302
FDD32,OUT019,0.0
FDV45,OUT035,3104.8817642091185
NCW17,OUT019,131.25576341356395
NCJ17,OUT027,2822.106689064371
NCF18,OUT049,3078.892241466123
FDP01,OUT045,2405.617981406183
FDH24,OUT045,2460.0912933300333
FDI38,OUT027,4812.143658095388
FDX03,OUT035,924.1854875710413
FDY28,OUT046,3358.856421477517
FDN34,OUT018,2449.5117164782555
FDJ02,OUT045,2353.1188831729078
FDW40,OUT019,325.267802745489
FDX03,OUT017,864.8071003531587
FDE17,OUT027,3869.9737845435257
FDT58,OUT046,2668.455997640447
FDI38,OUT013,3381.10447021916
FDW22,OUT035,3690.6730575613906
FDS15,OUT027,3231.1367608546734
NCX06,OUT013,2892.8675009953845
DRK47,OUT035,3783.321434887659
FDC23,OUT027,4328.139764359841
FDM56,OUT010,0.0
FDP21,OUT046,3031.37291350711
FDP58,OUT046,3459.2462776138677
FDA27,OUT019,2101.0083359608325
FDK41,OUT019,0.0
NCH42,OUT046,3615.3903934391824
FDG29,OUT045,643.7948666891987
FDW15,OUT018,2149.8894324314056
FDD28,OUT018,695.8765130077998
FDQ37,OUT049,3201.4143039963474
FDC23,OUT035,3025.193923664859
FDV13,OUT035,1638.894346374117
FDK33,OUT046,3373.026962325549
FDO33,OUT013,1852.3325241474315
FDN21,OUT017,2687.3404342809185
NCW06,OUT027,4467.363653330383
FDI38,OUT035,3482.73284856673
FDC21,OUT027,3238.5930978407687
NCS05,OUT046,2126.8721281317576
NCN53,OUT049,730.0131532094558
FDV40,OUT010,0.0
FDG60,OUT017,3812.5892456539277
NCY30,OUT027,4322.066644421673
FDM40,OUT045,2157.9064903945737
NCO30,OUT046,2883.7939827538444
FDK10,OUT046,2892.9119190774836
FDM36,OUT045,2699.40651823561
FDN10,OUT013,1929.6229435971486
FDM46,OUT018,1226.5736791649344
FDX50,OUT049,1858.8951232507602
FDP33,OUT045,3950.0202306750575
FDO12,OUT045,3054.2961726145254
FDC28,OUT013,1801.7515135425253
FDO31,OUT045,1302.2568951645612
FDX45,OUT035,2611.44847531488
FDV21,OUT049,2100.048396422201
FDH04,OUT049,1574.244406994424
NCG54,OUT013,2685.172624745883
FDO13,OUT046,2624.2365149139423
FDA09,OUT027,4297.200309746018
FDC38,OUT017,2276.905826605611
NCO42,OUT046,2269.5191732636804
FDL45,OUT049,2094.8567202993095
NCK31,OUT013,888.8047326296272
FDM39,OUT017,2920.387439688346
FDC22,OUT010,1119.9214340347958
FDF46,OUT046,1855.9027586465686
FDQ37,OUT045,3004.6502483424833
FDH41,OUT010,1448.7215511755567
FDQ04,OUT046,673.8807639887389
NCQ02,OUT027,4425.89532033457
FDJ57,OUT027,4639.061842045043
NCE07,OUT049,2315.2074980976818
FDE56,OUT013,1059.2039503049277
FDI20,OUT049,3474.0817754646037
FDK36,OUT018,576.2753139559593
FDP08,OUT027,4535.765384782658
FDF44,OUT017,2252.5765075387044
NCU53,OUT017,2763.55356121107
FDF47,OUT035,3736.309302004338
FDS55,OUT010,515.5414368908837
FDZ52,OUT010,0.0
FDL04,OUT018,1404.0740723313852
NCM26,OUT035,2566.3240580426195
FDX43,OUT049,2825.462283055229
FDP52,OUT049,3692.647807909033
DRK49,OUT045,618.1168282561647
FDE38,OUT013,2712.6544751521856
DRF13,OUT035,2449.2597490148155
FDK41,OUT010,0.0
FDJ04,OUT027,3357.107498577897
FDZ44,OUT018,1681.2157925563145
FDS11,OUT013,3629.0966022976804
FDA55,OUT049,3706.579466453462
NCW53,OUT046,3076.817841729654
FDB49,OUT027,3089.057278342777
FDD23,OUT017,3134.854855571482
NCV42,OUT045,1668.3701233381987
NCZ29,OUT018,1759.1927558197779
FDQ26,OUT013,961.4207833624079
FDV08,OUT017,850.023961626643
FDC53,OUT049,1713.1332235475293
FDV58,OUT010,1201.9405346076212
NCP02,OUT019,0.0
DRI37,OUT045,846.0006550997381
FDQ12,OUT049,3756.1022279111394
FDE33,OUT046,1303.3449802776731
FDX27,OUT045,1427.936019905504
FDM22,OUT017,975.482925830069
NCH30,OUT019,0.0
FDC04,OUT017,3899.5376334192856
FDO38,OUT046,1344.7789299026083
FDV52,OUT027,3311.4860841496975
FDB32,OUT013,1618.8923143185502
FDV43,OUT018,552.1896152333645
FDI24,OUT018,2573.7207569846933
FDR40,OUT017,1437.4884908801573
FDW02,OUT049,2068.654018368803
FDE44,OUT049,940.1926942259487
FDL38,OUT046,1505.0982034710917
NCT54,OUT010,0.0
DRJ39,OUT010,1564.538986044829
FDW55,OUT049,4083.490621583853
DRF13,OUT019,396.149408160612
NCW17,OUT049,2172.46486409059
FDP13,OUT035,863.6733067070637
FDS08,OUT018,2547.498375442527
NCP17,OUT035,1174.371337904959
NCO53,OUT035,3008.682353679396
FDH19,OUT045,2727.389603553125
FDJ04,OUT017,2008.6377055858006
FDG10,OUT049,1057.902802983284
FDA40,OUT010,0.0
FDI53,OUT045,2487.4933338150486
FDU09,OUT010,0.0
FDK60,OUT045,1534.1237630708786
FDR43,OUT017,736.5926092222061
FDW22,OUT017,3600.1889685010833
DRP47,OUT010,2042.6820885271723
DRG48,OUT010,404.375268650781
FDA14,OUT035,2446.41338179752
FDU49,OUT013,1509.7636852692453
FDK28,OUT045,3980.348278956048
FDT19,OUT046,2796.753418006094
NCQ42,OUT045,1904.4056231849454
FDD03,OUT045,3604.2869680062586
NCM53,OUT013,1769.1037146033414
NCX53,OUT045,2180.7431204411364
FDV14,OUT027,2817.6195062564034
NCZ54,OUT017,2634.043296008341
FDB39,OUT013,925.8204463343781
DRC24,OUT046,2435.907059451344
FDY36,OUT013,1274.1586047276162
FDN01,OUT035,2981.1921625742434
DRH25,OUT046,868.9043040031405
FDV08,OUT046,797.6727467819652
NCP53,OUT049,3871.556239960828
FDU52,OUT010,576.3684597808681
NCI42,OUT045,3182.110976327738
FDZ14,OUT035,2047.8583813267965
FDF11,OUT046,3853.6377608608486
FDQ13,OUT018,1171.1919068086147
FDO32,OUT010,0.0
DRJ37,OUT018,2147.954753708853
FDY43,OUT046,2720.2977657208344
NCT41,OUT017,2540.40990012538
NCV17,OUT045,2052.0434655974914
FDM04,OUT027,2331.8819640380684
DRB48,OUT018,365.4154784118789
FDM24,OUT013,2486.651943971111
FDT37,OUT049,4161.911480402935
NCO05,OUT010,0.0
FDL13,OUT046,3734.8865821349955
FDL15,OUT017,2570.65581545297
FDB11,OUT018,3299.599679204737
FDL14,OUT019,641.8876097599491
FDY10,OUT019,0.0
FDJ40,OUT049,1874.7025088288613
NCW18,OUT046,3714.4312861788244
NCY06,OUT013,2060.9341260422416
DRE13,OUT018,1103.3763527387869
FDA26,OUT045,3337.8095785667374
NCE19,OUT010,0.0
FDE33,OUT035,1503.7864698144554
DRL59,OUT027,2342.4453073205486
FDY07,OUT046,829.3079734316417
FDF57,OUT018,2492.85755169163
FDM58,OUT035,1919.9561456759748
FDP26,OUT027,3089.151993143185
FDY32,OUT046,2665.9406413853058
FDD51,OUT010,0.0
FDU22,OUT018,1640.5117615556462
FDZ49,OUT018,3270.6866411390865
NCI42,OUT017,3373.612894580491
FDT04,OUT027,2086.223885609145
NCU41,OUT045,2947.2655104384266
FDS56,OUT045,4139.195084545323
NCN42,OUT017,2431.6999063097296
FDK34,OUT046,3780.606519198784
FDB03,OUT017,3855.203933223785
DRJ25,OUT035,933.0011613807507
FDT25,OUT027,3481.2733058589233
FDN20,OUT013,2766.9234578408573
FDP09,OUT013,3421.551977162396
FDM20,OUT019,2000.8433637291741
NCG55,OUT046,1804.5445759211734
NCP14,OUT045,1566.9130522811101
NCH06,OUT046,3843.9361546082
FDV52,OUT013,1900.608789908626
NCL07,OUT035,818.122260651245
DRJ11,OUT027,4474.023640471243
DRO59,OUT013,1255.2256352623185
FDW15,OUT010,465.93304842458883
NCQ30,OUT035,2053.8304207962824
NCN54,OUT019,0.0
FDY01,OUT027,3344.0395890318878
FDX39,OUT035,3544.758698878592
FDH53,OUT027,2794.6611605616686
FDA57,OUT035,860.677550860172
NCC07,OUT010,0.0
FDU28,OUT013,3002.865212479122
FDK36,OUT010,0.0
FDR36,OUT018,473.4707309036228
NCQ17,OUT035,2589.574174219405
FDS28,OUT019,0.0
FDE08,OUT045,2349.2090404428063
FDU22,OUT046,1928.084410742319
FDG41,OUT045,1685.9230574433723
FDO31,OUT010,0.0
FDM21,OUT019,2150.658573123046
FDU40,OUT017,3155.4998767028455
FDV36,OUT018,1771.685219248061
FDT10,OUT027,2436.820804410937
FDX38,OUT045,704.9298617678982
NCU30,OUT027,4023.315504492623
NCV06,OUT049,3130.850516026514
FDT16,OUT035,4272.643755276482
NCP41,OUT027,3193.1326870274315
FDZ56,OUT017,2846.631725903044
FDC22,OUT035,3181.971633466964
FDU10,OUT035,807.140913577131
FDS46,OUT045,1823.311281618006
FDO08,OUT049,2792.325439937625
NCV42,OUT018,1457.7050681752007
FDP33,OUT035,4157.284425398386
FDJ12,OUT046,3299.6625148478265
FDH04,OUT045,1375.9301451199062
NCU54,OUT013,3331.212545435607
FDO36,OUT010,967.0642575456006
FDT37,OUT027,5537.632082737597
FDD14,OUT010,1049.9241974982576
FDA16,OUT013,3516.9517446468976
NCS42,OUT019,0.0
FDP10,OUT019,0.0
FDQ28,OUT049,2529.3513472287996
FDK57,OUT010,14.451982935200704
FDK02,OUT013,1966.4484309826116
FDW47,OUT018,1692.7317471744104
NCC42,OUT018,1946.938246101286
FDQ37,OUT018,2826.6590812232657
FDL40,OUT046,1539.901882559987
DRE13,OUT010,0.0
FDQ34,OUT027,3122.4189840427834
NCB54,OUT046,2052.100988571059
FDS48,OUT049,2510.9205592847384
FDO15,OUT045,1145.8068013837594
NCT30,OUT013,760.0941598330451
FDU49,OUT027,2889.4360452235474
FDE21,OUT046,1907.3372899897952
FDS49,OUT019,0.0
FDT38,OUT027,2807.0082148444617
FDZ01,OUT045,1632.9137825404523
FDC41,OUT035,1363.4435016938414
DRG13,OUT010,661.3442292250602
NCZ42,OUT018,3438.7530814552783
NCM07,OUT045,1294.9837885615043
NCV17,OUT018,1822.6867159707235
DRK39,OUT035,1481.4472978609442
FDS37,OUT018,1615.0113534020809
FDV12,OUT019,0.0
NCG19,OUT018,3400.380900571263
FDS51,OUT013,1094.7441813824053
NCO14,OUT046,699.10756598394
FDC38,OUT046,2179.4995845037975
FDN15,OUT046,2278.551925686398
NCH42,OUT013,3608.3346183383046
FDQ22,OUT046,659.4433647372955
FDC05,OUT013,3114.890118129829
FDZ31,OUT013,3118.5183320602755
DRJ23,OUT049,3121.815045792804
FDC52,OUT035,2536.0666432489547
DRD12,OUT010,0.0
FDV55,OUT017,2483.125776321411
FDD32,OUT046,1383.7484839179883
FDR01,OUT049,3332.8946499255503
FDY08,OUT019,349.79926112412477
FDQ45,OUT045,2883.650186558882
DRN11,OUT027,3744.583706213358
NCS05,OUT018,1873.6055683823993
FDY32,OUT035,2776.083136938303
NCD31,OUT045,2528.1119948443306
NCE06,OUT049,2628.988183913319
NCP14,OUT046,1612.665324776399
NCF18,OUT019,1087.3392179123357
FDF14,OUT018,2187.0399332661445
FDB22,OUT017,2573.1146594990796
NCH54,OUT049,2598.2747149646157
FDU27,OUT035,978.2483766939785
FDS58,OUT027,3996.4859165441167
NCU29,OUT035,2450.7320545166212
FDJ57,OUT013,3195.5621632003404
FDL56,OUT049,1540.9354495641983
FDH60,OUT035,3264.9913180318417
FDN24,OUT018,629.9712557477368
FDD02,OUT017,2083.416314972254
FDP15,OUT017,4204.246772064461
FDB28,OUT027,4548.616184066113
DRC49,OUT045,2219.4169687717535
NCG30,OUT018,1656.0263814707741
FDJ14,OUT049,1439.1428989458882
FDL52,OUT045,560.0186886779594
NCG19,OUT027,5099.636487121783
NCN41,OUT035,2120.491547099178
FDW22,OUT013,3579.704956279552
FDI02,OUT013,1870.7052478774392
FDV51,OUT045,2589.0608957863105
FDV48,OUT046,1322.1744133980865
NCL17,OUT019,344.3069264692151
FDP46,OUT045,1383.9938744589197
FDU10,OUT045,554.7434646613812
FDT37,OUT010,2185.0506685431096
FDI27,OUT035,902.242034712519
FDN51,OUT046,4161.287403208016
FDW07,OUT035,1597.1539664597753
FDN45,OUT049,3634.6151364393895
DRN37,OUT027,4066.5342066469243
DRF48,OUT049,3067.524773463877
FDP38,OUT019,0.0
NCX18,OUT027,4532.409625349339
FDK45,OUT018,1775.206343256732
FDZ37,OUT049,1555.5699983716117
FDS50,OUT018,3234.3286809755687
NCR54,OUT018,2784.178381238231
NCS17,OUT035,1661.8244792391179
FDV31,OUT046,2877.3851266701313
DRE27,OUT017,1641.2487908530622
FDN60,OUT013,2590.0832818803765
FDK26,OUT013,3022.2440945851663
FDX37,OUT018,1388.631658980648
FDW31,OUT046,3190.0509537992752
FDX26,OUT018,2607.471681524718
DRL49,OUT019,352.415924747032
FDU49,OUT017,1559.828823326558
FDY58,OUT046,3631.0763064812786
FDN03,OUT045,3893.1096057362183
NCV06,OUT010,1113.16128387446
FDH53,OUT045,1276.6937179341444
FDG31,OUT018,837.5551263372981
NCC06,OUT045,1966.825813189541
FDS13,OUT049,4332.183920686073
FDP16,OUT035,4041.7223692929865
FDA35,OUT013,1995.8059696603448
DRP47,OUT018,3719.950006561535
FDY28,OUT010,1467.368383683529
FDY20,OUT035,1664.224644330271
NCH30,OUT017,1859.0506483822126
NCR29,OUT019,0.0
NCP05,OUT013,2424.3160123097605
NCF30,OUT019,39.85738866015481
FDA08,OUT035,2833.058733695543
FDN51,OUT027,5597.728483599365
FDH12,OUT046,1742.1314186579928
FDY39,OUT017,3026.545142845576
NCO53,OUT045,2818.50962562257
FDB40,OUT046,2306.8455865204014
FDH02,OUT049,1604.0945376597515
FDY11,OUT027,2532.9739638954848
FDQ09,OUT019,0.0
FDP16,OUT013,3935.426103290979
NCF55,OUT018,281.90661065332006
FDY09,OUT027,4272.093909634525
FDY39,OUT045,2850.636741397124
NCU53,OUT049,2703.442194595306
NCT41,OUT049,2516.117742380994
FDJ45,OUT046,818.3718798576912
FDR28,OUT013,2632.201644560536
FDN08,OUT013,1983.2534575685413
FDJ07,OUT049,1972.1509850364894
FDZ09,OUT027,4067.4201815903734
FDQ14,OUT017,2476.7936381197924
FDY12,OUT027,2300.9016236560683
FDK57,OUT046,1943.3847969270419
FDD20,OUT049,2132.8343813585616
FDS36,OUT018,1538.2638226891397
FDI40,OUT049,1732.2756078671991
FDJ40,OUT045,1701.2957738948849
FDE08,OUT013,2433.0358042383486
DRK01,OUT013,1564.9794818076098
FDC58,OUT049,838.7231662298057
FDE50,OUT046,3053.0608754955297
FDX48,OUT035,2605.7140797419897
DRM35,OUT018,2552.533341881329
FDG41,OUT013,1774.4348057902175
FDB52,OUT046,4019.2941080357427
FDV19,OUT045,2511.871050124046
DRG48,OUT017,2404.577459531886
FDI26,OUT013,2948.7408850943534
FDU11,OUT019,57.064855116517265
FDF59,OUT019,186.48091034780737
FDR07,OUT049,1713.0811002485561
NCE06,OUT017,2639.2414612599223
FDE10,OUT046,2125.6026613508484
NCO55,OUT046,1730.046550385221
FDZ13,OUT013,912.4800302486699
FDT50,OUT017,1631.723240740399
FDH12,OUT010,0.0
FDD21,OUT045,1856.5981924992525
NCM05,OUT013,4179.179288151839
FDK04,OUT013,1005.5934778289381
FDN33,OUT017,1657.7262211807772
NCM18,OUT010,0.0
DRC25,OUT049,1469.7102992854004
FDT47,OUT017,1695.0269639792155
FDD45,OUT027,3043.370621889148
NCD07,OUT018,1520.7332952020454
NCY54,OUT010,778.5819051249846
FDL12,OUT049,1111.063385600752
FDL02,OUT017,1839.207931868229
FDC60,OUT035,1619.9108687068647
FDR37,OUT017,3010.0493236324287
FDY16,OUT017,3032.161467360371
FDU26,OUT045,1833.848328755848
FDN24,OUT013,926.0838667441424
FDH44,OUT013,2466.4038252476826
FDE23,OUT010,0.0
FDW60,OUT017,2932.636425722597
FDQ55,OUT049,2026.4715188438431
FDV32,OUT027,2519.120485534659
FDV03,OUT010,595.1707787897567
FDY14,OUT010,2251.283354464729
NCL55,OUT027,5433.702504259032
DRF25,OUT017,748.3738670935682
FDX03,OUT046,779.7929576216554
FDF40,OUT045,3821.5574254569583
FDX24,OUT010,0.0
FDA25,OUT049,1801.8214192592118
FDH21,OUT018,2458.7702320483936
FDB47,OUT010,1421.250769399005
FDT34,OUT019,0.0
FDS39,OUT010,370.078027289755
NCU05,OUT046,1274.075550787462
FDE02,OUT049,1648.490409852098
FDL25,OUT035,1641.560393688726
FDC50,OUT049,1652.4845415028683
FDZ32,OUT049,1869.4651136846462
FDV14,OUT045,1315.189642431853
FDR07,OUT045,1544.342715475973
FDB26,OUT049,1024.8518686952436
NCR50,OUT045,2333.9331616724735
FDP01,OUT018,2205.8395144826645
FDH57,OUT045,2075.3519095256693
FDM60,OUT027,2151.2967442089853
FDA45,OUT017,2869.507450705092
FDU55,OUT017,4247.251638347991
FDH40,OUT035,1484.9331782151753
FDG40,OUT019,0.0
FDT12,OUT049,3664.7909412086615
DRL59,OUT045,826.0322555351477
FDT47,OUT018,1350.4782050222118
FDI60,OUT017,1199.2260204584454
DRF51,OUT027,2071.0474450903716
NCK31,OUT049,930.1296500615922
FDB08,OUT045,2537.4686395843555
FDM44,OUT035,1842.3959471374383
FDD46,OUT018,2146.827715197291
FDR27,OUT019,201.10099712638612
FDV56,OUT010,0.0
FDM02,OUT049,1542.6385176371637
FDU45,OUT018,1550.5299541931968
FDZ10,OUT017,2124.658459158309
NCK31,OUT010,0.0
FDR27,OUT035,2311.5565828850795
FDF33,OUT013,1984.306582776505
FDJ36,OUT046,1689.2066660299126
FDP33,OUT049,4124.9873161732285
FDG17,OUT046,3870.904572596292
FDG47,OUT027,5649.211855244022
NCW29,OUT046,2055.966400237311
DRH59,OUT017,1289.4739888896033
FDR32,OUT017,3779.3810229797064
FDP48,OUT035,3056.478466084421
FDG17,OUT035,4009.068525787267
DRJ59,OUT017,796.532557847241
FDY48,OUT027,3144.7015463987173
FDB02,OUT046,2838.5849493015144
FDN10,OUT019,3.9243301959613746
NCD55,OUT035,823.2793584067475
FDX34,OUT013,1991.7760809047581
FDZ38,OUT045,2627.423832222241
DRF37,OUT049,4215.38051677357
DRL47,OUT019,104.63589899920112
FDL27,OUT035,1233.9202389786828
NCP53,OUT035,3882.038453740992
FDT03,OUT019,1062.6269077225252
FDJ28,OUT035,3187.5424473139983
FDF40,OUT018,3620.2372520858717
FDA32,OUT035,3630.2485252908104
NCP02,OUT017,1037.430492630628
FDZ31,OUT045,3045.5567358874123
NCQ29,OUT013,4155.648827507857
FDP57,OUT010,0.0
FDL32,OUT027,3308.7031350895268
DRB01,OUT035,3163.700471263482
FDJ40,OUT046,1762.594869498518
FDO24,OUT018,2258.8767012938906
FDO11,OUT018,3669.304884059376
FDA56,OUT035,2133.5654987682406
FDF02,OUT045,1662.4336515672685
FDA10,OUT013,1988.4732194935386
NCI55,OUT017,2030.280791884371
FDZ40,OUT010,0.0
FDV08,OUT049,861.5206289452705
FDN48,OUT013,1512.2618419572966
FDU57,OUT017,2505.059153399389
DRF49,OUT013,1849.7546691110956
FDS02,OUT035,3191.4918020846644
FDS43,OUT046,3016.934859978053
FDT16,OUT013,4118.106941733158
FDX19,OUT027,5191.697469368182
FDK15,OUT046,1615.7096045768085
DRA12,OUT049,2335.0841862436228
FDY35,OUT017,900.0565292425327
NCU42,OUT013,2695.1470200877575
FDD26,OUT013,3009.8258127281483
FDR11,OUT018,2295.004617527982
NCP53,OUT045,3709.049431405444
FDP34,OUT045,2423.1433310388065
NCV41,OUT019,0.0
FDN20,OUT018,2438.193274172671
FDZ16,OUT018,2763.692840745667
FDZ28,OUT049,2126.2651729408526
NCL55,OUT013,4016.639074881308
NCJ17,OUT046,1359.0816703618575
FDT37,OUT046,4091.8268015458075
FDV51,OUT049,2798.2754694315
FDZ28,OUT035,2202.144214068568
FDN27,OUT013,1952.283395334963
FDS14,OUT019,593.3501302462595
FDZ58,OUT045,1903.826343490753
FDD46,OUT046,2470.2452904286815
FDJ03,OUT035,923.8451259188646
FDU03,OUT010,964.8174634036507
FDA33,OUT027,3831.4218929363087
NCW53,OUT035,3174.5015211472096
NCC55,OUT017,699.6909475185154
FDP52,OUT019,1722.2765051554104
FDE39,OUT049,2005.2524644882042
FDB44,OUT035,3536.6665605922103
FDG59,OUT013,716.6090643595912
FDI05,OUT013,1225.2097851169171
FDF59,OUT045,2023.999142515482
FDM39,OUT019,934.302265386181
FDB14,OUT013,1547.3740940595933
NCS05,OUT019,252.05375317646644
DRJ35,OUT045,957.7007350627733
FDO31,OUT019,0.0
FDA31,OUT046,2803.1353882484027
FDX40,OUT049,738.8533542182561
FDW56,OUT045,3024.6670156936334
FDH09,OUT018,784.2454549214272
FDA52,OUT019,872.9906438675338
FDF20,OUT019,1295.1812394960498
FDE40,OUT046,976.2274726659144
NCU17,OUT046,1604.1806432798999
NCP14,OUT035,1809.9950519475283
FDN25,OUT027,2413.5605067315205
FDU39,OUT049,1107.9558401853096
NCM05,OUT017,4279.031590209799
FDU07,OUT017,2542.7948638439225
FDF28,OUT049,2116.8357750070404
FDR57,OUT049,2640.0862205818485
FDJ33,OUT013,2010.0464396113946
DRH23,OUT035,1050.162267863456
FDQ52,OUT046,3919.5099738808644
DRK13,OUT035,3245.8490787343144
FDP09,OUT046,3369.444946203199
FDR08,OUT027,3270.445495970685
FDV50,OUT045,1853.3948735187369
FDT13,OUT049,3164.1737980593457
FDJ27,OUT027,3092.59692821946
FDH21,OUT046,2710.4874748592943
FDW14,OUT027,2848.7794246439566
FDL52,OUT049,764.5636520718544
FDW28,OUT017,3212.9587694944385
FDL40,OUT049,1670.7034041013312
FDE24,OUT046,2284.8188173791186
FDX35,OUT049,3725.0284719368897
FDP46,OUT017,1542.7513981532127
FDX56,OUT045,3249.1055507662863
FDQ45,OUT049,3057.0551494002825
FDK50,OUT027,4067.352088130367
FDY26,OUT045,3252.057663374789
FDQ09,OUT017,1948.9571552413481
FDN39,OUT049,2821.3269580331607
FDP13,OUT017,830.6846345944866
FDR51,OUT013,2428.9493760365776
FDZ49,OUT010,1572.5322873123564
FDL28,OUT018,3356.0396500575976
FDZ10,OUT035,2166.8929299259803
FDK38,OUT013,2441.557514352702
DRL49,OUT027,3716.8242107863225
FDR15,OUT013,2506.8011494523344
FDQ24,OUT035,4140.6390097040785
FDD56,OUT013,2882.882989405067
NCR42,OUT046,532.1698298729734
FDH52,OUT045,969.4269305761327
FDH57,OUT019,245.7934239635681
FDR15,OUT010,613.5240282332613
FDJ34,OUT035,2152.714350726734
FDW37,OUT035,1675.2509203336017
FDQ23,OUT018,1389.8198474876967
FDP34,OUT013,2545.939095737741
FDE04,OUT027,4325.4331308090295
FDC48,OUT045,1275.110231958829
FDA47,OUT019,684.3987119490182
FDI35,OUT018,2626.2581934231403
NCV05,OUT013,2517.806013141272
FDR28,OUT045,2507.9070048031817
FDH31,OUT017,1727.4753332993714
FDP59,OUT019,0.0
FDS19,OUT018,1021.449592887358
FDM60,OUT045,650.4192403524976
FDJ44,OUT018,2519.873166955173
DRH51,OUT017,1501.6471649975401
DRC25,OUT017,1472.2134255133944
DRE25,OUT013,1520.2879753677441
NCX05,OUT049,1930.1664032870324
FDR11,OUT017,2639.5193181436266
DRP47,OUT045,3879.27720183288
DRC49,OUT019,370.23614032199976
FDQ47,OUT027,2081.2398525686963
FDL20,OUT013,1861.4763930704553
FDM34,OUT035,2246.149283160621
NCN55,OUT013,3797.2926812975065
FDD41,OUT035,1815.0472417347537
FDE52,OUT049,1534.2477387753006
NCT18,OUT019,907.5392324352921
FDJ32,OUT018,760.2936562551499
FDE16,OUT046,3330.013735148863
FDZ09,OUT045,2525.9915248150364
DRZ11,OUT046,1953.3483104237027
FDK41,OUT049,1482.6276645368785
FDE56,OUT049,1142.508380266555
FDH34,OUT013,2997.987753332347
DRI49,OUT013,1307.3844963156055
DRI59,OUT046,3562.829995954586
DRC36,OUT049,2844.874384532984
FDS15,OUT019,0.0
FDI07,OUT018,2863.2523900295428
FDZ15,OUT018,1605.3336045760936
NCX41,OUT027,4797.521850080119
NCO29,OUT019,744.4628805525199
FDF57,OUT013,2762.4537237759664
FDI33,OUT035,1629.7490144738308
DRJ47,OUT049,2838.3061046686043
FDB34,OUT046,1415.6964338287962
FDY22,OUT027,3727.798071131879
DRL11,OUT017,2632.7759809773015
FDY46,OUT035,3150.062145155026
FDG17,OUT013,3871.6333243478175
FDE52,OUT018,1134.6311507925966
DRP47,OUT027,5411.40904563641
FDO01,OUT010,173.16334831966287
FDL09,OUT046,2695.1235373341606
FDR57,OUT013,2558.2796686543834
DRD37,OUT035,939.4831415921595
FDQ36,OUT027,2119.348647806338
FDL33,OUT049,3218.0247037394965
FDL48,OUT045,779.5465056667033
FDL28,OUT049,3743.238306462403
NCN29,OUT046,800.1557164619594
FDO13,OUT035,2816.8937654573997
FDB38,OUT045,2559.0353756533905
FDI36,OUT035,3279.6754500784496
FDI58,OUT035,1629.7132136192272
FDH22,OUT018,1781.3618074056244
FDQ27,OUT013,1752.297631189318
FDT33,OUT046,2656.655043367753
FDC56,OUT045,1882.4106059694832
FDF14,OUT046,2521.271270213065
FDQ39,OUT017,3178.0071225475363
NCM43,OUT017,2712.9213374132214
FDS46,OUT035,2080.3801428667452
FDI22,OUT049,3385.5935954907336
NCE43,OUT045,2595.9910891561967
FDZ36,OUT010,1057.187730127117
FDR13,OUT019,14.810864270470802
FDP46,OUT018,1176.4201267126282
FDW56,OUT019,1188.7526347197581
FDB40,OUT017,2407.484221078625
FDM28,OUT018,2560.6600456829096
FDV49,OUT013,4261.172757616433
NCS53,OUT018,2209.261752872373
FDO03,OUT049,3747.952746079982
FDT15,OUT035,3088.8463350142433
FDD33,OUT049,3788.3589567204413
FDX13,OUT017,4117.081815623127
FDH60,OUT013,3178.9399553633784
DRH51,OUT046,1390.202518677751
NCL07,OUT049,793.6381642952085
FDW51,OUT045,3336.9706040470455
FDF21,OUT019,1132.4804719972885
FDH26,OUT019,391.3184082487337
FDJ03,OUT049,905.5657207629516
FDU35,OUT017,1709.3448309599448
DRL01,OUT018,3368.7257259482617
FDE59,OUT045,600.2847997437813
FDI60,OUT035,1222.7708275452542
DRH39,OUT035,1395.033721477212
FDK36,OUT049,954.1037129433191
FDN52,OUT045,1294.3853848308286
FDU12,OUT017,4278.350236228172
NCT05,OUT027,5490.367699345623
FDS37,OUT027,3384.140099413015
FDK24,OUT017,900.0297628593529
DRF36,OUT013,3059.3803609668184
FDN46,OUT010,0.0
NCN06,OUT045,2467.38478984203
FDD59,OUT035,1497.1998149898561
FDM14,OUT045,1747.8087081079898
FDO10,OUT018,675.9018686685693
FDU35,OUT013,1639.0970436981233
NCA30,OUT018,2669.3045729512887
NCO41,OUT049,1670.2378885956375
FDI24,OUT046,2814.574803251041
FDZ16,OUT046,3034.0926676177496
FDV47,OUT046,1373.451112484434
FDV16,OUT045,522.0823939491619
FDZ22,OUT035,1486.6579290197433
FDO20,OUT010,2117.261602721409
FDW38,OUT013,910.6184299565632
FDW52,OUT045,2538.971895989665
FDT43,OUT019,0.0
NCS29,OUT045,4099.288414307284
NCC31,OUT017,2538.8547920694464
FDA21,OUT017,3083.760286938975
FDQ55,OUT046,1926.8089314638078
NCE54,OUT049,1305.7757230491652
FDD45,OUT017,1663.9491873559907
NCP17,OUT017,1153.9556636288312
FDR47,OUT035,3229.431964916267
DRM35,OUT013,2850.1645811944136
FDR47,OUT019,1196.4476564459947
FDX19,OUT010,1822.1702879438303
FDV22,OUT027,3956.583368102551
FDQ46,OUT027,3238.7416061671306
DRO47,OUT045,1728.816758878296
FDB44,OUT010,1483.0679338435873
FDN02,OUT010,1375.5726416952434
FDW10,OUT045,2710.5401535138685
FDJ41,OUT019,2247.4637761368112
FDM50,OUT046,1018.1627571472551
FDW10,OUT035,2962.947700832383
FDY48,OUT049,1775.2221033087085
NCE30,OUT027,4778.831489632412
FDO04,OUT045,870.5547775537967
FDQ26,OUT010,0.0
NCX29,OUT018,2041.9667215091379
FDE39,OUT046,1866.673260541108
NCR54,OUT027,4497.353052139657
NCP55,OUT027,2381.8429340404455
FDX22,OUT017,3465.7641556561875
FDI05,OUT035,1334.6096371199828
FDC51,OUT027,3430.866491651039
FDC10,OUT013,1949.606073152207
FDJ46,OUT045,2711.587893784674
FDV10,OUT010,0.0
FDX12,OUT027,5311.343260402533
FDL43,OUT019,0.0
DRB13,OUT046,2992.589001053654
FDF59,OUT027,3538.917919518588
FDT35,OUT049,2790.369260884013
NCJ19,OUT035,1079.633608681885
FDT35,OUT018,2443.705598823346
FDI48,OUT046,854.404717180909
DRC24,OUT019,518.5255824394378
NCZ05,OUT017,1756.7711658945286
FDJ57,OUT049,3250.9018012855713
FDX11,OUT017,3017.890716545613
FDE09,OUT035,1984.5811625802867
NCK06,OUT049,1999.3246029695993
DRE37,OUT017,3094.9649188896337
FDV56,OUT046,1769.107201474138
FDY43,OUT017,2809.9442182559646
FDV35,OUT013,2493.773421902294
FDF05,OUT019,2232.71471048038
FDA36,OUT035,3089.884476470217
FDS13,OUT027,5637.9469014406
FDU47,OUT013,2314.9881694729825
FDI36,OUT010,1209.6019115724177
FDH48,OUT046,1426.3028842061358
FDZ14,OUT013,1954.018499698194
FDS46,OUT013,1983.4263695539069
FDE21,OUT017,2054.6678347826974
FDA26,OUT049,3556.3692819381945
FDV12,OUT046,1636.1993962045299
FDL46,OUT019,0.0
FDN57,OUT013,2323.7069178958645
NCJ18,OUT017,1936.6506154186413
FDO36,OUT045,2803.766658146382
FDX55,OUT018,3192.146320011648
FDT25,OUT019,123.87499105076904
FDD16,OUT049,1316.3459231561962
NCX18,OUT013,3113.830114086611
NCG55,OUT018,1531.0244792535568
NCV18,OUT049,1404.850382927979
NCS18,OUT035,1843.6635999921082
FDC37,OUT045,1682.0641895233862
FDE47,OUT046,2033.8311254097862
DRG49,OUT019,1958.2071693874473
FDC39,OUT049,3328.8791961266465
FDH24,OUT019,666.7396296103107
FDV39,OUT027,4630.952012829077
NCL17,OUT045,2206.263045768788
NCY53,OUT035,1958.7198832052763
FDH52,OUT013,1071.9339881392477
NCD19,OUT018,588.2313819735999
FDI44,OUT046,1290.488412417789
DRD49,OUT027,5173.723944525782
FDN08,OUT035,2100.4424563890398
FDO20,OUT027,5481.186648764278
FDY02,OUT046,4099.464597270023
FDX23,OUT045,1470.0476668180859
FDX01,OUT017,2019.6351733716083
FDH20,OUT027,3069.29677001091
NCX41,OUT017,3458.597903530304
FDD21,OUT027,3357.4536841602753
DRH11,OUT019,0.0
DRE60,OUT018,3253.5895905876787
FDB10,OUT013,3788.579734803254
FDH38,OUT013,1977.7277113566306
NCL07,OUT018,367.5210011884901
FDD48,OUT046,1853.1656103770467
NCT54,OUT027,2913.2855694077275
FDF32,OUT027,4649.563717048413
DRH51,OUT045,1349.1258591797323
DRG03,OUT035,2618.6065270437357
NCY42,OUT019,357.1986052211503
FDH32,OUT017,1688.266045720633
NCJ06,OUT027,3353.333750823773
FDH47,OUT027,3042.7949095397084
FDZ08,OUT018,1098.0351598004117
FDK16,OUT017,1633.4140661758768
DRG01,OUT018,945.3448207364684
NCM53,OUT027,3137.893195489045
NCB07,OUT035,3227.8869102361805
NCZ06,OUT035,4100.762812347233
FDU48,OUT049,2211.5801197001965
NCB55,OUT027,2374.141280635296
FDP15,OUT013,4130.850574913506
FDF17,OUT046,3106.1753123044537
NCN06,OUT049,2675.050026495248
DRM48,OUT018,346.21334831341665
FDH10,OUT046,3053.0425585806265
FDC60,OUT018,1164.5742260189777
FDE35,OUT018,731.3971622423551
DRI23,OUT013,2604.9057308127185
NCR38,OUT013,3989.4113933280332
FDP04,OUT035,1174.3807949392735
NCW17,OUT045,2016.1869268979688
FDX34,OUT017,2069.817053032525
NCK53,OUT045,1511.5551605857897
NCO54,OUT010,0.0
NCH55,OUT046,2005.9616381122814
FDT44,OUT027,3374.4002925581335
DRG49,OUT046,3819.1476404725618
FDX46,OUT010,0.0
DRG36,OUT049,2785.941885479898
FDU37,OUT049,1454.107491407025
FDK10,OUT049,2994.123689219737
DRF37,OUT027,5553.792102101357
FDC44,OUT035,1985.5916097118075
FDP15,OUT046,4088.1176580271176
FDZ27,OUT027,2256.5301199069354
FDY22,OUT019,363.17162386534756
DRG51,OUT035,2790.52426925768
FDN58,OUT045,3632.5437840378077
FDW01,OUT049,2599.214152801824
FDX24,OUT018,1266.9954742833409
FDO51,OUT017,854.7976830740516
FDJ52,OUT027,4023.201372466833
NCY06,OUT010,117.53669313944465
FDE20,OUT018,2459.5261365010047
FDT23,OUT010,0.0
FDQ51,OUT046,857.7538012087975
FDE35,OUT046,1036.0267180517121
FDB46,OUT013,3397.0901480753423
NCG19,OUT035,3777.8972200304634
NCL06,OUT018,3795.6350346166823
FDT36,OUT019,0.0
FDC56,OUT049,2083.8482247868715
FDJ26,OUT049,3539.7722577069762
FDZ59,OUT017,2797.0224076667037
FDV11,OUT027,4273.815656680966
FDR13,OUT010,0.0
FDI15,OUT018,3840.9877207806894
FDF47,OUT018,3296.5550219916245
NCB54,OUT019,165.51803301385166
NCK19,OUT027,4479.958440071447
FDX16,OUT017,2509.7043002695455
FDL50,OUT045,2000.6146321422284
NCE31,OUT035,689.2862811465394
DRJ01,OUT049,2642.3666588119954
FDE22,OUT013,2598.6699151113007
FDY20,OUT019,0.0
NCO14,OUT045,650.2712567469224
NCR50,OUT017,2491.181734329057
DRM47,OUT017,3144.0583244991385
FDO27,OUT010,0.0
FDJ20,OUT027,3494.705847695374
NCX17,OUT013,3725.8966445997416
FDG59,OUT049,773.5150165594889
FDD52,OUT045,1627.2295853540872
FDO48,OUT017,3645.6850544012063
FDC59,OUT019,0.0
FDS15,OUT018,1485.2869536693695
FDB47,OUT035,3484.656071033139
FDV14,OUT019,0.0
FDB27,OUT013,3101.62679499328
FDA35,OUT035,2156.5929588728486
FDN51,OUT018,3884.6669690263134
FDO39,OUT019,989.1597827657223
FDB28,OUT049,3197.738628785203
DRJ25,OUT046,794.8332534544991
FDH46,OUT027,3083.1601360931254
FDI10,OUT045,2676.4100459390934
FDU21,OUT018,294.3618840412789
FDD09,OUT049,3018.4661024995053
FDD10,OUT046,2860.3705147953247
FDN31,OUT010,1167.0262309797713
FDA46,OUT018,2834.9189267762417
FDM56,OUT046,1788.8680153322878
FDF11,OUT010,1924.1075039536834
FDS32,OUT018,2017.741192211352
NCM06,OUT013,2426.727227350056
FDZ26,OUT045,3671.8251310458463
FDO01,OUT013,2155.1778858093185
FDJ46,OUT049,2883.423671121652
FDG26,OUT019,2221.021582019313
FDZ38,OUT035,2890.704532472732
NCO55,OUT013,1702.758998798796
FDT60,OUT035,2149.9905384640856
FDW37,OUT049,1616.4750040739382
NCK42,OUT018,3092.668079604731
FDA45,OUT046,2779.759526841925
FDW55,OUT018,3743.0278225074762
FDY44,OUT017,3271.333031642284
FDQ31,OUT017,1551.2950958325623
FDM09,OUT049,2822.5716989836897
FDH12,OUT018,1435.8818468817651
NCQ43,OUT035,1886.5076197239614
FDT33,OUT035,2810.388198112626
NCT41,OUT018,2113.353119965632
DRJ25,OUT010,0.0
NCQ41,OUT046,3118.703946644435
NCN17,OUT049,1718.0879205310441
DRO35,OUT027,3347.63376748042
FDU27,OUT018,541.6808536291937
FDY43,OUT027,4186.301957693984
FDG46,OUT035,2015.562988479906
DRL49,OUT018,2003.7050215776262
NCB55,OUT049,1002.9452179674597
FDK28,OUT049,4186.451851357595
FDO49,OUT045,793.9393916679643
FDT03,OUT013,2961.578010687257
FDW33,OUT027,3137.9970980676944
FDR02,OUT035,1895.5368918182076
FDF50,OUT013,3211.5081202407714
FDA40,OUT018,1146.7230568007267
NCT53,OUT018,2342.8386942730176
FDY60,OUT035,2438.7837988307565
FDP44,OUT027,3154.2156518501265
NCQ50,OUT045,3284.019453946716
NCC30,OUT017,2900.8548053595596
FDQ60,OUT018,1670.8671350078112
FDG41,OUT046,1747.232125294936
FDQ03,OUT046,3771.3981659116466
FDM03,OUT045,1664.9613552710816
FDZ51,OUT018,1259.9574483638862
DRF51,OUT035,781.9884456125684
FDF39,OUT017,4211.003568304006
FDW52,OUT035,2739.9874677327134
FDY22,OUT049,2409.5664693496688
FDG14,OUT013,2473.674854591879
FDA57,OUT017,791.9804655413755
FDL45,OUT019,141.44928824631938
FDX28,OUT046,1557.455544074062
NCQ54,OUT013,2704.271444703316
FDH40,OUT045,1227.8515153499766
FDU52,OUT035,2643.453711780152
FDT60,OUT010,81.40836364307506
FDK08,OUT045,1582.6894362676128
FDN04,OUT049,2949.8942354774827
FDE50,OUT013,3061.571281160114
FDI16,OUT049,933.7313286569952
FDM50,OUT049,1151.7102684430126
NCV30,OUT049,1087.1456823183498
FDT44,OUT013,1938.6257245559532
FDY60,OUT013,2379.193813229296
FDT56,OUT017,1120.2956606910443
FDV58,OUT018,2811.454673439246
FDU04,OUT013,2010.292787037032
NCN05,OUT027,4384.98181570174
FDI53,OUT018,2275.2317402456088
FDD34,OUT046,2628.900912756888
FDW47,OUT027,3463.44087556934
FDT51,OUT027,3277.509275217248
FDO27,OUT013,1591.923793038425
NCQ18,OUT018,1308.7628023313034
NCW05,OUT013,1765.103408653311
FDI15,OUT010,2211.893046866072
NCH43,OUT010,1475.7198294161108
FDT40,OUT049,2100.9350688482714
NCG19,OUT017,3726.2109260911234
NCM30,OUT035,795.7824386014598
FDB38,OUT017,2674.2366620126845
FDB22,OUT046,2452.343121577143
FDC58,OUT046,751.5241835820633
NCI29,OUT013,2275.249003577915
FDA23,OUT010,0.0
DRG48,OUT013,2318.683920436961
FDV21,OUT013,2026.0906984626147
NCG18,OUT019,0.0
FDG40,OUT045,520.8216038720491
FDU24,OUT018,1258.9125861269547
FDA22,OUT049,2779.0168896358377
FDY35,OUT046,811.882059456559
FDJ15,OUT045,2805.466888893602
NCW18,OUT018,3432.3355181190936
FDK56,OUT018,2760.738010806449
FDF44,OUT046,2169.117880651462
FDP51,OUT049,2043.2972696599973
FDU22,OUT027,3327.223126424321
FDM28,OUT017,2933.2275102065432
NCL42,OUT046,3825.1832571490577
FDJ15,OUT019,1018.0847294903739
FDI32,OUT018,1577.231076091029
DRL11,OUT046,2541.520646368609
DRO59,OUT018,959.165891527323
FDA07,OUT019,137.98415945469264
NCO53,OUT013,2896.1743128468815
FDO21,OUT045,3504.775823789284
FDW39,OUT045,2793.229739982385
NCV17,OUT013,2124.9401389743603
FDE22,OUT046,2534.108126847908
NCB06,OUT018,2236.052937094397
DRF48,OUT017,3032.6568555252798
FDB05,OUT013,3941.2907353265286
FDP28,OUT027,5536.6284757672365
FDP23,OUT046,3506.0133927532115
NCS41,OUT018,2617.6231168656714
FDS40,OUT018,379.7088251995515
FDA16,OUT017,3577.9115268048963
FDN20,OUT035,2860.75639603137
FDF04,OUT027,5533.788046473559
DRG36,OUT018,2404.9561473205104
FDW16,OUT018,1228.8513498894138
FDU09,OUT017,1011.8862261785581
FDW01,OUT046,2502.6798801402483
FDB15,OUT045,4070.690790645532
NCJ17,OUT049,1472.7170519664087
NCT18,OUT018,2593.4858964617542
FDG16,OUT018,3106.0272792491533
FDP27,OUT017,3161.0775149716665
FDQ44,OUT027,3449.2881615150127
FDL50,OUT027,3510.8263925273573
FDW57,OUT027,4285.160803032644
FDS34,OUT013,1876.4556140104498
NCV30,OUT035,1116.3215185253555
FDD26,OUT018,2709.0791902962956
FDA03,OUT045,2251.097913525879
FDS27,OUT018,2860.4144573506073
FDM12,OUT013,3033.140196785219
NCV42,OUT027,3189.466727853999
NCS41,OUT046,2920.6957461572047
FDN56,OUT018,2042.3143146001712
DRK59,OUT046,3689.6753490696146
NCG18,OUT046,1633.3514582238506
NCN26,OUT017,1951.6031703237422
FDI60,OUT027,2511.721648523788
NCI43,OUT049,899.6152121914054
NCL17,OUT049,2373.4436440924046
FDQ19,OUT019,2026.6912126809548
FDY43,OUT049,2798.1391865574224
FDR36,OUT049,835.7853855098351
FDJ58,OUT049,2839.2719637714863
DRY23,OUT045,642.0405381012679
FDK26,OUT027,4478.183412936733
DRH03,OUT045,1463.6447983205737
FDC10,OUT010,6.327487708819945
FDD23,OUT013,3030.3185710910084
FDP32,OUT045,2007.2825635186896
FDO31,OUT035,1507.9397948867004
FDQ57,OUT013,2352.698393393811
FDX32,OUT027,3788.0392966316936
FDC39,OUT027,4695.287375651857
FDU55,OUT046,4182.45157013596
FDL45,OUT013,2022.3979026849784
DRK37,OUT049,3079.267934855792
FDK22,OUT013,3455.506416446086
DRG37,OUT027,3921.5126542611483
FDK22,OUT017,3513.361637819938
DRH36,OUT018,900.7936854858933
DRC36,OUT018,2463.911786852684
DRE03,OUT027,2227.8822503667616
FDF34,OUT046,3139.7262518806333
FDZ22,OUT046,1346.9367242617132
FDC44,OUT010,0.0
FDN31,OUT027,4483.780788790593
FDO03,OUT017,3764.4745586347995
FDA01,OUT049,1130.0361911019047
NCH42,OUT049,3719.7170996891455
FDF46,OUT018,1588.5698759946617
DRL35,OUT046,739.9678861524296
FDW46,OUT049,1148.1543972335076
FDB58,OUT046,2274.2892494227995
FDD47,OUT018,2439.2584722089878
NCO17,OUT045,1826.3491110699283
FDJ26,OUT017,3545.4231640526095
FDU37,OUT045,1268.2406056850946
